title	publish_year	description
敏捷软件开发	2003	在本书中，享誉全球的软件开发专家和软件工程大师Robert C.Martin将向您展示如何解决软件开发人员、项目经理及软件项目领导们所面临的最棘手的问题。这本综合性、实用性...
应用Rails进行敏捷Web开发	2006	"这是第一本关于Ruby on Rails的著作。
全书主要内容分为两大部分。在“构建应用程序”部分中，读者将看到一个完整的“在线购书网站” 示例。在演示的过程中，作者真实..."
用户故事与敏捷方法	2010	《用户故事与敏捷方法》详细介绍了用户故事与敏捷开发方法的结合，诠释了用户故事的重要价值，用户故事的实践过程，良好用户故事编写准则，如何搜集和整理用户故事，如...
敏捷估计与规划	2007	《敏捷估计与规划》一书为对敏捷项目进行估计与规划提供了权威实际的指导方针。在本书中，敏捷联盟的共同创始人Mike Cohn讨论了敏捷估计与规划的思想，并使用现实的例子...
Web开发敏捷之道	2007	《Web开发敏捷之道:应用Rails进行敏捷Web开发(第2版)》内容简介：全书主要分为两大部分。在“构建应用程序”部分中，读者将看到一个完整的“在线购书网站”示例。在随后...
Scrum敏捷项目管理	2007	《Scrum敏捷项目管理》探索Scrum的每一方面，包括科学原理、全新的项目角色及责任、ScrumMaster、产品负责人、如何有效管理未知因素和不断变化的产品需求、如何结束混乱...
Scrum敏捷软件开发	2010	《Scrum敏捷软件开发》是敏捷联盟及Scrum联盟创始人之一、敏捷估算及计划的鼻祖Mike　Cohn三大经典著作中影响最为深厚的扛鼎之作，也是全球敏捷社区中获得广泛肯定的企...
敏捷革命：提升个人创造力与企业效率的全新协作模式	2017	"有一种神奇的项目管理方法：
张小龙用它来开发QQ邮箱，管理微信团队；
京东、华为、中兴都在进行内部学习；
HBO的热剧《硅谷》将它搬上荧幕
通用电气利用它加速实现了“..."
敏捷软件开发（影印版）	2003	"敏捷软件开发2003Jolt大奖
    ·软件开发和管理人员必读经典
    ·《Refactoring》作者Martin Fowler全力推荐
    ·原汁原味，零距离领悟大师思想精髓"
敏捷软件开发	2008	《敏捷软件开发:原则模式和实践(C#版)》不仅是一部深入浅出、生动易懂的面向对象原则与设计模式著作。而且还是一部通俗的敏捷方法导引书和快速实用的LJML教程。通过《敏...
敏捷开发的艺术	2009	本书为那些正在考虑应用敏捷开发来构建有价值软件的人们提供了实用的指导。现在已经有大量的书籍描述敏捷开发是什么或者为什么它能帮助软件项目成功，但很少有哪一本书...
Web开发敏捷之道	2010	"全书主要分为两大部分。在“构建应用程序”部分中，读者将看到一个完整的“在线购书网站”示例。在随后的“Rails框架”部分中，作者深入介绍了Rails框架的各个组件。
除..."
敏捷无敌	2009	《敏捷无敌》全书以别出心裁的形式，描述了工程师阿捷从求职到得到知名外企的Offer，继而通过坚韧的努力，在“敏捷圣贤”的帮助下，在项目开发中从无到有学习并应用“敏...
敏捷软件测试	2010	《敏捷软件测试:测试人员与敏捷团队的实践指南》内容简介：测试是敏捷开发的关键组成部分。敏捷方法的广泛应用使人们开始关注如何有效测试，同时敏捷项目改变了测试人员...
敏捷软件开发	2008	《敏捷软件开发原则、模式与实践》(英文注释版)中，享誉全球的软件开发专家和软件工程大师Robert C. Martin深入而生动地使用真实案例讲解了面向对象基本原则、重要的设...
敏捷项目管理	2005	又名: Agile Project Management: Creating Innovative Products这本书的目标读者群是项目经理，即那些带领团队穿越那令人激动但往往又凌乱不堪的流程、将构想转化为产...
敏捷武士	2012	"内容简介：
在激烈竞争和充满无限可能的今天，响应变化的能力已成为组织的核心生存能力。因此，敏捷对于软件开发组织是一个必然的选择，而非一个可有可无选项。但如何正..."
敏捷迭代开发	2004	对于迭代开发，著名的方法大师Craig Larman通过统计意义上的重要研究，以及大规模的项目案例分析，为读者呈现了最具有说服力的观点。Larman简要而又涵盖大量信息的总结...
敏捷软件开发	2008	本书提示了敏捷软件开发的真正内涵。全书以“软件是创造和沟通的合作博弈”为中心向读者展示一个看待软件开发的崭新视角。全书共13章，包括创造和沟通的合作博弈、个人...
Web开发敏捷之道	2012	本书第1版曾荣获Jolt大奖“最佳技术图书”奖。在前3版的内容架构基础上，第4版增加了关于Rails中新特性和最佳实践的内容。本书从逐步创建一个真正的应用程序开始，然后...
敏捷技能修炼	2012	《敏捷技能修炼：敏捷软件开发与设计的最佳实践》的4位作者都是世界顶级的软件开发专家和敏捷导师，都有数十年的软件行业从业经验，其中3位曾荣获Jolt大奖。本书是敏捷...
敏捷软件开发	2010	要想成为一名优秀的软件开发人员，需要熟练应用编程语言和开发工具，更重要的是能够领悟优美代码背后的原则和前人总结的经验——这正是本书的主题。本书凝聚了世界级软...
敏捷建模:极限编程和统一过程的有效实践	2003	本书将软件制造业与传统建筑业相比
敏捷教练	2013	《敏捷教练：如何打造优秀的敏捷团队》取材于国际知名敏捷教练的真实经历，展示了他们在辅导团队进行敏捷实践过程中所积累的辅导技巧，凝聚着他们在对敏捷辅导的真知灼...
当用户体验设计遇上敏捷	2013	《当用户体验设计遇上敏捷》分为三个部分：第一部分介绍了什么是敏捷。即使读者对敏捷完全了解，仍旧值得读一读这部分内容；第二部分介绍了项目过程，并探究敏捷框架中...
敏捷项目管理	2010	《敏捷项目管理(第2版)》内容简介：如今，项目管理的步伐越来越快。项目管理需要更灵活、更积极地，向应客户的需求。使用敏捷项目管理方法，项目经理可以在不影响价值、...
Scrum敏捷项目管理实战	2009	《Scrum敏捷项目管理实战》共3部分，由9章5个附录组成。第1-3章描述Scrum采用方案。第4章和第5章针对阻碍Scrum方法推广的成规陋习提出看法，并介绍某些企业的应对之策。...
敏捷软件开发工具	2004	
Scrum敏捷产品管理	2013	通过《Scrum敏捷产品管理:打造用户喜爱的产品》我们可以在业内知名顾问Roman Pichler的引导下，通过实际案例来理解什么是产品负责人，如何在Scrum敏捷环境中打造用户喜...
敏捷数据科学	2014	《敏捷数据科学：用Hadoop创建数据分析应用》面向大数据挖掘，以敏捷视角呈现高效构建数据模型的全程实践和思路。在一组以一个真实电子邮箱数据挖掘为例的数据-价值金字...
敏捷数据	2006	本书作者在数据及对象技术方面都有很深造诣，多年的经验使他深刻地认识到：数据专业人员常常过于专注数据而忽视对象开发人员所面临的困难；而对象开发人员又没有或有很...
HTML5敏捷实践	2013	HTML5敏捷实践》共分10章，包括了HTML5中的语义化、新的样式、多媒体支持、新的图形实现方式、更易用交互功能、浏览器客户端存储、地理定位、Web Worker API、Node.js ...
敏捷软件开发	2004	如果说，本书是关于技术和系统开发工作管理的最重要的著作，也许会有争议；但本书确实描述了如何使用貌似简单、实则精妙无比的Scrum过程快速地构建系统。通过本书，读者...
敏捷回顾	2012	《敏捷回顾:团队从优秀到卓越之道》结合实际案例，深入阐述了敏捷回顾的基本理论和可操作性的工具、方法及流程，以帮助团队在每个迭代中检查在项目中哪些事情做得对、哪...
Ruby on Rails敏捷开发最佳实践	2008	《Ruby on Rails敏捷开发最佳实践》适用于正在使用Ruby On Rails进行应用开发的开发人员、渴望了解Ruby On Rails框架的开发人员，尤其适合有初步的Java EE开发经验，想...
JAVA敏捷开发	2007	《Java敏捷开发:使用Spring、Hibernate和Eclipse》介绍了一种将极限编程（XP）、敏捷模型驱动、重构等方法相结合的敏捷软件开发过程和软件开发需要的3种重要的技术。全...
敏捷用户体验设计	2014	这是一本关于敏捷用户体验的专著，由资深用户体验设计专家撰写，不仅系统且深入地阐释将敏捷方法用于用户体验设计的工具、方法、原则和最佳实践，而且对各种常见的问题...
SCRUM敏捷项目管理	2007	The rules and practices for Scrum--a simple process for managing complex projects--are few, straightforward,and easy to learn. But Scrum's simplicity itself-...
敏捷软件开发	2003	
敏捷软件开发	2013	Robert C. Martin、Micah Martin编著的《敏捷软件开发》中深入而生动地使用真实案例讲解了面向对象设计的基本原则、重要的设计模式、UML和敏捷方法。第一部分，从敏捷开...
如何构建敏捷项目管理团队	2012	《敏捷项目管理系列丛书•PMI-ACPSM考试指定教材•如何构建敏捷项目管理团队:ScrumMaster、敏捷教练与项目经理的实用指南》结合作者的亲身经历告诉读者如何建立一个...
平衡敏捷与规范	2005	如何取得敏捷方法与规范方法的平衡，这是一个困扰着无数软件从业人员的大问题。本书针对这一现状，直接切入有效的核心概念，为定义平衡的软件开发策略提出了建设性方案...
软件项目管理与敏捷方法	2010	《软件项目管理与敏捷方法》介绍单个敏捷实践与其他敏捷实践之间的联系，同时讲解制定实施策略的技巧。本书涉及的敏捷模式，不只是作者的个人意见，也不是从未试过的新...
敏捷开发艺术	2008	《敏捷开发艺术(影印版)》是讲解如何利用敏捷开发方法构建高价值软件的实用指南，描述了什么是敏捷开发，以及为什么它能帮助软件项目获得成功的原因。该书还将开发者、...
敏捷开发一千零一夜	2013	本书以多位作者的亲身经历，再现真实的敏捷实施过程，描述各个企业在实施敏捷的过程中，遇到的种种问题、解决的思路及最终得到的经验与教训。这本案例集从不同的视角，...
敏捷软件需求：团队、项目群与企业级的精益需求实践	2015	《敏捷软件需求：团队、项目群与企业级的精益需求实践》全面介绍了如何在敏捷环境中管理软件需求，全书共四部分24章。第I部分提出企业的敏捷需求全景图，针对项目团队、...
Visual Studio Team System更佳敏捷软件开发	2009	"VSTS赋予了微软开发团队一个强大、整合的工具集来进行敏捷开发。本书将为在现实工作里的敏捷开发环境中实现VSTS提供全面、透彻的指导。
通过整本书的案例研究，作者向我..."
可伸缩敏捷开发	2009	《可伸缩敏捷开发:企业级最佳实践》简体中文版由电子工业出版社和Pearson Education 培生教育出版亚洲有限公司合作出版。未经出版者预先书面许可，不得以任何方式复制或...
敏捷Acegi、CAS	2007	本书是关于Acegi、CAS的权威教程，是Java／Java EE安全性开发者的必备参考书。无论是Java EE安全性编程模型的背景和基础知识，还是Acegi、CAS本身，还是有关Acegi、CAS...
精益－敏捷项目管理	2012	精益·敏捷项目管理：实现企业级敏捷，ISBN：9787121152795，作者：（美）沙洛维，（美）比弗，（美）特罗特 著，王雪露 译
构筑敏捷的开发团队	2010	《构筑敏捷的开发团队:微软Visual Studio 2010实战兵法》介绍了敏捷开发团队依托Visual Studio 2010、采用Scrum／XP等敏捷过程模型方法从各个方面组织开发其项目的过程...
敏捷思维	2015	"在移动互联网和大数据的时代浪潮中，各行各业都面临着生存难题和思维挑战。
本书基于IBM敏捷转型成功实践，介绍IT企业产品和项目的全生命周期中管理、研发、测试的敏捷..."
敏捷持续集成	2008	《开源技术专家·敏捷持续集成(CruiseControl版):高效研发之道》主要内容：在并重“理论与实践”思想的指引下，作者踏上了持续集成及CruiseControl的写作行程。全书共分...
敏捷迭代开发管理者指南	2006	敏捷迭代开发管理者指南（英文版），ISBN：9787111184836，作者：（美）拉曼 著，
敏捷项目管理	2010	敏捷开发方法流行于那些发现传统瀑布法无法适应这个由改变、革新而驱动的世界的要求的企业。既然敏捷开发过程带来更好的结果，那么也能将这个方法应用于整个IT投资组合...
敏捷软件开发实践 估算与计划	2016	《敏捷软件开发实践 估算与计划》中讲述的方法采用，你将获得敏捷估算工具，帮助你从始至终保持敏捷、节省时间、充分利用资源并且完成更多工作。
敏捷软件开发	2007	"本书是国际知名软件开发专家Alistair Cockburn通过采访项目开发组和总结自己20多年的开发和管理经验，撰写的一本介绍软件开发新思想——敏捷软件开发方法学的著作。
　..."
21世纪企业竞争前沿--大规模定制模式下的敏捷产品开发	2000	产品的大规模定制本书将向企业介绍
软件工程的敏捷管理	2004	
敏捷软件开发生态系统	2004	本书全面论述了敏捷软件开发生态系统的有关内容，阐述了变化驱动的信息时代经济的关键特征，介绍各个敏捷软件开发生态系统，提供各种类型的项目，展示了一个敏捷软件开...
敏捷性思维	2015	"一本能够帮你在这个从众的世界中打破平衡，带领团队颠覆传统企业管理模式的书。
在本书中，作者向我们展示了如何以适应性领导技巧提升整个企业的敏捷度，增强企业的适应..."
敏捷与秩序	2006	在本书中，Rational统一过程(Rational Unified process，RUP)和开放的统一过程(OperUP)的专家Per Kroll与Brucee Macisaac共同使用了20个定义明确的最佳实践，你和你的团...
敏捷软件开发（英文版）	2003	"本书是国际知名软件开发专家Alistair Cockburn通过采访项目开发组和总结自己二十多年的开发和管理经验，撰写的一本介绍软件开发新思想——Agile软件开发方法学的专著。
..."
洞悉敏捷	2015	《洞悉敏捷》客观全面地介绍了全球正在使用的各种敏捷方法的价值、原则、架构、过程和适用场景，包括敏捷方法和瀑布式方法的对比；Scrum、Kanban、XP、Crystal、FDD、Le...
大规模敏捷开发实践	2013	格鲁弗、杨、富尔格姆所著的《大规模敏捷开发实践(HP LaserJet产品线敏捷转型的成功经验)》是大规模敏捷软件开发领域的经典著作，是世界一流IT企业成功实施大规模敏捷的...
敏捷销售	2014	世界在过去十年经历的变化令人咋舌。互联网已成为生活和商业的中心，连接到互联网的移动设备日益强大、无处不在，让我们以前所未有的便捷接入互联网内容，并极大地改变...
敏捷产品——不确定性的思维革命	2016	想在移动互联网时代崭露头角，你需要读懂这一本！敏捷开发模式能够让使用者收获短的迭代周期、快的产品版本发布，也能让沟通障碍得到一定程度的缓解，从而纠正研发、测...
敏捷软件开发	2008	《敏捷软件开发:原则、模式与实践(C#版)(英文版)》旨在指导.NET程序员学习构建软件的最佳实践，从而创建更好的设计并提升.NET应用的质量。书中使用真实案例讲解如何用极...
CMMI+敏捷整合开发	2012	《CMMI+敏捷整合开发:更快改进性能的案例与实用技术》内容简介：当前，许多通过能力成熟度模型集成（cmmi）已经提高过程成熟度的企业还希望提高敏捷性。相应的，许多利...
敏捷项目管理	2006	Now, one of the field's leading experts brings together all tbe knowledge and resources yon need to use APM in your next project. Jim Highsmith shows why APM...
C#敏捷开发实践	2016	本书共分为敏捷基础、编写SOLID代码和自适应实例三大部分，将理论与实践相结合，介绍了当前使用Microsoft .NET Framework进行C#编程的最佳实践，详尽探讨了C#开发人员如...
敏捷分析	2014	《敏捷分析：价值驱动的商业智能和数据仓库系统开发》分为两部分，共10章，从架构到管理，从自动化测试到持续集成，通过丰富的工作实例，系统而深入地讲解敏捷DW/BI的基...
规范敏捷交付	2013	本书是敏捷软件开发领域的经典著作，由IBM首席敏捷方法专家、世界级敏捷软件开发大师撰写，系统深入地讲解了规范敏捷交付（DAD）的概念和原理，以及规范敏捷交付过程框...
平衡敏捷和纪律	2004	敏捷与纪律，这两个截然相反的属性，是软件开发中的互补因素。计划驱动的开发人员必须具有一定的敏捷性，而敏捷开发人员也必须具有一定的纪律性。成功的关键是找到两者...
敏捷主义 ：从技术、商业和个人视角看敏捷商业思维	-1	"敏捷和精益不只是商业流行词而已，它们是快捷、高效的方法论，你需要以此为指导，坚持不懈地变革自己的工作方法。
本书能启发和帮助你更迅速地工作、更聪明地思考，从个..."
Scrum敏捷开发高级教程	2013	《Scrum敏捷开发高级教程:使用Team Foundation Server 2010》不是一本简单的Scrum方法学的介绍书籍，也不是一本介绍TFS的工具书，而是一本融合了多方面知识的经验性书籍...
敏捷可执行需求说明：Scrum提炼及实现技术	2014	本书介绍了如何创建可执行的需求说明并使用这些规范来测试软件需求与行为。具体介绍了在Scrum框架下如何构建软件，如何将需求与架构相连，如何自动进行需求验证等内容，...
敏捷项目管理与PMI-ACP应试指南	2015	作为美国项目管理协会PMI-ACP、PMI-PBA、PgMP、PMP认证获得者，《敏捷项目管理与PMI-ACP应试指南》作者结合其多年敏捷项目管理实践经验及对PMI-ACP认证考试的透彻理解，...
Scrum敏捷游戏开发	2015	《Scrum敏捷游戏开发》凝聚作者数十年的经验，讲解了如何将Scrum敏捷方法应用于游戏开发中，介绍了如何增强团队的内部协作和外部联系。针对长远规划、进度跟踪与持续集...
ASP.NET 4.0 MVC敏捷开发给力起飞	2011	想知道网站是怎么从无到有的吗？想了解商用网站是怎么构建自己的模块吗？知或者不知，《ASP.NET 4.0 MVC敏捷开发给力起飞》就在这里，不增不减，循序渐进。你即将有机会...
学习敏捷	2017	本书以敏捷软件开发为中心，系统阐述了敏捷原则和实践的先进理念和重要意义，并分别讲解了Scrum、极限编程、精益和看板四套敏捷实践的应用。作者从开发团队的日常困境入...
敏捷项目管理	2012	《敏捷项目管理:企业级实践与案例》详细介绍了目前最流行的敏捷项目管理方法，包括Scrum、XP、Crystal和EVO，以及它们的实用技巧和应用方法，并且对如何在企业中使用提...
敏捷迭代开发:管理者指南	2013	《敏捷迭代开发（管理者指南）》是敏捷和迭代开发方法的权威指南。著名软件方法大师CraigLarman在书中不但说明什么是敏捷／迭代方法，其运作机制、实施策略以及原因，而...
敏捷项目管理决策	2012	《敏捷项目管理决策:平衡控制和敏捷性》作者曾在多个领域从事项目管理工作，在丰富实践经验基础上创作了《敏捷项目管理决策:平衡控制和敏捷性》。《敏捷项目管理决策:平...
敏捷文化	2015	"敏捷开发的兴起，迫切需要企业文化进行相应的变革和升级。本书重点描述如何利用信任与责任模型来重构敏捷文化，使企业恢复活力和创新，创造更多利润。
本书共10章5个附..."
敏捷项目管理	-1	当你进行软件开发时，你一定需要一种更快捷、更灵活的方式。《敏捷项目管理》将通过手把手的方式帮你充分发挥你手中的所有可利用工具和技术，以一种非常有效的方式管理...
敏捷开发知识体系	2013	"《敏捷开发知识体系》面向敏捷实践者学习敏捷知识和敏捷软件开发企业进行敏捷转型的需要，旨在帮助个人更快地掌握敏捷开发知识，帮助企业更好地实施敏捷转型。
中国敏捷..."
敏捷职业发展	2012	《敏捷职业发展:IBM的经验与方法》以实用的方式阐释IBM职业发展计划过程的重塑工程，其主旨是采用一种依托于企业级别通用职业框架的学习和发展方式来吸引、挽留及提高员...
敏捷创新	2016	"创新，你准备好了吗？
本书为你奉献一种革命性的方式，这种方式能帮助你实现共享、激发创新并加速成功。
想象这样一种商业文化——它以高效合作为常态，促使团队通过自..."
大数据时代的云计算敏捷红利	2013	
使大脑敏捷的速读法	1990	
敏捷制造的ERP及其决策优化	2003	敏捷制造是21世纪的制造技术。它的基于互联网“项目驱动”的生产运行模式和“动态联盟”的生产组织方式对企业资源计划——ERP提出了新的要求，并带来了一系列新的决策优...
敏捷虚拟企业	2003	《敏捷虚拟企业:21世纪领先企业的经营模式》在总结作者多年研究成果的基础上，介绍了敏捷制造出现的时代背景以及敏捷制造的内涵、特性要素和使能子系统，并重点对敏捷制...
敏捷软件开发方法与实践	2010	《敏捷软件开发方法与实践》第1章阐述了敏捷软件开发方法出现的历史背景、敏捷宣言、敏捷原则及最新动态；第2章介绍了常见的敏捷软件开发方法及其相互间的简单比较；在...
软件工程中的极限编程与敏捷过程/会议录 LNCS-4044	2006	
敏捷制造的理论.技术与实践	2000	《敏捷制造的理论.技术与实践》系统地介绍了敏捷制造的理论和为了实现敏捷制造企业所需要采用的各种技术。敏捷化竞争是具有鲜明时代特征的新的竞争形式，企业为了在敏捷...
互联网+技术融合风暴:构建平台协同战略与商业敏捷性	2015	《互联网+技术融合风暴:构建平台协同战略与商业敏捷性》编辑推荐：互联网商业模式将会成为提供客户体验的主流手段；商业竞争的基础不再是以产品为中心的金融资产，而是...
敏捷	2010	《敏捷:供应链总监的10个角色》内容简介：经济全球化，让每个企业面临着重新整合自身的核心竞争力的挑战，理解并构建供应链、把握住供应链运营的方向，就等于把握住了企...
犬敏捷运动基本教程	2010	《犬敏捷运动基本教程》的安排完全按自然的学习过程进展，涵盖了犬敏捷运动训练和比赛的各阶段、各方面。先在科学训犬的普遍原理之上按照敏捷运动的特点总结了四项原则...
勇敢敏捷的猫	2011	《你好!数学•最亲切的数学概念启蒙图画书18•量和比较:勇敢敏捷的猫》主要内容简介：“每天一卷，博览3000”是韩国儿童教育和出版机构正在进行的大型儿童阅读推广...
INCREASE YOUR BRAINPOWER 增加您的脑力-改进您的创造性记忆， 精神敏捷性	2001	Despite the enormous capacity of the human brain, we only utilise on average two per cent of our potential brainpower. There is therefore enormous potential ...
敏捷虚拟企业	2007	当今企业必须面对不断变化的环境。要适应变化的环境，重要的是从理念、结构、文化、资源配置及运行等方面打造企业——敏捷虚拟企业。本书在深入分析和讨论敏捷虚拟企业...
敏捷軟體開發	2005	
敏捷供需链管理	2001	本书系统、深入地介绍了敏捷供需链的理论、技术、系统与应用。在传统供应链思想的基础上，提出了敏捷供需链及其管理系统的概念；基于供需链中环节的共性(进行)研究，提...
敏捷物流	2004	《敏捷物流:供应链一体化的价值实现》在吸收企业物流管理、价值管理、战略管理、生产管理、营销管理、顾客服务的最新成果的基础上，从顾客价值和企业价值生成、成长以及...
敏捷制造	2004	本书主要研究以低成本和高效率快速响应市场变化的产品实现技术与制造模式。从制造设备层、制造系统层和社会制造资源层的可重构方法与技术入手，研究敏捷制造的基本理论...
最奇特最敏捷的恐龙	2010	《最奇特最敏捷的恐龙(注音版)》主要讲述了最奇特的恐龙三角龙、蛇颈龙、青岛龙、无齿翼龙，最敏捷的恐龙似鸡龙、阿垃善龙、栉龙、似柿龙。书中所涉及恐龙及其生活场景...
流程改进的敏捷性研究	1970	《THE AGILITY OF BUSINESS PROCESS IMPROVEMENT(英文版)》内容为：John Sharp is a professor of Organisational Excellence。thefounder and director of Centre of O...
深入敏捷测试	2017	Janet Gregory和Lisa Crispin此前所著的《敏捷软件测试》开创了敏捷测试学科，而《深入敏捷测试——整个敏捷团队的学习之旅》则收录了她们从那时起至今的所学所获，旨在...
Neusoft/SAPBusinessOne敏捷商务解决方案	-1	
敏捷物流	2011	《敏捷物流-理论、运作与策略》，本书由绪论、物流理论的发展、敏捷物流的运作体系、敏捷物流调运优化技术的实现、某企业的敏捷物流实施、企业敏捷物流的发展对策、总结...
供应链敏捷化研究	2010	《供应链敏捷化研究》根据“敏捷”的定义及供应链敏捷化的特征，对供应链管理的敏捷化策略、构造、信息流管理及牛鞭效应成因与控制、敏捷化绩效评价和快速诊断等问题进...
企业组织敏捷性的实现研究	2011	《企业组织敏捷性的实现研究》内容简介：敏捷性是集适时、速度、目标和利益为一体的综合体，是在不确定竞争环境中企业谋求生存与发展所必须具备的能力。《企业组织敏捷...
敏捷企业集成基础结构建设	-1	
七彩车――少儿敏捷动脑趣题	1998	
敏捷化智能制造系统的重构与控制	2003	《敏捷化智能制造系统的重构与控制》全面阐述了敏捷化智能制造系统（AIMS）的理论和方法。分两个部分：第一部分为敏捷化智能制造系统的重构，提出了敏捷化智能制造系统...
敏捷企业集成基础结构建设	2009	《敏捷企业集成基础结构建设》阐述了敏捷企业集成基础结构中的敏捷企业集成基础结构建模技术、集成基础结构内的决策问题、集成基础结构中的智能通信策略等。《敏捷企业...
敏捷才思:中学生快速作文20法	2001	
敏捷供应链中的客户知识管理	2013	
敏捷销售--重构人与销售的连接	2017	在当前新技术、新业态、新经济的社会背景下，重新剖析并基于云计算、大数据、物联网、移动互联网、移动医疗、人工智能、信息化建设等为代表性的产业，将敏捷方法论导入...
敏捷销售：从菜鸟到顶级销售的精进训练	2016	"时代持续变革，产品和服务日趋同质化。客户反感销售人员滔滔不绝推销的夸夸其谈，他们需要销售人员提供有见地的方案来解决痛点。
快速学习、及时响应、机智灵敏、把握稍..."
敏捷项目管理	2016	移动互联时代，不敏捷，你就OUT了！许秀影编著的《敏捷项目管理（基础知识与应用实务）》从敏捷思维和敏捷项目全生命期出发，详细介绍了敏捷项目管理的基础知识、框架、...
高效程序员的45个习惯	2010	"“书中‘切身感受’的内容非常有价值——通过它我们可以做到学有所思，思有所悟，悟有所行。”
——Nathaniel T. Schutta，《Ajax基础教程》作者
“此书通过常理和经验..."
管理3.0	2012	《管理3.0：培养和提升敏捷领导力》以科学为基础，结合复杂性系统理论，通过轻松诙谐的写作风格和诸多解释与隐喻，将敏捷管理的要义娓娓道来。针对管理3.0的六个视角，...
Crystal Clear	2006	"★本书系第15届Jolt大奖入围作品！
★敏捷运动领军人物、两次JOLT生产力奖得主Alistair Cockburn向你推荐成功项目的7大体系特征！
★敏捷团队通过将近10年的潜心研究及..."
Scrum精髓	2014	短短几年时间，Scrum跃升为敏捷首选方法，在全球各地得以普遍应用。针对如何用好、用巧这个看似简单的框架，本书以通俗易懂的语言、条理清晰的脉络阐述和提炼出Scrum的...
高效程序员的45个习惯（修订版）	2014	本书总结并生动地阐述了成为高效的开发人员所需具备的45 个习惯、思想观念和方法，涵盖了软件开发进程、编程和调试工作、开发者态度、项目和团队管理以及持续学习等几方...
30天软件开发	2014	"本书讲解了Scrum 敏捷软件开发方法，让你在30 天内开发出全新的软件。读完本书，你会发现用敏捷开发方法能够让软件开发事半功倍，节省人力物力，大大提高工作效率。
本..."
个体与交互	2012	对敏捷软件开发的关注重点，通常都集中在“机制”方面，即过程和工具。“敏捷宣言”认为，个体与交互的价值要高于过程和工具，但这一点很容易被遗忘。在敏捷开发中，如...
Scrum捷径	2014	Scrum作为主流的敏捷方法，因其简单易行而在软件行业迅速普及。但要想取得成效，一些重要的节点不可或缺。作者从多年的实践中，总结和梳理出30个捷径，充分说明如何才能...
笑谈软件工程	2013	《笑谈软件工程:烽烟中的敏捷》凝聚作者从事软件开发十多年来的思考与实践，从8个方面说明了如何从传统的瀑布开发过渡到敏捷开发。作者以诙谐幽默的文笔，于谈笑间揭示...
软件开发之韵	2010	《软件开发之韵:和谐敏捷、珠联璧合的开发》是一本关于推荐、推广、推崇敏捷开发的软件方法学教材，这种方法同时尊重人员与实践的软件开发的双重韵律。全书包括两部分，...
爵士乐过程	2012	《爵士乐过程:协作、创新、敏捷》主要分析了一个成功的软件开发团队应如何平衡约束机制和员工自主权之间的关系。作者通过介绍爵士乐的演奏过程，论证了这种爵士乐演奏过...
企业软件交付	2013	本书是软件交付领域的旗舰作品和权威著作，Amazon五星畅销书，是IBM杰出工程师、资深软件交付专家数十年一线工作经验的结晶，IBMRational首席软件经济学家WalkerRoyce作...
Scrum实战	2013	《Serum实战一敏捷软件项目管理与开发》为软件项目团队提供了如何成功实施敏捷软件框架Serum的实用指南。本书叙事清晰准确，是第一本由实践者编写的针对现实状况的实用...
SaaS软件工程	2016	
高级软件开发过程	2005	"本书探讨了Rational统一过程、敏捷过程与微软过程三种目前软件界最具影响力的软件开发过程各自的优势与不足，帮助软件开发企业从中进行选择。
    本书首先分析了瀑布模..."
梦之队的梦魇	2016	"敏捷开发是针对传统的瀑布开发模式的弊端而产生的一种新的开发模式，目标是提高开发效率和响应能力。本书就将为你全面呈现一场关于敏捷开发的探索历程。
全书分两个部分..."
有效的项目管理	2015	本书自出版以来畅销至今，不仅全球300多所院系使用本书，更有众多培训、咨询机构及项目经理将本书视为实用宝典。本书由既具有精深理论造诣，又具有丰富实践经验的项目管...
笑談軟體工程	2012	"導入Scrum，讓你的軟體開發人生從黑白變彩色！
●最務實的敏捷方法。從需求分析、程式開發、軟體架構、UI設計、軟體測試、持續整合 ─ 軟體工程的全新思維
●最幽默、簡..."
無瑕的程式碼	2013	本書的原文書名為《Clean Code: A Handbook of Agile Software Craftsmanship》，根據作者的說法，《無瑕的程式碼》為Jolt得獎著作《敏捷軟體開發：原則、樣式及實務》...
系统分析与设计	2015	
服务虚拟化	2015	
物流管理	2007	物流管理：精益与敏捷的方法（英文原版），ISBN：9787801696229，作者：（英）苏格兰学历管理委员会
系统分析与设计（原书第6版）	2017	
恐龙生存故事	2016	敏捷龙，三叠纪欧洲大陆上的灵活杀手，它们是凶猛的猎人，可以杀死比它们小的猎物，也可以组成群体杀死更大型的猎物，但它们真的可以横行于辽阔的大陆吗？敏捷龙的几次...
执行SOA	2009	《执行SOA:SOA实践指南》细致全面地描述了SOA，从架构视图直到实际的实现，展示了如何克服成功实施SOA的关键障碍，并确定了针对所有方面的最佳实践。《执行SOA:SOA实践...
精益和敏捷开发大型应用指南	2010	《精益和敏捷开发大型应用指南》将两种思想的精髓结合在一起，通过思考工具和组织工具解决组织实践过程中如何做和怎么做的难题。《精益和敏捷开发大型应用指南》分为两...
精益和敏捷开发大型应用实战	2011	《精益和敏捷开发大型应用实战》主要内容简介：越来越多的大型产品开发组织开始使用精益思想、敏捷原则和实践、大规模scrum开发来持续、快速地交付有价值和创新性的产品...
讓人生的終點歸零	2016	
Java游戏编程原理与实践教程	2013	《21世纪高等教育计算机规划教材:Java游戏编程原理与实践教程》从最基本的Java图形开发开始，对游戏的原理及其Java程序实现进行了详细介绍，包括动画的实现、音效的处理...
Visual C# NET开发技术原理与实践教程	2008	本书首先以实例的形式向读者展示了VisualC#.NET的编程精髓，将VisualC#.NET编程中的语法、技巧等方面的知识融在其中，由浅人深，从易到难。书中内容实例丰富、讲解清晰...
校园万花筒	2001	"我们每天实践着的事，可用一句话概括——用语言进行人际交往。一切成功与挫折，欢乐与烦恼，和谐与冲突，都与此息息相关。
    本套书交给你一把开启成功、欢乐、和谐之..."
参禅与念佛	1993	
医方囗度	2004	医方絜度　吴氏医方汇编　诊验医方歌括，ISBN：9787532371839，作者：（清）钱敏捷纂辑；王兴伊点校（清）吴杖仙著；查炜，陈守鹏点校（清）坐啸山人辑；范欣生点校
Maya 6 高效創藝	2004	過去五年來，電影特效公司如Industrial Light & Magic（ILM）、Pixar（皮克斯）、Imageworks以及Digital Domain都選擇了Maya作為他們製作3D動畫的工具。Sony和Microsoft...
求职全体验	2004	据美国交际专家说，美国中学常年开设交际课程，大学本科与研究生中也设有交际专业。目次，中国的大中学校已经陆续开设之类课程，全国中学高中语文课本已专门增长了“交...
留下人类的朋友	2008	以讲故事的形式，用翔实的文字并配以丰富多彩的图片，让读者从一个个具体的故事中，了解中国在改革开放中取得的成功与进步，了解中国人民在建设国家中付出的努力与贡献...
留下人类的朋友	2008	留下人类的朋友，ISBN：9787119055411，作者：钱敏捷著
Visual C#.NET原理与实务	2010	《Visual C#.NET原理与实务》为21世纪高等学校规划教材。《Visual C#.NET原理与实务》最大的特色在于以大家熟悉的“类联众游戏大厅的网络象棋”开发案例为主线，贯穿整...
Python程序设计--从基础到开发(21世纪高等学校计算机应用技术规划教材)	2017	
Clean Code	2008	Even bad code can function. But if code isn’t clean, it can bring a development organization to its knees. Every year, countless hours and significant resou...
硝烟中的Scrum和XP	2008	在本书中，作者Henrik Kniberg讲述了他在一年的时间里，带领40人的团队实施Scrum的过程。他们试过了多种团队尺寸（3～12人）、sprint长度（2～6星期），定义“完成”的...
Maven实战	2010	你是否早已厌倦了日复一日的手工构建工作？你是否对各个项目风格迥异的构建系统感到恐惧？Maven——这一Java社区事实标准的项目管理工具，能帮你从琐碎的手工劳动中解脱...
解析极限编程（第二版）（中英文对照）	2006	本书是经典之作。作者在书中提出了一些想法，诸如让开发者为自己的代码写自动化测试，让整个团队每周做计划，因为这些当时很激进的改进小团队开发的想法，这本书获了奖...
Agile Java 中文版	2006	本书将当前流行的敏捷开发方法融入到了Java语言的实践中，给了您学习并掌握Java 5．0、面向对象方法的机会，同时您还将学习测试驱动开发方法。作者很好地将三者融合在一...
精益开发实战	2012	《精益开发实战:用看板管理大型项目》以瑞典国家警署开发的大型项目为例，讲述在大型项目中如何具体应用看板方法和精益原则，详细介绍了项目中面临的诸多挑战及其应对策...
单元测试之道Java版	2005	"程序员修炼三部曲丛书包含了四本书，介绍了每个注重实效的程序员和成功团队所必备的一些工具。
注重实效的程序员都会利用反馈来指导开发，并驱动个人的开发流程。编码的..."
轻松Scrum之旅	2009	轻松Scrum之旅：敏捷开发故事，ISBN：9787121099847，作者：贾子河 等编著
实例化需求	2012	《实例化需求：团队如何交付正确的软件》是在世界各地调查了多个团队软件交付过程后的经验总结。《实例化需求：团队如何交付正确的软件》介绍了这些团队如何在很短的周...
看板方法	2014	《看板方法：科技企业渐进变革成功之道》由看板方法创始人David J. Anderson亲自编写，是看板方法的奠基之作。看板方法脱胎于丰田生产方式和约束理论，是精益方法的进一...
Ruby on Rails 3 Tutorial	2010	"“Ruby on Rails™ 3 Tutorial: Learn Rails by Example by Michael Hartl has become a must read for developers learning how to build Rails apps.”
—Peter Coo..."
硝烟中的Scrum和XP	2011	《硝烟中的Scrum和XP:我们如何实施Scrum》源自真实的故事，Henrik Kniberg以过来人的身份，回顾了他在一年时间内带领40人团队实施敏捷转型和持续过程改进的亲身经历。在...
xUnit Test Patterns	2007	Automated testing is a cornerstone of agile development. An effective testing strategy will deliver new functionality more aggressively, accelerate user feed...
Scrum要素	2013	"Scrum 是一种迭代增量式的软件开发过程，用于敏捷软件开发。Scrum 是一个包括一系列实践和预定义角色的过程框架。
本书以一种轻松易懂、简洁精练的方式，介绍了Scrum 方..."
Continuous Delivery	2010	Winner of the 2011 Jolt Excellence Award! Getting software released to users is often a painful, risky, and time-consuming process.  This groundbreaking new ...
Lean UX	2013	The Lean UX approach to interaction design is tailor-made for today's web-driven reality. In this insightful book, leading advocate Jeff Gothelf teaches you ...
精益软件开发艺术	2009	这本简洁之作，将向你解释如何应用精益软件开发的实践来显著提高生产力和质量。基于对日本制造业产生革命性改变的实践，精益原则正被成功应用到产品设计、工程、供应链 ...
网易一千零一夜	2016	"本书是网易杭州研究院项目管理部多年来丰富的项目管理实践总结与干货分享。字字句句凝结了网易项目经理的甘与苦、汗与泪。
全书围绕项目管理体系，从敏捷实践、项目立项..."
Practices of an Agile Developer	2006	Want to be a better developer? This books collects the personal habits, ideas, and approaches of successful agile software developers and presents them in a ...
User Stories Applied	2004	The concept of user stories has its roots as one of the main tenets of Extreme Programming. In simple terms, user stories represent an effective means of gat...
Extreme Programming Explained	2004	"""In this second edition of Extreme Programming Explained, Kent Beck organizes and presents five years' worth of experiences, growth, and change revolving aro..."
Scrum and XP from the Trenches	2007	The tricky part to agile software development is that there is no manual telling you exactly how to do it. You have to experiment and continuously adapt the ...
精益软件度量	2013	《精益软件度量:实践者的观察与思考》内容简介：软件度量是当今软件开发行业的热点话题，但同时也是推广实施过程中的难题。一方面软件企业管理存在度量的迫切需求；另一...
Agile Testing	2009	Testing is a key component of agile development. The widespread adoption of agile methods has brought the need for effective testing into the limelight, and ...
丰田就这么几招!	2007	以漫画形式介绍TPS，除了看起来更有意思外，还能使对TPS有兴趣的人更容易理解它。漫画的特点是，字与画需要绝妙配合，才能诞生出好的作品，为此也需要大家发挥最高协作...
Agile Estimating and Planning	2005	
Specification by Example	2011	Summary Specification by Example is an emerging practice for creating software based on realistic examples, bridging the communication gap between business s...
.NET单元测试艺术	2012	《.NET单元测试艺术》针对这个重要主题展开讨论,引导读者从简单的测试开始,逐渐过渡到如何写出可维护、可读、可信赖的测试。同时,还涉及mock,stub和框架(如Typemock Iso...
轻快的Java	2006	Java的开发者正深陷于复杂性的泥沼中而无法自拔。我们的经验和能力正接近极限，程序员为了编写支持所选框架的程序所花的时间比解决真正问题的时间要多得多。我们不禁要...
Professional Java Development with the Spring Framework	2005	The Spring Framework is a major open source application development framework that makes Java/J2EE(TM) development easier and more productive. This book show...
Continuous Integration	2007	"For any software developer who has spent days in ""integration hell,"" cobbling together myriad software components, Continuous Integration: Improving Software..."
Our Iceberg Is Melting	2006	"在线阅读本书

 Most of the denizens of the Antarctic penguin colonysneer at Fred, the quiet but observant scout who detects worrying signs that their home, a..."
The Thoughtworks Anthology	2008	This collection of essays covers a wide range of issues facing software developers today. In this book, you'll find a treasure trove of pragmatic advice to i...
Agile Retrospectives	2006	"Project retrospectives help teams examine what went right and what went wrong on a project. But traditionally, retrospectives (also known as ""post-mortems"") ..."
The Art of Agile Development	2007	"Product Description
The Art of Agile Development contains practical guidance for anyone considering or applying agile development for building valuable softw..."
Ship it!	2005	Ship It!  is a collection of tips that show the tools and techniques a successful project team has to use, and how to use them well. You'll get quick, easy-t...
Managing The Professional Service Firm	1997	"在线阅读本书

  For the first time in paperback, international expert and consultant David Maister offers a brilliant and accessible guide to every managemen..."
Agile Coaching	2009	"To lead change, you need to expand your toolkit, and this book gives you the tools you need to make the transition from agile practitioner to agile coach. ""A..."
Succeeding with Agile	2009	Proven, 100% Practical Guidance for Making Scrum and Agile Work in Any Organization This is the definitive, realistic, actionable guide to starting fast with...
The Principles of Product Development Flow	2009	
驯服烂代码	2014	Kent Beck、Martin Fowler、Michael C. Feathers、Robert C. Martin、Joshua Kerievsky、Gerard Meszaros等大师们的传世著作为如何提升编程技艺和代码质量提供了思想和...
Implementing Lean Software Development	2006	"""This remarkable book combines practical advice, ready-to-use techniques, anda deep understanding of why this is the right way to develop software. I havesee..."
Agile Software Development with Scrum	2001	eXtreme Programming is an ideal many software shops would love to reach, but with the constant pressures to produce software quickly, they cannot actually im...
软件开发践行录	2014	ThoughtWorks是一家全球软件设计与定制领袖企业。ThoughtWorks首席科学家Martin Fowler先生是当今世界软件开发领域最具影响力的几位大师之一。在中国，ThoughtWorks已经...
软件开发本质论	2017	想象你正在攀登一座名为“软件开发”的山峰。本书是与你同登一座山峰的敏捷先驱所带来的话语与图片。他在崎岖的山路边找到相当平坦的歇脚处，画下所见的风景，并写下自...
Kanban and Scrum - making the most of both	2010	Scrum and Kanban are two flavours of Agile software development - two deceptively simple but surprisingly powerful approaches to software development. So how...
Lean Software Development	2003	Lean Software Development: An Agile Toolkit  Mary Poppendieck Tom Poppendieck  Forewords by Jim Highsmithand Ken Schwaber *Adapting agile practices to your d...
Refactoring Databases	2006	Refactoring has proven its value in a wide range of development projects--helping software professionals improve system designs, maintainability, extensibili...
重构极限编程	2005	本书分析了XP的缺点，并提出一种可选择的实现敏捷性的方法，打碎一些紧随XP浪潮开始出现的神话，如无需记录工作的神话，一位现场客户和一些自动化测试足以替代书面需求...
The Agile Samurai	2010	"Get ready to kick some software project butt. By learning the ways of the agile samurai you will discover:

 * how to create plans and schedules your custome..."
kanban	2010	
看板实战	-1	看板方法是移动互联时代引领组织变革和改进团队开发过程的强大武器，也是平稳地落实精益和敏捷开发实践的工具。本书是带领读者进入看板世界的当然之选，它既提供了完备...
软件开发与创新	2014	在这本文集中，你会找到各种来自一线的建议，诸如持续集成、测试，以及改善软件交付流程，等等。本书会介绍人们怎样在面向对象语言中使用函数式编程技术，现代Java Web...
Emergent Design	2008	For software to consistently deliver promised results, software development must mature into a true profession.    Emergent Design    points the way. As soft...
结对编程技术	2004	结对编程技术看起来简单，但当习惯于独立工作的人结对进行开发时，如何真正做到事半功倍，还要用到很多非技术性的技巧。本书作者根据自身的实践经验，对结对编程中的习...
Ruby 最佳实践	2010	你能够编写真正优雅的Ruby代码吗？《Ruby最佳实践》正是为想要像专家那样使用Ruby的程序员所准备的。《Ruby 最佳实践(影印版)》由Ruby项目Prawn的开发者所著，简洁地向...
优势——组织健康胜于一切	2013	
Scaling Lean & Agile Development	2008	Lean Development and Agile Methods for Large-Scale Products: Key Thinking and Organizational Tools for Sustainable Competitive Success Increasingly, large pr...
Scrum	2014	We live in a world that is broken. For those who believe that there must be a more efficient way for people to get things done, here from Scrum pioneer Jeff ...
丰田生产方式 Toyota Production System	2014	
Expert Spring MVC and Web Flow	2006	
Agile Software Requirements	2011	“We need better approaches to understanding and managing software requirements, and Dean provides them in this book. He draws ideas from three very useful i...
Extreme Programming Explained	1999	
验收测试驱动开发	2013	
Agile Product Management with Scrum	2010	The First Guide to Scrum-Based Agile Product Management In Agile Product Management with Scrum, leading Scrum consultant Roman Pichler uses real-world exampl...
超越传统的软件开发	2005	本书从软件工程理论、软件开发实验、编程心理学等多个方面，深入剖析了极限编程的原理和实质。全书以分析对极限编程的种种误解为主线，以编程实验数据为基础，用科学的...
ATDD by Example	2012	With Acceptance Test-Driven Development (ATDD), business customers, testers, and developers can collaborate to produce testable requirements that help them b...
Agile and Iterative Development	2003	Agile and iterative methods have emerged as the most popular approaches to software development, and with good reason. Research (examined and cited in detail...
精益思想（白金版）	2015	《精益思想》于1996年秋季首次出版，历经20年，畅销十多个国家，累计销量上百万册。本书的成功在于它对精益生产方式做了最好的总结，为读者提供了精益的核心原则，实地...
Collaboration Explained	2006	"""Collaboration Explained is a deeply pragmatic book that helps agile practitioners understand and manage complex organizational and team dynamics. As an agil..."
Essential Scrum	2012	A Practical Guide to the Most Popular Agile Process The Single-Source, Comprehensive Guide to Scrum for All Team Members, Managers, and Executives If you wan...
SCRUM	2015	"從今天開始，開會只要15分鐘！
讓你的進度、預算不再失控
一流人才聚在一起，為什麼變成二流團隊？甚至只能展現三流績效？
一定有一種工作方式，能讓團隊的表現不打折，..."
黑客营销	2016	为了适应现代化营销，营销管理必须更快地适应市场的反馈，快速迭代，从而满足客户越来越复杂的体验需求。这些挑战在软件行业表现突出。本书将告诉你如何克服这些挑战，...
Jenkins Continuous Integration Cookbook	2012	
The Future Arrived Yesterday	2009	A bold vision about the ways companies will adapt and be reborn in a revolutionary world where business models implode and the search is on for what will wor...
Coaching Agile Teams	2010	The Provocative and Practical Guide to Coaching Agile Teams As an agile coach, you can help project teams become outstanding at agile, creating products that...
Agile Modeling	2002	The first book to cover Agile Modeling, a new modeling technique created specifically for XP projects eXtreme Programming (XP) has created a buzz in the soft...
Agile Project Management	2004	"""Jim Highsmith is one of a few modern writers who are helping us understand the new nature of work in the knowledge economy.""  --Rob Austin, Assistant Profes..."
有效的项目管理	2011	《有效的项目管理(面向传统敏捷极限项目第5版)》(作者罗伯特·K·威索基)全面系统地介绍了有效的项目管理方法，不仅带你梳理传统项目管理方法，还系统地介绍了极限项目...
Practical JRuby on Rails Web 2.0 Projects	2007	Discover how JRuby on Rails can be used to create web applications faster and more efficiently while still taking advantage of the vast power of the Java pla...
The Reengineering Alternative	2000	
重构手册	2004	"利用这本通过示例“说话”的实例手册，可以充分发挥重构的强大功能，改善现有的软件。
    身为程序员，你必须具备的一个基本功就是能够找出并改善有问题的代码，使程序..."
Practices for Scaling Lean & Agile Development	2010	Lean and Agile Development for Large-Scale Products: Key Practices for Sustainable Competitive Success Increasingly, large product-development organizations ...
探索极限编程	2002	"你知道XP是什么，如何准备并实践XP，以及如何使用XP计划项目。现在是扩大极限编程的使用并应用这种颇为流行的规范进行实践的良机。
在《探索极限编程》中，你可以阅读最..."
Leading Lean Software Development	2009	Building on their breakthrough bestsellers Lean Software Development and Implementing Lean Software Development, Mary and Tom Poppendieck's latest book shows...
精益开发与看板方法	2016	"产品特色
精益七大原则：消除浪费、增强学习、尽量延迟决策、尽快交付、授权团队、嵌入完整性、着眼整体
看板六大实践：可视化、限制、管理流程、制定明确规则、落实反..."
《金矿3:精益领导者的软实力》	2015	今天，越来越多的企业已经开始认识并努力地实施精益，这几乎成为一种趋势。不过大多数实践者只看到它严格关注流程以及制造高质量产品和服务的硬实力，少有人理解到精益...
Agile ALM	2011	"Summary ""Agile ALM"" is a guide for Java developers who want to integrate flexible agile practices and lightweight tooling along all phases of the software de..."
Dynamics of Software Development	2006	
Agile Data Warehouse Design	2011	
The Enterprise and Scrum	2007	"在线阅读本书

Its time to extend the benefits of Scrumgreater agility, higher-quality products, and lower costsfrom individual teams to your entire enterpris..."
实施六西格玛的第一个90天	2008	《实施六西格玛的第一个90天》将教会企业在90天内成功启动六西格玛变革，并在此后让这个程序深深扎根到企业文化中，永葆青春。这个企业级的部署涉及的内容广泛，从战略...
How to Change the World	2012	How do I deal with my crappy organization? I like my work but I don’t like what our management is doing. How do I deal with it? Well, that’s easy. You have...
The Rational Unified Process	2003	"The Rational Unified Process embodies the best practices of proven
 software development methods, and is an optimal match to the features
 of the UML.
 --Gra..."
Agile Software Development Ecosystems (Agile Software Development Series)	2002	"Traditional software development methods struggle to keep pace with the accelerated pace and rapid change of Internet-era development. Several ""agile methodo..."
Scaling Software Agility	2007	"""Companies have been implementing large agile projects for a number of years, but the 'stigma' of 'agile only works for small projects' continues to be a fre..."
Extreme Programming Refactored	2003	
CVS 开源软件开发技术	2001	本书详细介绍CVS 的发展历史、
Coaching Agile Teams: A Companion for ScrumMasters, Agile Coaches, and Project Managers in Transitio	-1	
A Practical Approach to Large-Scale Agile Development	2012	Today, even the largest development organizations are turning to agile methodologies, seeking major productivity and quality improvements. However, large-sca...
高质量软件项目管理	2006	在现代企业中，软件项目经理及其开发团队起到关键的作用，他们应该具有丰富的管理经验以及全面的软件开发、改进和维护的知识。而要成为真正的项目经理，并不是一个一蹴...
Test-Driven Development	2003	This book teaches programmers how to make Test Driven Development (TDD) work in their organization. TDD is unique because it forces the programmer to write t...
Essential Skills for the Agile Developer	2010	Agile has become today's dominant software development paradigm, but agile methods remain difficult to measure and improve. Essential Skills for the Agile De...
The Culture Game	-1	THE CULTURE GAME is your tutorial and reference guide for creating lasting business agility in your organization. This is the handbook for managers who want ...
快速测试	2004	"本书介绍一种软件测试的实用方法，重点讲述一个测试过程，该过程适用于当今日益快速的软件开发。
　　全书共分三部分，第一部分(第1～6章)为快速测试过程，定义与软件测..."
Becoming Agile	2009	Many books discuss Agile from a theoretical or academic perspective. Becoming Agile takes a different approach and focuses on explaining Agile from a case-st...
Lean Architecture: for Agile Software Development	-1	
A Practical Guide to Distributed Scrum	2010	"Succeed with Scrum in Even the Largest, Most Complex Distributed Development Projects
This is the first comprehensive, practical guide for Scrum
practitioner..."
The Dream Team Nightmare	2013	"Management is ready to disband your new agile team and outsource your project. Can you save The Dream Team?
The Dream Team started their journey 18 months ag..."
Personal Kanban	-1	
Scenarios, Stories, Use Cases	2004	Extending the scenario method beyond interface design, this important book shows developers how to design more effective systems by soliciting, analyzing, an...
面向对象建模与设计	2003	UML是当今主流的建模语言，不过作为其重要基石的OMT缺不太为国人所知，了解OMT的本质对深刻理解UML和面向对象，进而提高自己的建模技术水平有着重要意义。本书由OMT的倡...
Flexible Product Development	2007	In this landmark book, Preston Smith attributes the recent decline in innovation to pressure from financial markets that drives management toward rigid devel...
The Scrum Field Guide	2012	Thousands of IT professionals are being asked to make Scrum succeed in their organizations-including many who weren,t involved in the decision to adopt it. I...
Lean Integration	2010	"""Lean Integration is an excellent resource for anyone struggling with the challenges of performing integration for a complex enterprise."" --Steve J. Dennis, ..."
An Agile Adoption and Transformation Survival Guide	2012	
Making Sense of Agile Project Management	2011	The book is intended to provide a much deeper understanding of agile principles, methodologies, and practices to enable project managers to develop a more ag...
Patterns of Agile Practice Adoption	2007	As more and more people move towards adoption of Agile practices, they are looking for guidance and advice on how to adopt Agile successfully. Unfortunately ...
Agile Management for Software Engineering	2003	This book is certainly about software development management, but it is also a book about business. Managers can no longer afford to discuss these two topics...
Pair Programming Illuminated	2002	At face value, pair programming appears to be a simple, straightforward concept. Two programmers work side-by-side at one computer, continuously collaboratin...
The Scrummaster Study Guide	-1	
Lean-Agile Pocket Guide for Scrum Teams	2009	
The Human Side of Agile - How to Help Your Team Deliver	2012	"As an Agile team leader, your biggest challenge is also your biggest asset.
The human side of Agile is tricky. It's the least manageable, understood, and app..."
New York's Awful Steamboat Horror	2006	"Story of the ""General Slocum,"" the New York excursion steamer which burned on June 15, 1904 with fatalities rivalling those of the ""Titanic"" and ""Lusitania.""..."
Children, Including	-1	Hephaestus Books represents a new publishing paradigm, allowing disparate content sources to be curated into cohesive, relevant, and informative books. To da...
Mistletoe Kittens	1999	
A Lady Decides	1999	
