俄罗斯方块设计者:亚力克西·帕杰诺夫	http://sso.cdclib.org/interlibSSO/goto/6/=06190596Z93/kns55/detail.aspx?QueryID=3&CurRec=1&dbcode=cjfq&dbname=CJFD0305&filename=ITSJ200312000	程序员	2003	2003年12期
程序员调查⒁——战胜疲劳	http://sso.cdclib.org/interlibSSO/goto/6/=06190596Z93/kns55/detail.aspx?QueryID=3&CurRec=2&dbcode=cjfq&dbname=CJFD0305&filename=ITSJ200312001	程序员	2003	2003年12期
程序天下事	http://sso.cdclib.org/interlibSSO/goto/6/=06190596Z93/kns55/detail.aspx?QueryID=3&CurRec=3&dbcode=cjfq&dbname=CJFD0305&filename=ITSJ200312002	程序员	2003	2003年12期
外资软件研发中心门为谁开?	http://sso.cdclib.org/interlibSSO/goto/6/=06190596Z93/kns55/detail.aspx?QueryID=3&CurRec=4&dbcode=cjfq&dbname=CJFD0305&filename=ITSJ200312003	程序员	2003	2003年12期
Ruby的设计思想	http://sso.cdclib.org/interlibSSO/goto/6/=06190596Z93/kns55/detail.aspx?QueryID=3&CurRec=5&dbcode=cjfq&dbname=CJFD0305&filename=ITSJ200312004	程序员	2003	2003年12期
BEA的开发者盛宴	http://sso.cdclib.org/interlibSSO/goto/6/=06190596Z93/kns55/detail.aspx?QueryID=3&CurRec=6&dbcode=cjfq&dbname=CJFD0305&filename=ITSJ200312005	程序员	2003	2003年12期
专访BEA首席技术专家Michael Smith	http://sso.cdclib.org/interlibSSO/goto/6/=06190596Z93/kns55/detail.aspx?QueryID=3&CurRec=7&dbcode=cjfq&dbname=CJFD0305&filename=ITSJ200312006	程序员	2003	2003年12期
中国软件创新系列报道(三) 鱼和熊掌兼得?	http://sso.cdclib.org/interlibSSO/goto/6/=06190596Z93/kns55/detail.aspx?QueryID=3&CurRec=8&dbcode=cjfq&dbname=CJFD0305&filename=ITSJ200312007	程序员	2003	2003年12期
IT写作“情”史	http://sso.cdclib.org/interlibSSO/goto/6/=06190596Z93/kns55/detail.aspx?QueryID=3&CurRec=9&dbcode=cjfq&dbname=CJFD0305&filename=ITSJ200312008	程序员	2003	2003年12期
Palm之父Jeff Hawkins传奇	http://sso.cdclib.org/interlibSSO/goto/6/=06190596Z93/kns55/detail.aspx?QueryID=3&CurRec=10&dbcode=cjfq&dbname=CJFD0305&filename=ITSJ200312009	程序员	2003	2003年12期
解析程序员老化	http://sso.cdclib.org/interlibSSO/goto/6/=06190596Z93/kns55/detail.aspx?QueryID=3&CurRec=11&dbcode=cjfq&dbname=CJFD0305&filename=ITSJ200312010	程序员	2003	2003年12期
统领群雄 舍我其谁 诚邀英雄 共创辉煌——“Sun技术社区”全新改版四大论坛(Java、Solaris、SunOne、StarSuite)招募版主	http://sso.cdclib.org/interlibSSO/goto/6/=06190596Z93/kns55/detail.aspx?QueryID=3&CurRec=12&dbcode=cjfq&dbname=CJFD0305&filename=ITSJ200312011	程序员	2003	2003年12期
感悟测试驱动开发	http://sso.cdclib.org/interlibSSO/goto/6/=06190596Z93/kns55/detail.aspx?QueryID=3&CurRec=13&dbcode=cjfq&dbname=CJFD0305&filename=ITSJ200312012	程序员	2003	2003年12期
developerWorksTM中国网站会员注册开始了!	http://sso.cdclib.org/interlibSSO/goto/6/=06190596Z93/kns55/detail.aspx?QueryID=3&CurRec=14&dbcode=cjfq&dbname=CJFD0305&filename=ITSJ200312013	程序员	2003	2003年12期
构建税务部门信息服务平台	http://sso.cdclib.org/interlibSSO/goto/6/=06190596Z93/kns55/detail.aspx?QueryID=3&CurRec=15&dbcode=cjfq&dbname=CJFD0305&filename=ITSJ200312014	程序员	2003	2003年12期
项目管理灵犀一点通(上篇)	http://sso.cdclib.org/interlibSSO/goto/6/=06190596Z93/kns55/detail.aspx?QueryID=3&CurRec=16&dbcode=cjfq&dbname=CJFD0305&filename=ITSJ200312015	程序员	2003	2003年12期
“设计模式”电视机	http://sso.cdclib.org/interlibSSO/goto/6/=06190596Z93/kns55/detail.aspx?QueryID=3&CurRec=17&dbcode=cjfq&dbname=CJFD0305&filename=ITSJ200312016	程序员	2003	2003年12期
高性能网络开发的利器——ACE	http://sso.cdclib.org/interlibSSO/goto/6/=06190596Z93/kns55/detail.aspx?QueryID=3&CurRec=18&dbcode=cjfq&dbname=CJFD0305&filename=ITSJ200312017	程序员	2003	2003年12期
初探ACE	http://sso.cdclib.org/interlibSSO/goto/6/=06190596Z93/kns55/detail.aspx?QueryID=3&CurRec=19&dbcode=cjfq&dbname=CJFD0305&filename=ITSJ200312018	程序员	2003	2003年12期
Douglas C.Schmidt 虚拟访谈录	http://sso.cdclib.org/interlibSSO/goto/6/=06190596Z93/kns55/detail.aspx?QueryID=3&CurRec=20&dbcode=cjfq&dbname=CJFD0305&filename=ITSJ200312019	程序员	2003	2003年12期
运用IPC SAP进行高效、可移植、灵活的网络编程	http://sso.cdclib.org/interlibSSO/goto/6/=06190596Z93/kns55/detail.aspx?QueryID=3&CurRec=21&dbcode=cjfq&dbname=CJFD0305&filename=ITSJ200312020	程序员	2003	2003年12期
ACE与GoF设计模式:ACE_Reactor与Bridge模式	http://sso.cdclib.org/interlibSSO/goto/6/=06190596Z93/kns55/detail.aspx?QueryID=3&CurRec=22&dbcode=cjfq&dbname=CJFD0305&filename=ITSJ200312021	程序员	2003	2003年12期
还在“重新发明轮子”?——ACE在企业代理服务系统中的应用	http://sso.cdclib.org/interlibSSO/goto/6/=06190596Z93/kns55/detail.aspx?QueryID=3&CurRec=23&dbcode=cjfq&dbname=CJFD0305&filename=ITSJ200312022	程序员	2003	2003年12期
长城又掀起赴日高潮	http://sso.cdclib.org/interlibSSO/goto/6/=06190596Z93/kns55/detail.aspx?QueryID=3&CurRec=24&dbcode=cjfq&dbname=CJFD0305&filename=ITSJ200312023	程序员	2003	2003年12期
ACE新名词解析	http://sso.cdclib.org/interlibSSO/goto/6/=06190596Z93/kns55/detail.aspx?QueryID=3&CurRec=25&dbcode=cjfq&dbname=CJFD0305&filename=ITSJ200312024	程序员	2003	2003年12期
千秋万载 对象永续 Java的对象永续之道(下)——Object Persistence in JaVa	http://sso.cdclib.org/interlibSSO/goto/6/=06190596Z93/kns55/detail.aspx?QueryID=3&CurRec=26&dbcode=cjfq&dbname=CJFD0305&filename=ITSJ200312025	程序员	2003	2003年12期
JavaServer Faces进阶流程控制与JSF内置显示组件入门(上)	http://sso.cdclib.org/interlibSSO/goto/6/=06190596Z93/kns55/detail.aspx?QueryID=3&CurRec=27&dbcode=cjfq&dbname=CJFD0305&filename=ITSJ200312026	程序员	2003	2003年12期
在线表重定义——Oracle 10g系列专栏(二)	http://sso.cdclib.org/interlibSSO/goto/6/=06190596Z93/kns55/detail.aspx?QueryID=3&CurRec=28&dbcode=cjfq&dbname=CJFD0305&filename=ITSJ200312027	程序员	2003	2003年12期
反转的控制——组件、容器和loC	http://sso.cdclib.org/interlibSSO/goto/6/=06190596Z93/kns55/detail.aspx?QueryID=3&CurRec=29&dbcode=cjfq&dbname=CJFD0305&filename=ITSJ200312028	程序员	2003	2003年12期
Borland CBX:C++绝地大反击	http://sso.cdclib.org/interlibSSO/goto/6/=06190596Z93/kns55/detail.aspx?QueryID=3&CurRec=30&dbcode=cjfq&dbname=CJFD0305&filename=ITSJ200312029	程序员	2003	2003年12期
基于ECO的UML模型驱动的数据库应用开发	http://sso.cdclib.org/interlibSSO/goto/6/=06190596Z93/kns55/detail.aspx?QueryID=3&CurRec=31&dbcode=cjfq&dbname=CJFD0305&filename=ITSJ200312030	程序员	2003	2003年12期
ⅡS6.0的新特征	http://sso.cdclib.org/interlibSSO/goto/6/=06190596Z93/kns55/detail.aspx?QueryID=3&CurRec=32&dbcode=cjfq&dbname=CJFD0305&filename=ITSJ200312031	程序员	2003	2003年12期
飞弹问题的算法分析——2003年第10期题解	http://sso.cdclib.org/interlibSSO/goto/6/=06190596Z93/kns55/detail.aspx?QueryID=3&CurRec=33&dbcode=cjfq&dbname=CJFD0305&filename=ITSJ200312032	程序员	2003	2003年12期
Code Review与CheckStyle	http://sso.cdclib.org/interlibSSO/goto/6/=06190596Z93/kns55/detail.aspx?QueryID=3&CurRec=34&dbcode=cjfq&dbname=CJFD0305&filename=ITSJ200312033	程序员	2003	2003年12期
TCP IP网络编程之四书五经	http://sso.cdclib.org/interlibSSO/goto/6/=06190596Z93/kns55/detail.aspx?QueryID=3&CurRec=35&dbcode=cjfq&dbname=CJFD0305&filename=ITSJ200312034	程序员	2003	2003年12期
地基上的脚印	http://sso.cdclib.org/interlibSSO/goto/6/=06190596Z93/kns55/detail.aspx?QueryID=3&CurRec=36&dbcode=cjfq&dbname=CJFD0305&filename=ITSJ200312035	程序员	2003	2003年12期
函数模板	http://sso.cdclib.org/interlibSSO/goto/6/=06190596Z93/kns55/detail.aspx?QueryID=3&CurRec=37&dbcode=cjfq&dbname=CJFD0305&filename=ITSJ200312036	程序员	2003	2003年12期
好书榜——算法与数学专题	http://sso.cdclib.org/interlibSSO/goto/6/=06190596Z93/kns55/detail.aspx?QueryID=3&CurRec=38&dbcode=cjfq&dbname=CJFD0305&filename=ITSJ200312037	程序员	2003	2003年12期
计算机科研与应用的困惑	http://sso.cdclib.org/interlibSSO/goto/6/=06190596Z93/kns55/detail.aspx?QueryID=3&CurRec=39&dbcode=cjfq&dbname=CJFD0305&filename=ITSJ200312038	程序员	2003	2003年12期
“英国人改变世界”——World Wide Web发明者Tim John Berners-Lee	http://sso.cdclib.org/interlibSSO/goto/6/=06190596Z93/kns55/detail.aspx?QueryID=8&CurRec=1&dbcode=cjfq&dbname=CJFD0305&filename=ITSJ200311000	程序员	2003	2003年11期
谁动了程序员的Money	http://sso.cdclib.org/interlibSSO/goto/6/=06190596Z93/kns55/detail.aspx?QueryID=8&CurRec=2&dbcode=cjfq&dbname=CJFD0305&filename=ITSJ200311001	程序员	2003	2003年11期
封面书摘	http://sso.cdclib.org/interlibSSO/goto/6/=06190596Z93/kns55/detail.aspx?QueryID=8&CurRec=3&dbcode=cjfq&dbname=CJFD0305&filename=ITSJ200311002	程序员	2003	2003年11期
每月播报	http://sso.cdclib.org/interlibSSO/goto/6/=06190596Z93/kns55/detail.aspx?QueryID=8&CurRec=4&dbcode=cjfq&dbname=CJFD0305&filename=ITSJ200311003	程序员	2003	2003年11期
厂商直击	http://sso.cdclib.org/interlibSSO/goto/6/=06190596Z93/kns55/detail.aspx?QueryID=8&CurRec=5&dbcode=cjfq&dbname=CJFD0305&filename=ITSJ200311004	程序员	2003	2003年11期
来自雷蒙德的回答——华人程序员解折微软件总部	http://sso.cdclib.org/interlibSSO/goto/6/=06190596Z93/kns55/detail.aspx?QueryID=8&CurRec=6&dbcode=cjfq&dbname=CJFD0305&filename=ITSJ200311005	程序员	2003	2003年11期
“戴着眼镜的蜘蛛”James Gosling访谈	http://sso.cdclib.org/interlibSSO/goto/6/=06190596Z93/kns55/detail.aspx?QueryID=8&CurRec=7&dbcode=cjfq&dbname=CJFD0305&filename=ITSJ200311006	程序员	2003	2003年11期
中国软件创新系列报道(二)——让中文信息处理与世界同步——专访海量科技	http://sso.cdclib.org/interlibSSO/goto/6/=06190596Z93/kns55/detail.aspx?QueryID=8&CurRec=8&dbcode=cjfq&dbname=CJFD0305&filename=ITSJ200311007	程序员	2003	2003年11期
Microsoft Office System:企业应用开发和集成平台——微软中国研发中心Office开发团队专访	http://sso.cdclib.org/interlibSSO/goto/6/=06190596Z93/kns55/detail.aspx?QueryID=8&CurRec=9&dbcode=cjfq&dbname=CJFD0305&filename=ITSJ200311008	程序员	2003	2003年11期
PHP:创造奇迹的网络脚本	http://sso.cdclib.org/interlibSSO/goto/6/=06190596Z93/kns55/detail.aspx?QueryID=8&CurRec=10&dbcode=cjfq&dbname=CJFD0305&filename=ITSJ200311009	程序员	2003	2003年11期
程序员跳槽的分析及对策	http://sso.cdclib.org/interlibSSO/goto/6/=06190596Z93/kns55/detail.aspx?QueryID=8&CurRec=11&dbcode=cjfq&dbname=CJFD0305&filename=ITSJ200311010	程序员	2003	2003年11期
实现异构	http://sso.cdclib.org/interlibSSO/goto/6/=06190596Z93/kns55/detail.aspx?QueryID=8&CurRec=12&dbcode=cjfq&dbname=CJFD0305&filename=ITSJ200311011	程序员	2003	2003年11期
一个微型软件开发的过程手记	http://sso.cdclib.org/interlibSSO/goto/6/=06190596Z93/kns55/detail.aspx?QueryID=8&CurRec=13&dbcode=cjfq&dbname=CJFD0305&filename=ITSJ200311012	程序员	2003	2003年11期
项目迷失的要因——目标不明确	http://sso.cdclib.org/interlibSSO/goto/6/=06190596Z93/kns55/detail.aspx?QueryID=8&CurRec=14&dbcode=cjfq&dbname=CJFD0305&filename=ITSJ200311013	程序员	2003	2003年11期
喜欢一种语言需要理由吗?	http://sso.cdclib.org/interlibSSO/goto/6/=06190596Z93/kns55/detail.aspx?QueryID=8&CurRec=15&dbcode=cjfq&dbname=CJFD0305&filename=ITSJ200311014	程序员	2003	2003年11期
J2ME游戏开发	http://sso.cdclib.org/interlibSSO/goto/6/=06190596Z93/kns55/detail.aspx?QueryID=8&CurRec=16&dbcode=cjfq&dbname=CJFD0305&filename=ITSJ200311015	程序员	2003	2003年11期
无线游戏开发平台综述	http://sso.cdclib.org/interlibSSO/goto/6/=06190596Z93/kns55/detail.aspx?QueryID=8&CurRec=17&dbcode=cjfq&dbname=CJFD0305&filename=ITSJ200311016	程序员	2003	2003年11期
Java Game API入门	http://sso.cdclib.org/interlibSSO/goto/6/=06190596Z93/kns55/detail.aspx?QueryID=8&CurRec=18&dbcode=cjfq&dbname=CJFD0305&filename=ITSJ200311017	程序员	2003	2003年11期
J2ME游戏优化揭密	http://sso.cdclib.org/interlibSSO/goto/6/=06190596Z93/kns55/detail.aspx?QueryID=8&CurRec=19&dbcode=cjfq&dbname=CJFD0305&filename=ITSJ200311018	程序员	2003	2003年11期
手机游戏应用开发环境的选择和配置	http://sso.cdclib.org/interlibSSO/goto/6/=06190596Z93/kns55/detail.aspx?QueryID=8&CurRec=20&dbcode=cjfq&dbname=CJFD0305&filename=ITSJ200311019	程序员	2003	2003年11期
JMSML:基于XML的标记语言	http://sso.cdclib.org/interlibSSO/goto/6/=06190596Z93/kns55/detail.aspx?QueryID=8&CurRec=21&dbcode=cjfq&dbname=CJFD0305&filename=ITSJ200311020	程序员	2003	2003年11期
千秋万载 对象永续 Java的对象永续之道——Object Persistence in Java	http://sso.cdclib.org/interlibSSO/goto/6/=06190596Z93/kns55/detail.aspx?QueryID=8&CurRec=22&dbcode=cjfq&dbname=CJFD0305&filename=ITSJ200311021	程序员	2003	2003年11期
细说Borland C++BuilderX	http://sso.cdclib.org/interlibSSO/goto/6/=06190596Z93/kns55/detail.aspx?QueryID=8&CurRec=23&dbcode=cjfq&dbname=CJFD0305&filename=ITSJ200311022	程序员	2003	2003年11期
Oracle 10g的“数据闪回”机制——Oracle 10g系列专栏(一)	http://sso.cdclib.org/interlibSSO/goto/6/=06190596Z93/kns55/detail.aspx?QueryID=8&CurRec=24&dbcode=cjfq&dbname=CJFD0305&filename=ITSJ200311023	程序员	2003	2003年11期
冬眠的数据库(续篇)——轻松使用Hibernate	http://sso.cdclib.org/interlibSSO/goto/6/=06190596Z93/kns55/detail.aspx?QueryID=8&CurRec=25&dbcode=cjfq&dbname=CJFD0305&filename=ITSJ200311024	程序员	2003	2003年11期
建立一个浇筑的应用程序 使用应用域和配件来自动更新并分块发布应用程序	http://sso.cdclib.org/interlibSSO/goto/6/=06190596Z93/kns55/detail.aspx?QueryID=8&CurRec=26&dbcode=cjfq&dbname=CJFD0305&filename=ITSJ200311025	程序员	2003	2003年11期
ACE与GoF设计模式 锁还是不锁,怎么锁?——Strategy模式与ACE Locks类	http://sso.cdclib.org/interlibSSO/goto/6/=06190596Z93/kns55/detail.aspx?QueryID=8&CurRec=27&dbcode=cjfq&dbname=CJFD0305&filename=ITSJ200311026	程序员	2003	2003年11期
病毒问题——2003年第9期题解	http://sso.cdclib.org/interlibSSO/goto/6/=06190596Z93/kns55/detail.aspx?QueryID=8&CurRec=28&dbcode=cjfq&dbname=CJFD0305&filename=ITSJ200311027	程序员	2003	2003年11期
自动化功能测试之工具选择和实施	http://sso.cdclib.org/interlibSSO/goto/6/=06190596Z93/kns55/detail.aspx?QueryID=8&CurRec=29&dbcode=cjfq&dbname=CJFD0305&filename=ITSJ200311028	程序员	2003	2003年11期
Win32系统编程之四书五经	http://sso.cdclib.org/interlibSSO/goto/6/=06190596Z93/kns55/detail.aspx?QueryID=8&CurRec=30&dbcode=cjfq&dbname=CJFD0305&filename=ITSJ200311029	程序员	2003	2003年11期
从森林到咖啡馆——一本别样的经典	http://sso.cdclib.org/interlibSSO/goto/6/=06190596Z93/kns55/detail.aspx?QueryID=8&CurRec=31&dbcode=cjfq&dbname=CJFD0305&filename=ITSJ200311030	程序员	2003	2003年11期
测试驱动开发模式——《测试驱动开发》精彩选读	http://sso.cdclib.org/interlibSSO/goto/6/=06190596Z93/kns55/detail.aspx?QueryID=8&CurRec=32&dbcode=cjfq&dbname=CJFD0305&filename=ITSJ200311031	程序员	2003	2003年11期
好书榜Java专题	http://sso.cdclib.org/interlibSSO/goto/6/=06190596Z93/kns55/detail.aspx?QueryID=8&CurRec=33&dbcode=cjfq&dbname=CJFD0305&filename=ITSJ200311032	程序员	2003	2003年11期
程序员论坛	http://sso.cdclib.org/interlibSSO/goto/6/=06190596Z93/kns55/detail.aspx?QueryID=8&CurRec=34&dbcode=cjfq&dbname=CJFD0305&filename=ITSJ200311033	程序员	2003	2003年11期
编读往来	http://sso.cdclib.org/interlibSSO/goto/6/=06190596Z93/kns55/detail.aspx?QueryID=8&CurRec=35&dbcode=cjfq&dbname=CJFD0305&filename=ITSJ200311034	程序员	2003	2003年11期
一场技术的盛会——访“首届中国软件技术大会”组委会负责人	http://sso.cdclib.org/interlibSSO/goto/6/=06190596Z93/kns55/detail.aspx?QueryID=8&CurRec=36&dbcode=cjfq&dbname=CJFD0305&filename=ITSJ200311035	程序员	2003	2003年11期
Ed Yourdon:近乎不朽	http://sso.cdclib.org/interlibSSO/goto/6/=06190596Z93/kns55/detail.aspx?QueryID=13&CurRec=1&dbcode=cjfq&dbname=CJFD0305&filename=ITSJ200310000	程序员	2003	2003年10期
程序员维权知多少	http://sso.cdclib.org/interlibSSO/goto/6/=06190596Z93/kns55/detail.aspx?QueryID=13&CurRec=2&dbcode=cjfq&dbname=CJFD0305&filename=ITSJ200310001	程序员	2003	2003年10期
封面书摘	http://sso.cdclib.org/interlibSSO/goto/6/=06190596Z93/kns55/detail.aspx?QueryID=13&CurRec=3&dbcode=cjfq&dbname=CJFD0305&filename=ITSJ200310002	程序员	2003	2003年10期
CSDN9 月论坛TOP	http://sso.cdclib.org/interlibSSO/goto/6/=06190596Z93/kns55/detail.aspx?QueryID=13&CurRec=4&dbcode=cjfq&dbname=CJFD0305&filename=ITSJ200310003	程序员	2003	2003年10期
每月播报	http://sso.cdclib.org/interlibSSO/goto/6/=06190596Z93/kns55/detail.aspx?QueryID=13&CurRec=5&dbcode=cjfq&dbname=CJFD0305&filename=ITSJ200310004	程序员	2003	2003年10期
程序员,你为什么焦虑?	http://sso.cdclib.org/interlibSSO/goto/6/=06190596Z93/kns55/detail.aspx?QueryID=13&CurRec=6&dbcode=cjfq&dbname=CJFD0305&filename=ITSJ200310005	程序员	2003	2003年10期
听Anders Hejlsberg讲C＃设计过程	http://sso.cdclib.org/interlibSSO/goto/6/=06190596Z93/kns55/detail.aspx?QueryID=13&CurRec=7&dbcode=cjfq&dbname=CJFD0305&filename=ITSJ200310006	程序员	2003	2003年10期
中国软件创新系列报道(一)——解析“和欣”嵌入式操作系统	http://sso.cdclib.org/interlibSSO/goto/6/=06190596Z93/kns55/detail.aspx?QueryID=13&CurRec=8&dbcode=cjfq&dbname=CJFD0305&filename=ITSJ200310007	程序员	2003	2003年10期
六问“科泰”	http://sso.cdclib.org/interlibSSO/goto/6/=06190596Z93/kns55/detail.aspx?QueryID=13&CurRec=9&dbcode=cjfq&dbname=CJFD0305&filename=ITSJ200310008	程序员	2003	2003年10期
原罪无赦?	http://sso.cdclib.org/interlibSSO/goto/6/=06190596Z93/kns55/detail.aspx?QueryID=13&CurRec=10&dbcode=cjfq&dbname=CJFD0305&filename=ITSJ200310009	程序员	2003	2003年10期
飞翔最高的程序员	http://sso.cdclib.org/interlibSSO/goto/6/=06190596Z93/kns55/detail.aspx?QueryID=13&CurRec=11&dbcode=cjfq&dbname=CJFD0305&filename=ITSJ200310010	程序员	2003	2003年10期
光荣与梦想——Perl传奇	http://sso.cdclib.org/interlibSSO/goto/6/=06190596Z93/kns55/detail.aspx?QueryID=13&CurRec=12&dbcode=cjfq&dbname=CJFD0305&filename=ITSJ200310011	程序员	2003	2003年10期
在微软亚洲研究院的日子	http://sso.cdclib.org/interlibSSO/goto/6/=06190596Z93/kns55/detail.aspx?QueryID=13&CurRec=13&dbcode=cjfq&dbname=CJFD0305&filename=ITSJ200310012	程序员	2003	2003年10期
体验特征驱动开发	http://sso.cdclib.org/interlibSSO/goto/6/=06190596Z93/kns55/detail.aspx?QueryID=13&CurRec=14&dbcode=cjfq&dbname=CJFD0305&filename=ITSJ200310013	程序员	2003	2003年10期
组件化分布式开发系统在移动增值业务的应用	http://sso.cdclib.org/interlibSSO/goto/6/=06190596Z93/kns55/detail.aspx?QueryID=13&CurRec=15&dbcode=cjfq&dbname=CJFD0305&filename=ITSJ200310014	程序员	2003	2003年10期
成功项目的杀手——领导意志	http://sso.cdclib.org/interlibSSO/goto/6/=06190596Z93/kns55/detail.aspx?QueryID=13&CurRec=16&dbcode=cjfq&dbname=CJFD0305&filename=ITSJ200310015	程序员	2003	2003年10期
刍议软件风险	http://sso.cdclib.org/interlibSSO/goto/6/=06190596Z93/kns55/detail.aspx?QueryID=13&CurRec=17&dbcode=cjfq&dbname=CJFD0305&filename=ITSJ200310016	程序员	2003	2003年10期
设计“好看”的用户界面	http://sso.cdclib.org/interlibSSO/goto/6/=06190596Z93/kns55/detail.aspx?QueryID=13&CurRec=18&dbcode=cjfq&dbname=CJFD0305&filename=ITSJ200310017	程序员	2003	2003年10期
透视垃圾信与邮件病毒	http://sso.cdclib.org/interlibSSO/goto/6/=06190596Z93/kns55/detail.aspx?QueryID=13&CurRec=19&dbcode=cjfq&dbname=CJFD0305&filename=ITSJ200310018	程序员	2003	2003年10期
电子邮件协议浅析	http://sso.cdclib.org/interlibSSO/goto/6/=06190596Z93/kns55/detail.aspx?QueryID=13&CurRec=20&dbcode=cjfq&dbname=CJFD0305&filename=ITSJ200310019	程序员	2003	2003年10期
垃圾vs.反垃圾:一场邮件技术的较量	http://sso.cdclib.org/interlibSSO/goto/6/=06190596Z93/kns55/detail.aspx?QueryID=13&CurRec=21&dbcode=cjfq&dbname=CJFD0305&filename=ITSJ200310020	程序员	2003	2003年10期
反垃圾信的新策略	http://sso.cdclib.org/interlibSSO/goto/6/=06190596Z93/kns55/detail.aspx?QueryID=13&CurRec=22&dbcode=cjfq&dbname=CJFD0305&filename=ITSJ200310021	程序员	2003	2003年10期
关于蠕虫病毒的对话	http://sso.cdclib.org/interlibSSO/goto/6/=06190596Z93/kns55/detail.aspx?QueryID=13&CurRec=23&dbcode=cjfq&dbname=CJFD0305&filename=ITSJ200310022	程序员	2003	2003年10期
技术名著序言欣赏	http://sso.cdclib.org/interlibSSO/goto/6/=06190596Z93/kns55/detail.aspx?QueryID=13&CurRec=24&dbcode=cjfq&dbname=CJFD0305&filename=ITSJ200310023	程序员	2003	2003年10期
数据库技术的新纪元——谈Oracle 10g与企业网格计算	http://sso.cdclib.org/interlibSSO/goto/6/=06190596Z93/kns55/detail.aspx?QueryID=13&CurRec=25&dbcode=cjfq&dbname=CJFD0305&filename=ITSJ200310024	程序员	2003	2003年10期
JavaServer Faces程序设计——JavaServer Faces基本架构与基本程序设计(一)	http://sso.cdclib.org/interlibSSO/goto/6/=06190596Z93/kns55/detail.aspx?QueryID=13&CurRec=26&dbcode=cjfq&dbname=CJFD0305&filename=ITSJ200310025	程序员	2003	2003年10期
ACE与GoF设计模式——Adapter模式在ACE内存管理类中的应用	http://sso.cdclib.org/interlibSSO/goto/6/=06190596Z93/kns55/detail.aspx?QueryID=13&CurRec=27&dbcode=cjfq&dbname=CJFD0305&filename=ITSJ200310026	程序员	2003	2003年10期
冬眠的数据库(下)——深入了解Hibernate	http://sso.cdclib.org/interlibSSO/goto/6/=06190596Z93/kns55/detail.aspx?QueryID=13&CurRec=28&dbcode=cjfq&dbname=CJFD0305&filename=ITSJ200310027	程序员	2003	2003年10期
浅谈内存泄漏	http://sso.cdclib.org/interlibSSO/goto/6/=06190596Z93/kns55/detail.aspx?QueryID=13&CurRec=29&dbcode=cjfq&dbname=CJFD0305&filename=ITSJ200310028	程序员	2003	2003年10期
VCL Framework的演化-VCL.NET 生命总会寻找到出路!	http://sso.cdclib.org/interlibSSO/goto/6/=06190596Z93/kns55/detail.aspx?QueryID=13&CurRec=30&dbcode=cjfq&dbname=CJFD0305&filename=ITSJ200310029	程序员	2003	2003年10期
WWW搜索问题——2003年第8期题解	http://sso.cdclib.org/interlibSSO/goto/6/=06190596Z93/kns55/detail.aspx?QueryID=13&CurRec=31&dbcode=cjfq&dbname=CJFD0305&filename=ITSJ200310030	程序员	2003	2003年10期
如何选择性能测试工具?	http://sso.cdclib.org/interlibSSO/goto/6/=06190596Z93/kns55/detail.aspx?QueryID=13&CurRec=32&dbcode=cjfq&dbname=CJFD0305&filename=ITSJ200310031	程序员	2003	2003年10期
蜻蜓点水——点评VB.NET系列书籍	http://sso.cdclib.org/interlibSSO/goto/6/=06190596Z93/kns55/detail.aspx?QueryID=13&CurRec=33&dbcode=cjfq&dbname=CJFD0305&filename=ITSJ200310032	程序员	2003	2003年10期
.NET学习的起点——《.NET大局观》引介	http://sso.cdclib.org/interlibSSO/goto/6/=06190596Z93/kns55/detail.aspx?QueryID=13&CurRec=34&dbcode=cjfq&dbname=CJFD0305&filename=ITSJ200310033	程序员	2003	2003年10期
MDA开发过程——《解析MDA》精彩选读	http://sso.cdclib.org/interlibSSO/goto/6/=06190596Z93/kns55/detail.aspx?QueryID=13&CurRec=35&dbcode=cjfq&dbname=CJFD0305&filename=ITSJ200310034	程序员	2003	2003年10期
好书榜 软件工程专题	http://sso.cdclib.org/interlibSSO/goto/6/=06190596Z93/kns55/detail.aspx?QueryID=13&CurRec=36&dbcode=cjfq&dbname=CJFD0305&filename=ITSJ200310035	程序员	2003	2003年10期
amone社区	http://sso.cdclib.org/interlibSSO/goto/6/=06190596Z93/kns55/detail.aspx?QueryID=13&CurRec=37&dbcode=cjfq&dbname=CJFD0305&filename=ITSJ200310036	程序员	2003	2003年10期
来信选登	http://sso.cdclib.org/interlibSSO/goto/6/=06190596Z93/kns55/detail.aspx?QueryID=13&CurRec=38&dbcode=cjfq&dbname=CJFD0305&filename=ITSJ200310037	程序员	2003	2003年10期
厂商直击	http://sso.cdclib.org/interlibSSO/goto/6/=06190596Z93/kns55/detail.aspx?QueryID=13&CurRec=39&dbcode=cjfq&dbname=CJFD0305&filename=ITSJ200310038	程序员	2003	2003年10期
开源领袖&顶尖黑客——Eric Raymond	http://sso.cdclib.org/interlibSSO/goto/6/=06190596Z93/kns55/detail.aspx?QueryID=18&CurRec=1&dbcode=cjfq&dbname=CJFD0305&filename=ITSJ200309000	程序员	2003	2003年09期
封面书摘	http://sso.cdclib.org/interlibSSO/goto/6/=06190596Z93/kns55/detail.aspx?QueryID=18&CurRec=2&dbcode=cjfq&dbname=CJFD0305&filename=ITSJ200309001	程序员	2003	2003年09期
武装数码程序员	http://sso.cdclib.org/interlibSSO/goto/6/=06190596Z93/kns55/detail.aspx?QueryID=18&CurRec=3&dbcode=cjfq&dbname=CJFD0305&filename=ITSJ200309002	程序员	2003	2003年09期
每月播报	http://sso.cdclib.org/interlibSSO/goto/6/=06190596Z93/kns55/detail.aspx?QueryID=18&CurRec=4&dbcode=cjfq&dbname=CJFD0305&filename=ITSJ200309003	程序员	2003	2003年09期
对日软件出口梦想	http://sso.cdclib.org/interlibSSO/goto/6/=06190596Z93/kns55/detail.aspx?QueryID=18&CurRec=5&dbcode=cjfq&dbname=CJFD0305&filename=ITSJ200309004	程序员	2003	2003年09期
对话中间件技术趋势	http://sso.cdclib.org/interlibSSO/goto/6/=06190596Z93/kns55/detail.aspx?QueryID=18&CurRec=6&dbcode=cjfq&dbname=CJFD0305&filename=ITSJ200309005	程序员	2003	2003年09期
软件思想家Gerald Weinberg专访	http://sso.cdclib.org/interlibSSO/goto/6/=06190596Z93/kns55/detail.aspx?QueryID=18&CurRec=7&dbcode=cjfq&dbname=CJFD0305&filename=ITSJ200309006	程序员	2003	2003年09期
Smartphone开发	http://sso.cdclib.org/interlibSSO/goto/6/=06190596Z93/kns55/detail.aspx?QueryID=18&CurRec=8&dbcode=cjfq&dbname=CJFD0305&filename=ITSJ200309007	程序员	2003	2003年09期
PowerBuilder传奇	http://sso.cdclib.org/interlibSSO/goto/6/=06190596Z93/kns55/detail.aspx?QueryID=18&CurRec=9&dbcode=cjfq&dbname=CJFD0305&filename=ITSJ200309008	程序员	2003	2003年09期
基于J2EE的产品架构设计最佳实践	http://sso.cdclib.org/interlibSSO/goto/6/=06190596Z93/kns55/detail.aspx?QueryID=18&CurRec=10&dbcode=cjfq&dbname=CJFD0305&filename=ITSJ200309009	程序员	2003	2003年09期
立项管理	http://sso.cdclib.org/interlibSSO/goto/6/=06190596Z93/kns55/detail.aspx?QueryID=18&CurRec=11&dbcode=cjfq&dbname=CJFD0305&filename=ITSJ200309010	程序员	2003	2003年09期
软件产品实施经验汇编	http://sso.cdclib.org/interlibSSO/goto/6/=06190596Z93/kns55/detail.aspx?QueryID=18&CurRec=12&dbcode=cjfq&dbname=CJFD0305&filename=ITSJ200309011	程序员	2003	2003年09期
奇妙的二叉树	http://sso.cdclib.org/interlibSSO/goto/6/=06190596Z93/kns55/detail.aspx?QueryID=18&CurRec=13&dbcode=cjfq&dbname=CJFD0305&filename=ITSJ200309012	程序员	2003	2003年09期
加密与解密	http://sso.cdclib.org/interlibSSO/goto/6/=06190596Z93/kns55/detail.aspx?QueryID=18&CurRec=14&dbcode=cjfq&dbname=CJFD0305&filename=ITSJ200309013	程序员	2003	2003年09期
加密与解密发展历史	http://sso.cdclib.org/interlibSSO/goto/6/=06190596Z93/kns55/detail.aspx?QueryID=18&CurRec=15&dbcode=cjfq&dbname=CJFD0305&filename=ITSJ200309014	程序员	2003	2003年09期
软件解密技术简介	http://sso.cdclib.org/interlibSSO/goto/6/=06190596Z93/kns55/detail.aspx?QueryID=18&CurRec=16&dbcode=cjfq&dbname=CJFD0305&filename=ITSJ200309015	程序员	2003	2003年09期
逆向工程	http://sso.cdclib.org/interlibSSO/goto/6/=06190596Z93/kns55/detail.aspx?QueryID=18&CurRec=17&dbcode=cjfq&dbname=CJFD0305&filename=ITSJ200309016	程序员	2003	2003年09期
如何防范动态调试	http://sso.cdclib.org/interlibSSO/goto/6/=06190596Z93/kns55/detail.aspx?QueryID=18&CurRec=18&dbcode=cjfq&dbname=CJFD0305&filename=ITSJ200309017	程序员	2003	2003年09期
如何防范算法求逆	http://sso.cdclib.org/interlibSSO/goto/6/=06190596Z93/kns55/detail.aspx?QueryID=18&CurRec=19&dbcode=cjfq&dbname=CJFD0305&filename=ITSJ200309018	程序员	2003	2003年09期
如何防范暴力破解	http://sso.cdclib.org/interlibSSO/goto/6/=06190596Z93/kns55/detail.aspx?QueryID=18&CurRec=20&dbcode=cjfq&dbname=CJFD0305&filename=ITSJ200309019	程序员	2003	2003年09期
软件保护的若干忠告	http://sso.cdclib.org/interlibSSO/goto/6/=06190596Z93/kns55/detail.aspx?QueryID=18&CurRec=21&dbcode=cjfq&dbname=CJFD0305&filename=ITSJ200309020	程序员	2003	2003年09期
献给所有热爱编程和游戏的人们——怀念图形魔术师Seumas McNally	http://sso.cdclib.org/interlibSSO/goto/6/=06190596Z93/kns55/detail.aspx?QueryID=18&CurRec=22&dbcode=cjfq&dbname=CJFD0305&filename=ITSJ200309021	程序员	2003	2003年09期
GNU Emacs体系架构评论	http://sso.cdclib.org/interlibSSO/goto/6/=06190596Z93/kns55/detail.aspx?QueryID=18&CurRec=23&dbcode=cjfq&dbname=CJFD0305&filename=ITSJ200309022	程序员	2003	2003年09期
使用C#Builder和设计模式在.NET中管理Unmanaged程序代码	http://sso.cdclib.org/interlibSSO/goto/6/=06190596Z93/kns55/detail.aspx?QueryID=18&CurRec=24&dbcode=cjfq&dbname=CJFD0305&filename=ITSJ200309023	程序员	2003	2003年09期
JavaServer Faces程序设计——JavaServer Faces基本架构与基本程序设计(一)	http://sso.cdclib.org/interlibSSO/goto/6/=06190596Z93/kns55/detail.aspx?QueryID=18&CurRec=25&dbcode=cjfq&dbname=CJFD0305&filename=ITSJ200309024	程序员	2003	2003年09期
冬眠的数据库(上)——Hibernate初接触	http://sso.cdclib.org/interlibSSO/goto/6/=06190596Z93/kns55/detail.aspx?QueryID=18&CurRec=26&dbcode=cjfq&dbname=CJFD0305&filename=ITSJ200309025	程序员	2003	2003年09期
Boost源码剖析之:泛型函数指针类boost::function之生死因果	http://sso.cdclib.org/interlibSSO/goto/6/=06190596Z93/kns55/detail.aspx?QueryID=18&CurRec=27&dbcode=cjfq&dbname=CJFD0305&filename=ITSJ200309026	程序员	2003	2003年09期
钩子应用之键盘钩子——键盘小管家	http://sso.cdclib.org/interlibSSO/goto/6/=06190596Z93/kns55/detail.aspx?QueryID=18&CurRec=28&dbcode=cjfq&dbname=CJFD0305&filename=ITSJ200309027	程序员	2003	2003年09期
仓库问题——2003年第7期题解	http://sso.cdclib.org/interlibSSO/goto/6/=06190596Z93/kns55/detail.aspx?QueryID=18&CurRec=29&dbcode=cjfq&dbname=CJFD0305&filename=ITSJ200309028	程序员	2003	2003年09期
CSDN 8月论坛TOP 10	http://sso.cdclib.org/interlibSSO/goto/6/=06190596Z93/kns55/detail.aspx?QueryID=18&CurRec=30&dbcode=cjfq&dbname=CJFD0305&filename=ITSJ200309029	程序员	2003	2003年09期
专家门诊	http://sso.cdclib.org/interlibSSO/goto/6/=06190596Z93/kns55/detail.aspx?QueryID=18&CurRec=31&dbcode=cjfq&dbname=CJFD0305&filename=ITSJ200309030	程序员	2003	2003年09期
测试工具的选择和使用	http://sso.cdclib.org/interlibSSO/goto/6/=06190596Z93/kns55/detail.aspx?QueryID=18&CurRec=32&dbcode=cjfq&dbname=CJFD0305&filename=ITSJ200309031	程序员	2003	2003年09期
精雕细刻 璞玉天成——评《加密与解密》(第二版)	http://sso.cdclib.org/interlibSSO/goto/6/=06190596Z93/kns55/detail.aspx?QueryID=18&CurRec=33&dbcode=cjfq&dbname=CJFD0305&filename=ITSJ200309032	程序员	2003	2003年09期
Agile Software Development趣事	http://sso.cdclib.org/interlibSSO/goto/6/=06190596Z93/kns55/detail.aspx?QueryID=18&CurRec=34&dbcode=cjfq&dbname=CJFD0305&filename=ITSJ200309033	程序员	2003	2003年09期
JAVA语言的异常处理——《Practical Java》中文版精彩选读	http://sso.cdclib.org/interlibSSO/goto/6/=06190596Z93/kns55/detail.aspx?QueryID=18&CurRec=35&dbcode=cjfq&dbname=CJFD0305&filename=ITSJ200309034	程序员	2003	2003年09期
《程序员》好书榜:.NET专题	http://sso.cdclib.org/interlibSSO/goto/6/=06190596Z93/kns55/detail.aspx?QueryID=18&CurRec=36&dbcode=cjfq&dbname=CJFD0305&filename=ITSJ200309035	程序员	2003	2003年09期
amone社区	http://sso.cdclib.org/interlibSSO/goto/6/=06190596Z93/kns55/detail.aspx?QueryID=18&CurRec=37&dbcode=cjfq&dbname=CJFD0305&filename=ITSJ200309036	程序员	2003	2003年09期
山雨欲来的Linux人才争夺战	http://sso.cdclib.org/interlibSSO/goto/6/=06190596Z93/kns55/detail.aspx?QueryID=18&CurRec=38&dbcode=cjfq&dbname=CJFD0305&filename=ITSJ200309037	程序员	2003	2003年09期
厂商直击	http://sso.cdclib.org/interlibSSO/goto/6/=06190596Z93/kns55/detail.aspx?QueryID=18&CurRec=39&dbcode=cjfq&dbname=CJFD0305&filename=ITSJ200309038	程序员	2003	2003年09期
为什么要掌握加密与解密技术	http://sso.cdclib.org/interlibSSO/goto/6/=06190596Z93/kns55/detail.aspx?QueryID=18&CurRec=40&dbcode=cjfq&dbname=CJFD0305&filename=ITSJ200309039	程序员	2003	2003年09期
杰拉尔德·温伯格——软件与系统领域的“醒客”	http://sso.cdclib.org/interlibSSO/goto/6/=06190596Z93/kns55/detail.aspx?QueryID=23&CurRec=1&dbcode=cjfq&dbname=CJFD0305&filename=ITSJ200308000	程序员	2003	2003年08期
封面书摘	http://sso.cdclib.org/interlibSSO/goto/6/=06190596Z93/kns55/detail.aspx?QueryID=23&CurRec=2&dbcode=cjfq&dbname=CJFD0305&filename=ITSJ200308001	程序员	2003	2003年08期
程序员调查⑩ 程序员空间革命	http://sso.cdclib.org/interlibSSO/goto/6/=06190596Z93/kns55/detail.aspx?QueryID=23&CurRec=3&dbcode=cjfq&dbname=CJFD0305&filename=ITSJ200308002	程序员	2003	2003年08期
每月播报	http://sso.cdclib.org/interlibSSO/goto/6/=06190596Z93/kns55/detail.aspx?QueryID=23&CurRec=4&dbcode=cjfq&dbname=CJFD0305&filename=ITSJ200308003	程序员	2003	2003年08期
突破再培训迷宫——中国软件企业该到重视培训的时候了	http://sso.cdclib.org/interlibSSO/goto/6/=06190596Z93/kns55/detail.aspx?QueryID=23&CurRec=5&dbcode=cjfq&dbname=CJFD0305&filename=ITSJ200308004	程序员	2003	2003年08期
Java/.NET时代的选择(续)	http://sso.cdclib.org/interlibSSO/goto/6/=06190596Z93/kns55/detail.aspx?QueryID=23&CurRec=6&dbcode=cjfq&dbname=CJFD0305&filename=ITSJ200308005	程序员	2003	2003年08期
EJB设计模式访谈录	http://sso.cdclib.org/interlibSSO/goto/6/=06190596Z93/kns55/detail.aspx?QueryID=23&CurRec=7&dbcode=cjfq&dbname=CJFD0305&filename=ITSJ200308006	程序员	2003	2003年08期
P2P的新境界	http://sso.cdclib.org/interlibSSO/goto/6/=06190596Z93/kns55/detail.aspx?QueryID=23&CurRec=8&dbcode=cjfq&dbname=CJFD0305&filename=ITSJ200308007	程序员	2003	2003年08期
来自摩尔多瓦的编程小子	http://sso.cdclib.org/interlibSSO/goto/6/=06190596Z93/kns55/detail.aspx?QueryID=23&CurRec=9&dbcode=cjfq&dbname=CJFD0305&filename=ITSJ200308008	程序员	2003	2003年08期
一切从沟通开始	http://sso.cdclib.org/interlibSSO/goto/6/=06190596Z93/kns55/detail.aspx?QueryID=23&CurRec=10&dbcode=cjfq&dbname=CJFD0305&filename=ITSJ200308009	程序员	2003	2003年08期
JBoss:偏执者的生存	http://sso.cdclib.org/interlibSSO/goto/6/=06190596Z93/kns55/detail.aspx?QueryID=23&CurRec=11&dbcode=cjfq&dbname=CJFD0305&filename=ITSJ200308010	程序员	2003	2003年08期
游戏制作全接触	http://sso.cdclib.org/interlibSSO/goto/6/=06190596Z93/kns55/detail.aspx?QueryID=23&CurRec=12&dbcode=cjfq&dbname=CJFD0305&filename=ITSJ200308011	程序员	2003	2003年08期
企业·产品·人(下)	http://sso.cdclib.org/interlibSSO/goto/6/=06190596Z93/kns55/detail.aspx?QueryID=23&CurRec=13&dbcode=cjfq&dbname=CJFD0305&filename=ITSJ200308012	程序员	2003	2003年08期
软件质量保障与软件企业发展	http://sso.cdclib.org/interlibSSO/goto/6/=06190596Z93/kns55/detail.aspx?QueryID=23&CurRec=14&dbcode=cjfq&dbname=CJFD0305&filename=ITSJ200308013	程序员	2003	2003年08期
从“魔力整合针线”谈起	http://sso.cdclib.org/interlibSSO/goto/6/=06190596Z93/kns55/detail.aspx?QueryID=23&CurRec=15&dbcode=cjfq&dbname=CJFD0305&filename=ITSJ200308014	程序员	2003	2003年08期
Robocode——我的乐趣	http://sso.cdclib.org/interlibSSO/goto/6/=06190596Z93/kns55/detail.aspx?QueryID=23&CurRec=16&dbcode=cjfq&dbname=CJFD0305&filename=ITSJ200308015	程序员	2003	2003年08期
打造自己的第一个机器人	http://sso.cdclib.org/interlibSSO/goto/6/=06190596Z93/kns55/detail.aspx?QueryID=23&CurRec=17&dbcode=cjfq&dbname=CJFD0305&filename=ITSJ200308016	程序员	2003	2003年08期
DIY实战机器人	http://sso.cdclib.org/interlibSSO/goto/6/=06190596Z93/kns55/detail.aspx?QueryID=23&CurRec=18&dbcode=cjfq&dbname=CJFD0305&filename=ITSJ200308017	程序员	2003	2003年08期
ChameleonSP1.0代码剖析	http://sso.cdclib.org/interlibSSO/goto/6/=06190596Z93/kns55/detail.aspx?QueryID=23&CurRec=19&dbcode=cjfq&dbname=CJFD0305&filename=ITSJ200308018	程序员	2003	2003年08期
高级瞄准策略	http://sso.cdclib.org/interlibSSO/goto/6/=06190596Z93/kns55/detail.aspx?QueryID=23&CurRec=20&dbcode=cjfq&dbname=CJFD0305&filename=ITSJ200308019	程序员	2003	2003年08期
Robocode内核揭秘	http://sso.cdclib.org/interlibSSO/goto/6/=06190596Z93/kns55/detail.aspx?QueryID=23&CurRec=21&dbcode=cjfq&dbname=CJFD0305&filename=ITSJ200308020	程序员	2003	2003年08期
如果建筑师像程序员一样工作	http://sso.cdclib.org/interlibSSO/goto/6/=06190596Z93/kns55/detail.aspx?QueryID=23&CurRec=22&dbcode=cjfq&dbname=CJFD0305&filename=ITSJ200308021	程序员	2003	2003年08期
POPFile	http://sso.cdclib.org/interlibSSO/goto/6/=06190596Z93/kns55/detail.aspx?QueryID=23&CurRec=23&dbcode=cjfq&dbname=CJFD0305&filename=ITSJ200308022	程序员	2003	2003年08期
C＃Builder的企业级快速数据库存取技术	http://sso.cdclib.org/interlibSSO/goto/6/=06190596Z93/kns55/detail.aspx?QueryID=23&CurRec=24&dbcode=cjfq&dbname=CJFD0305&filename=ITSJ200308023	程序员	2003	2003年08期
编程扩展“记事本”功能(下)	http://sso.cdclib.org/interlibSSO/goto/6/=06190596Z93/kns55/detail.aspx?QueryID=23&CurRec=25&dbcode=cjfq&dbname=CJFD0305&filename=ITSJ200308024	程序员	2003	2003年08期
通过Java软可及对象的重获提高程序性能	http://sso.cdclib.org/interlibSSO/goto/6/=06190596Z93/kns55/detail.aspx?QueryID=23&CurRec=26&dbcode=cjfq&dbname=CJFD0305&filename=ITSJ200308025	程序员	2003	2003年08期
反叛之冰:Internet Communicatins Engine	http://sso.cdclib.org/interlibSSO/goto/6/=06190596Z93/kns55/detail.aspx?QueryID=23&CurRec=27&dbcode=cjfq&dbname=CJFD0305&filename=ITSJ200308026	程序员	2003	2003年08期
使用锁监视器检测C++中的死锁	http://sso.cdclib.org/interlibSSO/goto/6/=06190596Z93/kns55/detail.aspx?QueryID=23&CurRec=28&dbcode=cjfq&dbname=CJFD0305&filename=ITSJ200308027	程序员	2003	2003年08期
钩子应用之鼠标钩子——取回忘记的密码	http://sso.cdclib.org/interlibSSO/goto/6/=06190596Z93/kns55/detail.aspx?QueryID=23&CurRec=29&dbcode=cjfq&dbname=CJFD0305&filename=ITSJ200308028	程序员	2003	2003年08期
初识LDAP	http://sso.cdclib.org/interlibSSO/goto/6/=06190596Z93/kns55/detail.aspx?QueryID=23&CurRec=30&dbcode=cjfq&dbname=CJFD0305&filename=ITSJ200308029	程序员	2003	2003年08期
文件时间问题——2003年第6期题解	http://sso.cdclib.org/interlibSSO/goto/6/=06190596Z93/kns55/detail.aspx?QueryID=23&CurRec=31&dbcode=cjfq&dbname=CJFD0305&filename=ITSJ200308030	程序员	2003	2003年08期
CSDN 7月论坛TOP 10	http://sso.cdclib.org/interlibSSO/goto/6/=06190596Z93/kns55/detail.aspx?QueryID=23&CurRec=32&dbcode=cjfq&dbname=CJFD0305&filename=ITSJ200308031	程序员	2003	2003年08期
专家门诊	http://sso.cdclib.org/interlibSSO/goto/6/=06190596Z93/kns55/detail.aspx?QueryID=23&CurRec=33&dbcode=cjfq&dbname=CJFD0305&filename=ITSJ200308032	程序员	2003	2003年08期
完全用Linux处理日常事务	http://sso.cdclib.org/interlibSSO/goto/6/=06190596Z93/kns55/detail.aspx?QueryID=23&CurRec=34&dbcode=cjfq&dbname=CJFD0305&filename=ITSJ200308033	程序员	2003	2003年08期
软件开发新思维——介绍Cockburn《Agile Software Development》	http://sso.cdclib.org/interlibSSO/goto/6/=06190596Z93/kns55/detail.aspx?QueryID=23&CurRec=35&dbcode=cjfq&dbname=CJFD0305&filename=ITSJ200308034	程序员	2003	2003年08期
永不停息的程序——评《Programming Server-side Application for Microsoft Windows 2000》	http://sso.cdclib.org/interlibSSO/goto/6/=06190596Z93/kns55/detail.aspx?QueryID=23&CurRec=36&dbcode=cjfq&dbname=CJFD0305&filename=ITSJ200308035	程序员	2003	2003年08期
契约式设计的收益——《Design By Contract原则与实践》精彩片断选读	http://sso.cdclib.org/interlibSSO/goto/6/=06190596Z93/kns55/detail.aspx?QueryID=23&CurRec=37&dbcode=cjfq&dbname=CJFD0305&filename=ITSJ200308036	程序员	2003	2003年08期
编读往来	http://sso.cdclib.org/interlibSSO/goto/6/=06190596Z93/kns55/detail.aspx?QueryID=23&CurRec=38&dbcode=cjfq&dbname=CJFD0305&filename=ITSJ200308037	程序员	2003	2003年08期
厂商直击	http://sso.cdclib.org/interlibSSO/goto/6/=06190596Z93/kns55/detail.aspx?QueryID=23&CurRec=39&dbcode=cjfq&dbname=CJFD0305&filename=ITSJ200308038	程序员	2003	2003年08期
自学成才的编程先驱:Robert W.Floyd	http://sso.cdclib.org/interlibSSO/goto/6/=06190596Z93/kns55/detail.aspx?QueryID=28&CurRec=1&dbcode=cjfq&dbname=CJFD0305&filename=ITSJ200307000	程序员	2003	2003年07期
封面书摘	http://sso.cdclib.org/interlibSSO/goto/6/=06190596Z93/kns55/detail.aspx?QueryID=28&CurRec=2&dbcode=cjfq&dbname=CJFD0305&filename=ITSJ200307001	程序员	2003	2003年07期
我的黑夜比白天多	http://sso.cdclib.org/interlibSSO/goto/6/=06190596Z93/kns55/detail.aspx?QueryID=28&CurRec=3&dbcode=cjfq&dbname=CJFD0305&filename=ITSJ200307002	程序员	2003	2003年07期
每月播报	http://sso.cdclib.org/interlibSSO/goto/6/=06190596Z93/kns55/detail.aspx?QueryID=28&CurRec=4&dbcode=cjfq&dbname=CJFD0305&filename=ITSJ200307003	程序员	2003	2003年07期
碰撞中、港、台三地程序员	http://sso.cdclib.org/interlibSSO/goto/6/=06190596Z93/kns55/detail.aspx?QueryID=28&CurRec=5&dbcode=cjfq&dbname=CJFD0305&filename=ITSJ200307004	程序员	2003	2003年07期
有一种自由叫开源	http://sso.cdclib.org/interlibSSO/goto/6/=06190596Z93/kns55/detail.aspx?QueryID=28&CurRec=6&dbcode=cjfq&dbname=CJFD0305&filename=ITSJ200307005	程序员	2003	2003年07期
J2EE高手袁红岗	http://sso.cdclib.org/interlibSSO/goto/6/=06190596Z93/kns55/detail.aspx?QueryID=28&CurRec=7&dbcode=cjfq&dbname=CJFD0305&filename=ITSJ200307006	程序员	2003	2003年07期
Borland,继续赢得尊敬	http://sso.cdclib.org/interlibSSO/goto/6/=06190596Z93/kns55/detail.aspx?QueryID=28&CurRec=8&dbcode=cjfq&dbname=CJFD0305&filename=ITSJ200307007	程序员	2003	2003年07期
Blog技术与软件开发	http://sso.cdclib.org/interlibSSO/goto/6/=06190596Z93/kns55/detail.aspx?QueryID=28&CurRec=9&dbcode=cjfq&dbname=CJFD0305&filename=ITSJ200307008	程序员	2003	2003年07期
后生可畏——CSAI最年轻的系统分析员	http://sso.cdclib.org/interlibSSO/goto/6/=06190596Z93/kns55/detail.aspx?QueryID=28&CurRec=10&dbcode=cjfq&dbname=CJFD0305&filename=ITSJ200307009	程序员	2003	2003年07期
[史前Java]绿色之旅	http://sso.cdclib.org/interlibSSO/goto/6/=06190596Z93/kns55/detail.aspx?QueryID=28&CurRec=11&dbcode=cjfq&dbname=CJFD0305&filename=ITSJ200307010	程序员	2003	2003年07期
企业·产品·人(上)	http://sso.cdclib.org/interlibSSO/goto/6/=06190596Z93/kns55/detail.aspx?QueryID=28&CurRec=12&dbcode=cjfq&dbname=CJFD0305&filename=ITSJ200307011	程序员	2003	2003年07期
利用Ant来完成Daily Building和Testing	http://sso.cdclib.org/interlibSSO/goto/6/=06190596Z93/kns55/detail.aspx?QueryID=28&CurRec=13&dbcode=cjfq&dbname=CJFD0305&filename=ITSJ200307012	程序员	2003	2003年07期
寻找“小李飞刀”	http://sso.cdclib.org/interlibSSO/goto/6/=06190596Z93/kns55/detail.aspx?QueryID=28&CurRec=14&dbcode=cjfq&dbname=CJFD0305&filename=ITSJ200307013	程序员	2003	2003年07期
为何选择Web框架	http://sso.cdclib.org/interlibSSO/goto/6/=06190596Z93/kns55/detail.aspx?QueryID=28&CurRec=15&dbcode=cjfq&dbname=CJFD0305&filename=ITSJ200307014	程序员	2003	2003年07期
Turbine探索	http://sso.cdclib.org/interlibSSO/goto/6/=06190596Z93/kns55/detail.aspx?QueryID=28&CurRec=16&dbcode=cjfq&dbname=CJFD0305&filename=ITSJ200307015	程序员	2003	2003年07期
Jetspeed、Portlet和RSS	http://sso.cdclib.org/interlibSSO/goto/6/=06190596Z93/kns55/detail.aspx?QueryID=28&CurRec=17&dbcode=cjfq&dbname=CJFD0305&filename=ITSJ200307016	程序员	2003	2003年07期
Tapestry初接触	http://sso.cdclib.org/interlibSSO/goto/6/=06190596Z93/kns55/detail.aspx?QueryID=28&CurRec=18&dbcode=cjfq&dbname=CJFD0305&filename=ITSJ200307017	程序员	2003	2003年07期
Zope——独树一帜的Web框架	http://sso.cdclib.org/interlibSSO/goto/6/=06190596Z93/kns55/detail.aspx?QueryID=28&CurRec=19&dbcode=cjfq&dbname=CJFD0305&filename=ITSJ200307018	程序员	2003	2003年07期
Jabber简介	http://sso.cdclib.org/interlibSSO/goto/6/=06190596Z93/kns55/detail.aspx?QueryID=28&CurRec=20&dbcode=cjfq&dbname=CJFD0305&filename=ITSJ200307019	程序员	2003	2003年07期
编程扩展“记事本”功能(上)	http://sso.cdclib.org/interlibSSO/goto/6/=06190596Z93/kns55/detail.aspx?QueryID=28&CurRec=21&dbcode=cjfq&dbname=CJFD0305&filename=ITSJ200307020	程序员	2003	2003年07期
Borland C#Builder:吹响.NET进军企业级市场的号角	http://sso.cdclib.org/interlibSSO/goto/6/=06190596Z93/kns55/detail.aspx?QueryID=28&CurRec=22&dbcode=cjfq&dbname=CJFD0305&filename=ITSJ200307021	程序员	2003	2003年07期
Java编程语言中的类型协变	http://sso.cdclib.org/interlibSSO/goto/6/=06190596Z93/kns55/detail.aspx?QueryID=28&CurRec=23&dbcode=cjfq&dbname=CJFD0305&filename=ITSJ200307022	程序员	2003	2003年07期
JSP中的安全性	http://sso.cdclib.org/interlibSSO/goto/6/=06190596Z93/kns55/detail.aspx?QueryID=28&CurRec=24&dbcode=cjfq&dbname=CJFD0305&filename=ITSJ200307023	程序员	2003	2003年07期
ORACLE的执行计划稳定性	http://sso.cdclib.org/interlibSSO/goto/6/=06190596Z93/kns55/detail.aspx?QueryID=28&CurRec=25&dbcode=cjfq&dbname=CJFD0305&filename=ITSJ200307024	程序员	2003	2003年07期
一个小型虚拟机的实现(二)	http://sso.cdclib.org/interlibSSO/goto/6/=06190596Z93/kns55/detail.aspx?QueryID=28&CurRec=26&dbcode=cjfq&dbname=CJFD0305&filename=ITSJ200307025	程序员	2003	2003年07期
文件时间问题——2003年第5期题解	http://sso.cdclib.org/interlibSSO/goto/6/=06190596Z93/kns55/detail.aspx?QueryID=28&CurRec=27&dbcode=cjfq&dbname=CJFD0305&filename=ITSJ200307026	程序员	2003	2003年07期
专家门诊	http://sso.cdclib.org/interlibSSO/goto/6/=06190596Z93/kns55/detail.aspx?QueryID=28&CurRec=28&dbcode=cjfq&dbname=CJFD0305&filename=ITSJ200307027	程序员	2003	2003年07期
如何选择配置管理工具?	http://sso.cdclib.org/interlibSSO/goto/6/=06190596Z93/kns55/detail.aspx?QueryID=28&CurRec=29&dbcode=cjfq&dbname=CJFD0305&filename=ITSJ200307028	程序员	2003	2003年07期
重构之维——关于重构及《重构》的随想	http://sso.cdclib.org/interlibSSO/goto/6/=06190596Z93/kns55/detail.aspx?QueryID=28&CurRec=30&dbcode=cjfq&dbname=CJFD0305&filename=ITSJ200307029	程序员	2003	2003年07期
来自另一个帝国的消息	http://sso.cdclib.org/interlibSSO/goto/6/=06190596Z93/kns55/detail.aspx?QueryID=28&CurRec=31&dbcode=cjfq&dbname=CJFD0305&filename=ITSJ200307030	程序员	2003	2003年07期
编程高手箴言	http://sso.cdclib.org/interlibSSO/goto/6/=06190596Z93/kns55/detail.aspx?QueryID=28&CurRec=32&dbcode=cjfq&dbname=CJFD0305&filename=ITSJ200307031	程序员	2003	2003年07期
好书推荐	http://sso.cdclib.org/interlibSSO/goto/6/=06190596Z93/kns55/detail.aspx?QueryID=28&CurRec=33&dbcode=cjfq&dbname=CJFD0305&filename=ITSJ200307032	程序员	2003	2003年07期
程序员论坛	http://sso.cdclib.org/interlibSSO/goto/6/=06190596Z93/kns55/detail.aspx?QueryID=28&CurRec=34&dbcode=cjfq&dbname=CJFD0305&filename=ITSJ200307033	程序员	2003	2003年07期
问卷&索引	http://sso.cdclib.org/interlibSSO/goto/6/=06190596Z93/kns55/detail.aspx?QueryID=28&CurRec=35&dbcode=cjfq&dbname=CJFD0305&filename=ITSJ200307034	程序员	2003	2003年07期
厂商直击	http://sso.cdclib.org/interlibSSO/goto/6/=06190596Z93/kns55/detail.aspx?QueryID=28&CurRec=36&dbcode=cjfq&dbname=CJFD0305&filename=ITSJ200307035	程序员	2003	2003年07期
IBM小子:John Cocke	http://sso.cdclib.org/interlibSSO/goto/6/=06190596Z93/kns55/detail.aspx?QueryID=33&CurRec=1&dbcode=cjfq&dbname=CJFD0305&filename=ITSJ200306000	程序员	2003	2003年06期
程序员收藏网站	http://sso.cdclib.org/interlibSSO/goto/6/=06190596Z93/kns55/detail.aspx?QueryID=33&CurRec=2&dbcode=cjfq&dbname=CJFD0305&filename=ITSJ200306001	程序员	2003	2003年06期
每月播报	http://sso.cdclib.org/interlibSSO/goto/6/=06190596Z93/kns55/detail.aspx?QueryID=33&CurRec=3&dbcode=cjfq&dbname=CJFD0305&filename=ITSJ200306002	程序员	2003	2003年06期
直面CTO	http://sso.cdclib.org/interlibSSO/goto/6/=06190596Z93/kns55/detail.aspx?QueryID=33&CurRec=4&dbcode=cjfq&dbname=CJFD0305&filename=ITSJ200306003	程序员	2003	2003年06期
Java/.NET时代的选择	http://sso.cdclib.org/interlibSSO/goto/6/=06190596Z93/kns55/detail.aspx?QueryID=33&CurRec=5&dbcode=cjfq&dbname=CJFD0305&filename=ITSJ200306004	程序员	2003	2003年06期
C++之父:Bjarne Stroustrup	http://sso.cdclib.org/interlibSSO/goto/6/=06190596Z93/kns55/detail.aspx?QueryID=33&CurRec=6&dbcode=cjfq&dbname=CJFD0305&filename=ITSJ200306005	程序员	2003	2003年06期
64位软件开发进行时?	http://sso.cdclib.org/interlibSSO/goto/6/=06190596Z93/kns55/detail.aspx?QueryID=33&CurRec=7&dbcode=cjfq&dbname=CJFD0305&filename=ITSJ200306006	程序员	2003	2003年06期
地理位置:美国程序员的择业新观	http://sso.cdclib.org/interlibSSO/goto/6/=06190596Z93/kns55/detail.aspx?QueryID=33&CurRec=8&dbcode=cjfq&dbname=CJFD0305&filename=ITSJ200306007	程序员	2003	2003年06期
40岁考上系统分析员	http://sso.cdclib.org/interlibSSO/goto/6/=06190596Z93/kns55/detail.aspx?QueryID=33&CurRec=9&dbcode=cjfq&dbname=CJFD0305&filename=ITSJ200306008	程序员	2003	2003年06期
JBoss内幕故事	http://sso.cdclib.org/interlibSSO/goto/6/=06190596Z93/kns55/detail.aspx?QueryID=33&CurRec=10&dbcode=cjfq&dbname=CJFD0305&filename=ITSJ200306009	程序员	2003	2003年06期
抓住市场那只手——论开发两要素:最优化程序和易用性	http://sso.cdclib.org/interlibSSO/goto/6/=06190596Z93/kns55/detail.aspx?QueryID=33&CurRec=11&dbcode=cjfq&dbname=CJFD0305&filename=ITSJ200306010	程序员	2003	2003年06期
软件开发三步曲之项目收尾	http://sso.cdclib.org/interlibSSO/goto/6/=06190596Z93/kns55/detail.aspx?QueryID=33&CurRec=12&dbcode=cjfq&dbname=CJFD0305&filename=ITSJ200306011	程序员	2003	2003年06期
情系软件开发管理工具——专访Hansky(中国)公司GM&CTO刘开阳	http://sso.cdclib.org/interlibSSO/goto/6/=06190596Z93/kns55/detail.aspx?QueryID=33&CurRec=13&dbcode=cjfq&dbname=CJFD0305&filename=ITSJ200306012	程序员	2003	2003年06期
面向对象的医疗系统设计	http://sso.cdclib.org/interlibSSO/goto/6/=06190596Z93/kns55/detail.aspx?QueryID=33&CurRec=14&dbcode=cjfq&dbname=CJFD0305&filename=ITSJ200306013	程序员	2003	2003年06期
Java设计模式实战	http://sso.cdclib.org/interlibSSO/goto/6/=06190596Z93/kns55/detail.aspx?QueryID=33&CurRec=15&dbcode=cjfq&dbname=CJFD0305&filename=ITSJ200306014	程序员	2003	2003年06期
JUnit设计模式分析	http://sso.cdclib.org/interlibSSO/goto/6/=06190596Z93/kns55/detail.aspx?QueryID=33&CurRec=16&dbcode=cjfq&dbname=CJFD0305&filename=ITSJ200306015	程序员	2003	2003年06期
Jive和设计模式	http://sso.cdclib.org/interlibSSO/goto/6/=06190596Z93/kns55/detail.aspx?QueryID=33&CurRec=17&dbcode=cjfq&dbname=CJFD0305&filename=ITSJ200306016	程序员	2003	2003年06期
设计模式与JDBC编程	http://sso.cdclib.org/interlibSSO/goto/6/=06190596Z93/kns55/detail.aspx?QueryID=33&CurRec=18&dbcode=cjfq&dbname=CJFD0305&filename=ITSJ200306017	程序员	2003	2003年06期
JSF简介	http://sso.cdclib.org/interlibSSO/goto/6/=06190596Z93/kns55/detail.aspx?QueryID=33&CurRec=19&dbcode=cjfq&dbname=CJFD0305&filename=ITSJ200306018	程序员	2003	2003年06期
.NET开发工具劲旅——Borland C＃Builder	http://sso.cdclib.org/interlibSSO/goto/6/=06190596Z93/kns55/detail.aspx?QueryID=33&CurRec=20&dbcode=cjfq&dbname=CJFD0305&filename=ITSJ200306019	程序员	2003	2003年06期
建构与执行Java应用程序	http://sso.cdclib.org/interlibSSO/goto/6/=06190596Z93/kns55/detail.aspx?QueryID=33&CurRec=21&dbcode=cjfq&dbname=CJFD0305&filename=ITSJ200306020	程序员	2003	2003年06期
ADO和ADO.NET的比较	http://sso.cdclib.org/interlibSSO/goto/6/=06190596Z93/kns55/detail.aspx?QueryID=33&CurRec=22&dbcode=cjfq&dbname=CJFD0305&filename=ITSJ200306021	程序员	2003	2003年06期
.NET界面元素的自动布局技术	http://sso.cdclib.org/interlibSSO/goto/6/=06190596Z93/kns55/detail.aspx?QueryID=33&CurRec=23&dbcode=cjfq&dbname=CJFD0305&filename=ITSJ200306022	程序员	2003	2003年06期
了解“猛虎”六大利器——Joshua Bloch详谈J2SE 1.5新特性	http://sso.cdclib.org/interlibSSO/goto/6/=06190596Z93/kns55/detail.aspx?QueryID=33&CurRec=24&dbcode=cjfq&dbname=CJFD0305&filename=ITSJ200306023	程序员	2003	2003年06期
在Delphi实现Singleton模式	http://sso.cdclib.org/interlibSSO/goto/6/=06190596Z93/kns55/detail.aspx?QueryID=33&CurRec=25&dbcode=cjfq&dbname=CJFD0305&filename=ITSJ200306024	程序员	2003	2003年06期
探讨VC++中的Thunk机制	http://sso.cdclib.org/interlibSSO/goto/6/=06190596Z93/kns55/detail.aspx?QueryID=33&CurRec=26&dbcode=cjfq&dbname=CJFD0305&filename=ITSJ200306025	程序员	2003	2003年06期
NT/2000平台下的硬件端口访问及并口操作	http://sso.cdclib.org/interlibSSO/goto/6/=06190596Z93/kns55/detail.aspx?QueryID=33&CurRec=27&dbcode=cjfq&dbname=CJFD0305&filename=ITSJ200306026	程序员	2003	2003年06期
软件测试之自动测试	http://sso.cdclib.org/interlibSSO/goto/6/=06190596Z93/kns55/detail.aspx?QueryID=33&CurRec=28&dbcode=cjfq&dbname=CJFD0305&filename=ITSJ200306027	程序员	2003	2003年06期
一个小型虚拟机的实现(一)	http://sso.cdclib.org/interlibSSO/goto/6/=06190596Z93/kns55/detail.aspx?QueryID=33&CurRec=29&dbcode=cjfq&dbname=CJFD0305&filename=ITSJ200306028	程序员	2003	2003年06期
空中交通控制问题——2003年第4期题解	http://sso.cdclib.org/interlibSSO/goto/6/=06190596Z93/kns55/detail.aspx?QueryID=33&CurRec=30&dbcode=cjfq&dbname=CJFD0305&filename=ITSJ200306029	程序员	2003	2003年06期
专家门诊	http://sso.cdclib.org/interlibSSO/goto/6/=06190596Z93/kns55/detail.aspx?QueryID=33&CurRec=31&dbcode=cjfq&dbname=CJFD0305&filename=ITSJ200306030	程序员	2003	2003年06期
我最常用的10个开发工具	http://sso.cdclib.org/interlibSSO/goto/6/=06190596Z93/kns55/detail.aspx?QueryID=33&CurRec=32&dbcode=cjfq&dbname=CJFD0305&filename=ITSJ200306031	程序员	2003	2003年06期
传奇仍在继续——《Borland传奇》书评	http://sso.cdclib.org/interlibSSO/goto/6/=06190596Z93/kns55/detail.aspx?QueryID=33&CurRec=33&dbcode=cjfq&dbname=CJFD0305&filename=ITSJ200306032	程序员	2003	2003年06期
长剑倚天——简评《操作系统:设计与实现(第二版)》中文版	http://sso.cdclib.org/interlibSSO/goto/6/=06190596Z93/kns55/detail.aspx?QueryID=33&CurRec=34&dbcode=cjfq&dbname=CJFD0305&filename=ITSJ200306033	程序员	2003	2003年06期
我的EJB书架	http://sso.cdclib.org/interlibSSO/goto/6/=06190596Z93/kns55/detail.aspx?QueryID=33&CurRec=35&dbcode=cjfq&dbname=CJFD0305&filename=ITSJ200306034	程序员	2003	2003年06期
给培训学员的十个忠告	http://sso.cdclib.org/interlibSSO/goto/6/=06190596Z93/kns55/detail.aspx?QueryID=33&CurRec=36&dbcode=cjfq&dbname=CJFD0305&filename=ITSJ200306035	程序员	2003	2003年06期
程序员论坛	http://sso.cdclib.org/interlibSSO/goto/6/=06190596Z93/kns55/detail.aspx?QueryID=33&CurRec=37&dbcode=cjfq&dbname=CJFD0305&filename=ITSJ200306036	程序员	2003	2003年06期
厂商直击	http://sso.cdclib.org/interlibSSO/goto/6/=06190596Z93/kns55/detail.aspx?QueryID=33&CurRec=38&dbcode=cjfq&dbname=CJFD0305&filename=ITSJ200306037	程序员	2003	2003年06期
编读往来	http://sso.cdclib.org/interlibSSO/goto/6/=06190596Z93/kns55/detail.aspx?QueryID=33&CurRec=39&dbcode=cjfq&dbname=CJFD0305&filename=ITSJ200306038	程序员	2003	2003年06期
问卷&索引	http://sso.cdclib.org/interlibSSO/goto/6/=06190596Z93/kns55/detail.aspx?QueryID=33&CurRec=40&dbcode=cjfq&dbname=CJFD0305&filename=ITSJ200306039	程序员	2003	2003年06期
软件创富	http://sso.cdclib.org/interlibSSO/goto/6/=06190596Z93/kns55/detail.aspx?QueryID=38&CurRec=1&dbcode=cjfq&dbname=CJFD0305&filename=ITSJ200305000	程序员	2003	2003年05期
封面书摘	http://sso.cdclib.org/interlibSSO/goto/6/=06190596Z93/kns55/detail.aspx?QueryID=38&CurRec=2&dbcode=cjfq&dbname=CJFD0305&filename=ITSJ200305001	程序员	2003	2003年05期
尼克劳斯·威茨PASCAL及结构化程序设计的首创者	http://sso.cdclib.org/interlibSSO/goto/6/=06190596Z93/kns55/detail.aspx?QueryID=38&CurRec=3&dbcode=cjfq&dbname=CJFD0305&filename=ITSJ200305002	程序员	2003	2003年05期
程序员调查⑦ 关心程序员(爱情篇)	http://sso.cdclib.org/interlibSSO/goto/6/=06190596Z93/kns55/detail.aspx?QueryID=38&CurRec=4&dbcode=cjfq&dbname=CJFD0305&filename=ITSJ200305003	程序员	2003	2003年05期
每月播报	http://sso.cdclib.org/interlibSSO/goto/6/=06190596Z93/kns55/detail.aspx?QueryID=38&CurRec=5&dbcode=cjfq&dbname=CJFD0305&filename=ITSJ200305004	程序员	2003	2003年05期
培训学校短板	http://sso.cdclib.org/interlibSSO/goto/6/=06190596Z93/kns55/detail.aspx?QueryID=38&CurRec=6&dbcode=cjfq&dbname=CJFD0305&filename=ITSJ200305005	程序员	2003	2003年05期
对话龙芯与IC设计	http://sso.cdclib.org/interlibSSO/goto/6/=06190596Z93/kns55/detail.aspx?QueryID=38&CurRec=7&dbcode=cjfq&dbname=CJFD0305&filename=ITSJ200305006	程序员	2003	2003年05期
开源软件成功之本——访Apache创始人Brian Behlendorf先生	http://sso.cdclib.org/interlibSSO/goto/6/=06190596Z93/kns55/detail.aspx?QueryID=38&CurRec=8&dbcode=cjfq&dbname=CJFD0305&filename=ITSJ200305007	程序员	2003	2003年05期
共享软件产业全扫描	http://sso.cdclib.org/interlibSSO/goto/6/=06190596Z93/kns55/detail.aspx?QueryID=38&CurRec=9&dbcode=cjfq&dbname=CJFD0305&filename=ITSJ200305008	程序员	2003	2003年05期
Microsoft Windows Server2003来了	http://sso.cdclib.org/interlibSSO/goto/6/=06190596Z93/kns55/detail.aspx?QueryID=38&CurRec=10&dbcode=cjfq&dbname=CJFD0305&filename=ITSJ200305009	程序员	2003	2003年05期
台湾程序员的活法	http://sso.cdclib.org/interlibSSO/goto/6/=06190596Z93/kns55/detail.aspx?QueryID=38&CurRec=11&dbcode=cjfq&dbname=CJFD0305&filename=ITSJ200305010	程序员	2003	2003年05期
挣值分析法帮你考核项目费用	http://sso.cdclib.org/interlibSSO/goto/6/=06190596Z93/kns55/detail.aspx?QueryID=38&CurRec=12&dbcode=cjfq&dbname=CJFD0305&filename=ITSJ200305011	程序员	2003	2003年05期
项目实施 步步为营	http://sso.cdclib.org/interlibSSO/goto/6/=06190596Z93/kns55/detail.aspx?QueryID=38&CurRec=13&dbcode=cjfq&dbname=CJFD0305&filename=ITSJ200305012	程序员	2003	2003年05期
微创的秘密——专访微创软件研发事业部经理蔡锫	http://sso.cdclib.org/interlibSSO/goto/6/=06190596Z93/kns55/detail.aspx?QueryID=38&CurRec=14&dbcode=cjfq&dbname=CJFD0305&filename=ITSJ200305013	程序员	2003	2003年05期
理解企业应用框架	http://sso.cdclib.org/interlibSSO/goto/6/=06190596Z93/kns55/detail.aspx?QueryID=38&CurRec=15&dbcode=cjfq&dbname=CJFD0305&filename=ITSJ200305014	程序员	2003	2003年05期
.NET的新起点	http://sso.cdclib.org/interlibSSO/goto/6/=06190596Z93/kns55/detail.aspx?QueryID=38&CurRec=16&dbcode=cjfq&dbname=CJFD0305&filename=ITSJ200305015	程序员	2003	2003年05期
Windows Server 2003的新特性体验	http://sso.cdclib.org/interlibSSO/goto/6/=06190596Z93/kns55/detail.aspx?QueryID=38&CurRec=17&dbcode=cjfq&dbname=CJFD0305&filename=ITSJ200305016	程序员	2003	2003年05期
Visual Studio.NET 2003的升级功能	http://sso.cdclib.org/interlibSSO/goto/6/=06190596Z93/kns55/detail.aspx?QueryID=38&CurRec=18&dbcode=cjfq&dbname=CJFD0305&filename=ITSJ200305017	程序员	2003	2003年05期
.NET Framework 1.1新特性直击	http://sso.cdclib.org/interlibSSO/goto/6/=06190596Z93/kns55/detail.aspx?QueryID=38&CurRec=19&dbcode=cjfq&dbname=CJFD0305&filename=ITSJ200305018	程序员	2003	2003年05期
Visual C++的语言增强和方便的GUI开发	http://sso.cdclib.org/interlibSSO/goto/6/=06190596Z93/kns55/detail.aspx?QueryID=38&CurRec=20&dbcode=cjfq&dbname=CJFD0305&filename=ITSJ200305019	程序员	2003	2003年05期
C＃泛型技术先睹为快	http://sso.cdclib.org/interlibSSO/goto/6/=06190596Z93/kns55/detail.aspx?QueryID=38&CurRec=21&dbcode=cjfq&dbname=CJFD0305&filename=ITSJ200305020	程序员	2003	2003年05期
XML Web服务基础	http://sso.cdclib.org/interlibSSO/goto/6/=06190596Z93/kns55/detail.aspx?QueryID=38&CurRec=22&dbcode=cjfq&dbname=CJFD0305&filename=ITSJ200305021	程序员	2003	2003年05期
函数指针的进化论	http://sso.cdclib.org/interlibSSO/goto/6/=06190596Z93/kns55/detail.aspx?QueryID=38&CurRec=23&dbcode=cjfq&dbname=CJFD0305&filename=ITSJ200305022	程序员	2003	2003年05期
GNU C库高级内存分配	http://sso.cdclib.org/interlibSSO/goto/6/=06190596Z93/kns55/detail.aspx?QueryID=38&CurRec=24&dbcode=cjfq&dbname=CJFD0305&filename=ITSJ200305023	程序员	2003	2003年05期
开源.NET——Mono项目简介	http://sso.cdclib.org/interlibSSO/goto/6/=06190596Z93/kns55/detail.aspx?QueryID=38&CurRec=25&dbcode=cjfq&dbname=CJFD0305&filename=ITSJ200305024	程序员	2003	2003年05期
如何使用Sybase的抽象计划对数据库进行优化	http://sso.cdclib.org/interlibSSO/goto/6/=06190596Z93/kns55/detail.aspx?QueryID=38&CurRec=26&dbcode=cjfq&dbname=CJFD0305&filename=ITSJ200305025	程序员	2003	2003年05期
CORBA vs.Web Service:选择CORBA(下)	http://sso.cdclib.org/interlibSSO/goto/6/=06190596Z93/kns55/detail.aspx?QueryID=38&CurRec=27&dbcode=cjfq&dbname=CJFD0305&filename=ITSJ200305026	程序员	2003	2003年05期
探索ASP.NET下的缓存机制	http://sso.cdclib.org/interlibSSO/goto/6/=06190596Z93/kns55/detail.aspx?QueryID=38&CurRec=28&dbcode=cjfq&dbname=CJFD0305&filename=ITSJ200305027	程序员	2003	2003年05期
DNA测序问题——2003年第3期题解	http://sso.cdclib.org/interlibSSO/goto/6/=06190596Z93/kns55/detail.aspx?QueryID=38&CurRec=29&dbcode=cjfq&dbname=CJFD0305&filename=ITSJ200305028	程序员	2003	2003年05期
CSDN 3月论坛TOP 10	http://sso.cdclib.org/interlibSSO/goto/6/=06190596Z93/kns55/detail.aspx?QueryID=38&CurRec=30&dbcode=cjfq&dbname=CJFD0305&filename=ITSJ200305029	程序员	2003	2003年05期
专家门诊	http://sso.cdclib.org/interlibSSO/goto/6/=06190596Z93/kns55/detail.aspx?QueryID=38&CurRec=31&dbcode=cjfq&dbname=CJFD0305&filename=ITSJ200305030	程序员	2003	2003年05期
我常用的十种开发工具	http://sso.cdclib.org/interlibSSO/goto/6/=06190596Z93/kns55/detail.aspx?QueryID=38&CurRec=32&dbcode=cjfq&dbname=CJFD0305&filename=ITSJ200305031	程序员	2003	2003年05期
写在《JBuilder实用技术手册》出版之际	http://sso.cdclib.org/interlibSSO/goto/6/=06190596Z93/kns55/detail.aspx?QueryID=38&CurRec=33&dbcode=cjfq&dbname=CJFD0305&filename=ITSJ200305032	程序员	2003	2003年05期
失望甚于期望——《Programming Windows With C＃》读后	http://sso.cdclib.org/interlibSSO/goto/6/=06190596Z93/kns55/detail.aspx?QueryID=38&CurRec=34&dbcode=cjfq&dbname=CJFD0305&filename=ITSJ200305033	程序员	2003	2003年05期
我的.NET书架	http://sso.cdclib.org/interlibSSO/goto/6/=06190596Z93/kns55/detail.aspx?QueryID=38&CurRec=35&dbcode=cjfq&dbname=CJFD0305&filename=ITSJ200305034	程序员	2003	2003年05期
amone社区	http://sso.cdclib.org/interlibSSO/goto/6/=06190596Z93/kns55/detail.aspx?QueryID=38&CurRec=36&dbcode=cjfq&dbname=CJFD0305&filename=ITSJ200305035	程序员	2003	2003年05期
问卷&索引	http://sso.cdclib.org/interlibSSO/goto/6/=06190596Z93/kns55/detail.aspx?QueryID=38&CurRec=37&dbcode=cjfq&dbname=CJFD0305&filename=ITSJ200305036	程序员	2003	2003年05期
厂商直击	http://sso.cdclib.org/interlibSSO/goto/6/=06190596Z93/kns55/detail.aspx?QueryID=38&CurRec=38&dbcode=cjfq&dbname=CJFD0305&filename=ITSJ200305037	程序员	2003	2003年05期
互动魅力	http://sso.cdclib.org/interlibSSO/goto/6/=06190596Z93/kns55/detail.aspx?QueryID=43&CurRec=1&dbcode=cjfq&dbname=CJFD0305&filename=ITSJ200304000	程序员	2003	2003年04期
封面书摘	http://sso.cdclib.org/interlibSSO/goto/6/=06190596Z93/kns55/detail.aspx?QueryID=43&CurRec=2&dbcode=cjfq&dbname=CJFD0305&filename=ITSJ200304001	程序员	2003	2003年04期
JBuilder第一功臣:Blake Stone	http://sso.cdclib.org/interlibSSO/goto/6/=06190596Z93/kns55/detail.aspx?QueryID=43&CurRec=3&dbcode=cjfq&dbname=CJFD0305&filename=ITSJ200304002	程序员	2003	2003年04期
关心程序员(学习篇)	http://sso.cdclib.org/interlibSSO/goto/6/=06190596Z93/kns55/detail.aspx?QueryID=43&CurRec=4&dbcode=cjfq&dbname=CJFD0305&filename=ITSJ200304003	程序员	2003	2003年04期
我从校园出来的这几年	http://sso.cdclib.org/interlibSSO/goto/6/=06190596Z93/kns55/detail.aspx?QueryID=43&CurRec=5&dbcode=cjfq&dbname=CJFD0305&filename=ITSJ200304004	程序员	2003	2003年04期
Linux开发在中国	http://sso.cdclib.org/interlibSSO/goto/6/=06190596Z93/kns55/detail.aspx?QueryID=43&CurRec=6&dbcode=cjfq&dbname=CJFD0305&filename=ITSJ200304005	程序员	2003	2003年04期
关注程序员自己的文化——专访Tom DeMarco	http://sso.cdclib.org/interlibSSO/goto/6/=06190596Z93/kns55/detail.aspx?QueryID=43&CurRec=7&dbcode=cjfq&dbname=CJFD0305&filename=ITSJ200304006	程序员	2003	2003年04期
Borland秘密武器曝光——SideWinder先睹为快	http://sso.cdclib.org/interlibSSO/goto/6/=06190596Z93/kns55/detail.aspx?QueryID=43&CurRec=8&dbcode=cjfq&dbname=CJFD0305&filename=ITSJ200304007	程序员	2003	2003年04期
网络游戏反击战	http://sso.cdclib.org/interlibSSO/goto/6/=06190596Z93/kns55/detail.aspx?QueryID=43&CurRec=9&dbcode=cjfq&dbname=CJFD0305&filename=ITSJ200304008	程序员	2003	2003年04期
无线Java 无限“钱”景——“中国移动—摩托罗拉杯第一届移动梦网无线Java应用设计大赛”侧记	http://sso.cdclib.org/interlibSSO/goto/6/=06190596Z93/kns55/detail.aspx?QueryID=43&CurRec=10&dbcode=cjfq&dbname=CJFD0305&filename=ITSJ200304009	程序员	2003	2003年04期
能比武招亲就好——一个女程序员的心声	http://sso.cdclib.org/interlibSSO/goto/6/=06190596Z93/kns55/detail.aspx?QueryID=43&CurRec=11&dbcode=cjfq&dbname=CJFD0305&filename=ITSJ200304010	程序员	2003	2003年04期
香港程序员大陆淘金	http://sso.cdclib.org/interlibSSO/goto/6/=06190596Z93/kns55/detail.aspx?QueryID=43&CurRec=12&dbcode=cjfq&dbname=CJFD0305&filename=ITSJ200304011	程序员	2003	2003年04期
为什么我喜欢开放源码	http://sso.cdclib.org/interlibSSO/goto/6/=06190596Z93/kns55/detail.aspx?QueryID=43&CurRec=13&dbcode=cjfq&dbname=CJFD0305&filename=ITSJ200304012	程序员	2003	2003年04期
15位业界专家的面试高招	http://sso.cdclib.org/interlibSSO/goto/6/=06190596Z93/kns55/detail.aspx?QueryID=43&CurRec=14&dbcode=cjfq&dbname=CJFD0305&filename=ITSJ200304013	程序员	2003	2003年04期
项目启动三步曲	http://sso.cdclib.org/interlibSSO/goto/6/=06190596Z93/kns55/detail.aspx?QueryID=43&CurRec=15&dbcode=cjfq&dbname=CJFD0305&filename=ITSJ200304014	程序员	2003	2003年04期
那支写程序的笔——软件工业的修辞学	http://sso.cdclib.org/interlibSSO/goto/6/=06190596Z93/kns55/detail.aspx?QueryID=43&CurRec=16&dbcode=cjfq&dbname=CJFD0305&filename=ITSJ200304015	程序员	2003	2003年04期
程序天下事	http://sso.cdclib.org/interlibSSO/goto/6/=06190596Z93/kns55/detail.aspx?QueryID=43&CurRec=17&dbcode=cjfq&dbname=CJFD0305&filename=ITSJ200304016	程序员	2003	2003年04期
Borland ALM全接触	http://sso.cdclib.org/interlibSSO/goto/6/=06190596Z93/kns55/detail.aspx?QueryID=43&CurRec=18&dbcode=cjfq&dbname=CJFD0305&filename=ITSJ200304017	程序员	2003	2003年04期
体验Together Edition For JBuilder	http://sso.cdclib.org/interlibSSO/goto/6/=06190596Z93/kns55/detail.aspx?QueryID=43&CurRec=19&dbcode=cjfq&dbname=CJFD0305&filename=ITSJ200304018	程序员	2003	2003年04期
JBuilder IDE环境简介	http://sso.cdclib.org/interlibSSO/goto/6/=06190596Z93/kns55/detail.aspx?QueryID=43&CurRec=20&dbcode=cjfq&dbname=CJFD0305&filename=ITSJ200304019	程序员	2003	2003年04期
用Optimizeit优化和管理J2EE应用程序的性能	http://sso.cdclib.org/interlibSSO/goto/6/=06190596Z93/kns55/detail.aspx?QueryID=43&CurRec=21&dbcode=cjfq&dbname=CJFD0305&filename=ITSJ200304020	程序员	2003	2003年04期
用Borland Enterprise Server Web Edition部署Web应用	http://sso.cdclib.org/interlibSSO/goto/6/=06190596Z93/kns55/detail.aspx?QueryID=43&CurRec=22&dbcode=cjfq&dbname=CJFD0305&filename=ITSJ200304021	程序员	2003	2003年04期
如何进行项目规划	http://sso.cdclib.org/interlibSSO/goto/6/=06190596Z93/kns55/detail.aspx?QueryID=43&CurRec=23&dbcode=cjfq&dbname=CJFD0305&filename=ITSJ200304022	程序员	2003	2003年04期
Google搜索引擎剖析	http://sso.cdclib.org/interlibSSO/goto/6/=06190596Z93/kns55/detail.aspx?QueryID=43&CurRec=24&dbcode=cjfq&dbname=CJFD0305&filename=ITSJ200304023	程序员	2003	2003年04期
Perl未来的特色	http://sso.cdclib.org/interlibSSO/goto/6/=06190596Z93/kns55/detail.aspx?QueryID=43&CurRec=25&dbcode=cjfq&dbname=CJFD0305&filename=ITSJ200304024	程序员	2003	2003年04期
.NET多线程应用开发	http://sso.cdclib.org/interlibSSO/goto/6/=06190596Z93/kns55/detail.aspx?QueryID=43&CurRec=26&dbcode=cjfq&dbname=CJFD0305&filename=ITSJ200304025	程序员	2003	2003年04期
.NET安全性	http://sso.cdclib.org/interlibSSO/goto/6/=06190596Z93/kns55/detail.aspx?QueryID=43&CurRec=27&dbcode=cjfq&dbname=CJFD0305&filename=ITSJ200304026	程序员	2003	2003年04期
Sun ONE Application Server 7程序设计(二)——Sun ONE Application Server 7安装与入门	http://sso.cdclib.org/interlibSSO/goto/6/=06190596Z93/kns55/detail.aspx?QueryID=43&CurRec=28&dbcode=cjfq&dbname=CJFD0305&filename=ITSJ200304027	程序员	2003	2003年04期
再论智能指针的标准之争:Boost vs.Loki	http://sso.cdclib.org/interlibSSO/goto/6/=06190596Z93/kns55/detail.aspx?QueryID=43&CurRec=29&dbcode=cjfq&dbname=CJFD0305&filename=ITSJ200304028	程序员	2003	2003年04期
CORBA vs.Web Service:选择CORBA(上)	http://sso.cdclib.org/interlibSSO/goto/6/=06190596Z93/kns55/detail.aspx?QueryID=43&CurRec=30&dbcode=cjfq&dbname=CJFD0305&filename=ITSJ200304029	程序员	2003	2003年04期
用RDA连接SQL Server CE数据库	http://sso.cdclib.org/interlibSSO/goto/6/=06190596Z93/kns55/detail.aspx?QueryID=43&CurRec=31&dbcode=cjfq&dbname=CJFD0305&filename=ITSJ200304030	程序员	2003	2003年04期
J2ME开发工具组合大比拼	http://sso.cdclib.org/interlibSSO/goto/6/=06190596Z93/kns55/detail.aspx?QueryID=43&CurRec=32&dbcode=cjfq&dbname=CJFD0305&filename=ITSJ200304031	程序员	2003	2003年04期
实现MDA的利器:Rational XDE	http://sso.cdclib.org/interlibSSO/goto/6/=06190596Z93/kns55/detail.aspx?QueryID=43&CurRec=33&dbcode=cjfq&dbname=CJFD0305&filename=ITSJ200304032	程序员	2003	2003年04期
蓄水池问题——2003年第1期题解	http://sso.cdclib.org/interlibSSO/goto/6/=06190596Z93/kns55/detail.aspx?QueryID=43&CurRec=34&dbcode=cjfq&dbname=CJFD0305&filename=ITSJ200304033	程序员	2003	2003年04期
CSDN 3月论坛TOP 10	http://sso.cdclib.org/interlibSSO/goto/6/=06190596Z93/kns55/detail.aspx?QueryID=43&CurRec=35&dbcode=cjfq&dbname=CJFD0305&filename=ITSJ200304034	程序员	2003	2003年04期
专家门诊	http://sso.cdclib.org/interlibSSO/goto/6/=06190596Z93/kns55/detail.aspx?QueryID=43&CurRec=36&dbcode=cjfq&dbname=CJFD0305&filename=ITSJ200304035	程序员	2003	2003年04期
揭开.NET技术的内幕——读《.NET系统架构与开发》	http://sso.cdclib.org/interlibSSO/goto/6/=06190596Z93/kns55/detail.aspx?QueryID=43&CurRec=37&dbcode=cjfq&dbname=CJFD0305&filename=ITSJ200304036	程序员	2003	2003年04期
智能工具箱——评《掌握需求过程》	http://sso.cdclib.org/interlibSSO/goto/6/=06190596Z93/kns55/detail.aspx?QueryID=43&CurRec=38&dbcode=cjfq&dbname=CJFD0305&filename=ITSJ200304037	程序员	2003	2003年04期
走进Oracle——读《Oracle 9i资料库管理实务讲座》	http://sso.cdclib.org/interlibSSO/goto/6/=06190596Z93/kns55/detail.aspx?QueryID=43&CurRec=39&dbcode=cjfq&dbname=CJFD0305&filename=ITSJ200304038	程序员	2003	2003年04期
我的Delphi书架	http://sso.cdclib.org/interlibSSO/goto/6/=06190596Z93/kns55/detail.aspx?QueryID=43&CurRec=40&dbcode=cjfq&dbname=CJFD0305&filename=ITSJ200304039	程序员	2003	2003年04期
2002年系统分析员应试秘诀	http://sso.cdclib.org/interlibSSO/goto/6/=06190596Z93/kns55/detail.aspx?QueryID=43&CurRec=41&dbcode=cjfq&dbname=CJFD0305&filename=ITSJ200304040	程序员	2003	2003年04期
amone社区	http://sso.cdclib.org/interlibSSO/goto/6/=06190596Z93/kns55/detail.aspx?QueryID=43&CurRec=42&dbcode=cjfq&dbname=CJFD0305&filename=ITSJ200304041	程序员	2003	2003年04期
问卷&索引	http://sso.cdclib.org/interlibSSO/goto/6/=06190596Z93/kns55/detail.aspx?QueryID=43&CurRec=43&dbcode=cjfq&dbname=CJFD0305&filename=ITSJ200304042	程序员	2003	2003年04期
厂商直击	http://sso.cdclib.org/interlibSSO/goto/6/=06190596Z93/kns55/detail.aspx?QueryID=43&CurRec=44&dbcode=cjfq&dbname=CJFD0305&filename=ITSJ200304043	程序员	2003	2003年04期
新书上架	http://sso.cdclib.org/interlibSSO/goto/6/=06190596Z93/kns55/detail.aspx?QueryID=43&CurRec=45&dbcode=cjfq&dbname=CJFD0305&filename=ITSJ200304044	程序员	2003	2003年04期
成功产品	http://sso.cdclib.org/interlibSSO/goto/6/=06190596Z93/kns55/detail.aspx?QueryID=48&CurRec=1&dbcode=cjfq&dbname=CJFD0305&filename=ITSJ200303000	程序员	2003	2003年03期
封面书摘	http://sso.cdclib.org/interlibSSO/goto/6/=06190596Z93/kns55/detail.aspx?QueryID=48&CurRec=2&dbcode=cjfq&dbname=CJFD0305&filename=ITSJ200303001	程序员	2003	2003年03期
软件产业的设计大师:艾兰·库伯	http://sso.cdclib.org/interlibSSO/goto/6/=06190596Z93/kns55/detail.aspx?QueryID=48&CurRec=3&dbcode=cjfq&dbname=CJFD0305&filename=ITSJ200303002	程序员	2003	2003年03期
关心程序员(工作篇)	http://sso.cdclib.org/interlibSSO/goto/6/=06190596Z93/kns55/detail.aspx?QueryID=48&CurRec=4&dbcode=cjfq&dbname=CJFD0305&filename=ITSJ200303003	程序员	2003	2003年03期
程序员成长系列之六——从程序员到配置管理员	http://sso.cdclib.org/interlibSSO/goto/6/=06190596Z93/kns55/detail.aspx?QueryID=48&CurRec=5&dbcode=cjfq&dbname=CJFD0305&filename=ITSJ200303004	程序员	2003	2003年03期
搜索·程序·人生	http://sso.cdclib.org/interlibSSO/goto/6/=06190596Z93/kns55/detail.aspx?QueryID=48&CurRec=6&dbcode=cjfq&dbname=CJFD0305&filename=ITSJ200303005	程序员	2003	2003年03期
一位OO专家的思考——Craig Larman问答	http://sso.cdclib.org/interlibSSO/goto/6/=06190596Z93/kns55/detail.aspx?QueryID=48&CurRec=7&dbcode=cjfq&dbname=CJFD0305&filename=ITSJ200303006	程序员	2003	2003年03期
人才招聘,从生态角度出发	http://sso.cdclib.org/interlibSSO/goto/6/=06190596Z93/kns55/detail.aspx?QueryID=48&CurRec=8&dbcode=cjfq&dbname=CJFD0305&filename=ITSJ200303007	程序员	2003	2003年03期
日本镀金不容易	http://sso.cdclib.org/interlibSSO/goto/6/=06190596Z93/kns55/detail.aspx?QueryID=48&CurRec=9&dbcode=cjfq&dbname=CJFD0305&filename=ITSJ200303008	程序员	2003	2003年03期
情系互联网的程序员	http://sso.cdclib.org/interlibSSO/goto/6/=06190596Z93/kns55/detail.aspx?QueryID=48&CurRec=10&dbcode=cjfq&dbname=CJFD0305&filename=ITSJ200303009	程序员	2003	2003年03期
为什么我喜欢EJBs	http://sso.cdclib.org/interlibSSO/goto/6/=06190596Z93/kns55/detail.aspx?QueryID=48&CurRec=11&dbcode=cjfq&dbname=CJFD0305&filename=ITSJ200303010	程序员	2003	2003年03期
分工和对它的抵制:看软件开发中的三种重要角色	http://sso.cdclib.org/interlibSSO/goto/6/=06190596Z93/kns55/detail.aspx?QueryID=48&CurRec=12&dbcode=cjfq&dbname=CJFD0305&filename=ITSJ200303011	程序员	2003	2003年03期
每日构建是你的朋友	http://sso.cdclib.org/interlibSSO/goto/6/=06190596Z93/kns55/detail.aspx?QueryID=48&CurRec=13&dbcode=cjfq&dbname=CJFD0305&filename=ITSJ200303012	程序员	2003	2003年03期
数据仓库项目的十大重症	http://sso.cdclib.org/interlibSSO/goto/6/=06190596Z93/kns55/detail.aspx?QueryID=48&CurRec=14&dbcode=cjfq&dbname=CJFD0305&filename=ITSJ200303013	程序员	2003	2003年03期
信息建模方法、工具及应用	http://sso.cdclib.org/interlibSSO/goto/6/=06190596Z93/kns55/detail.aspx?QueryID=48&CurRec=15&dbcode=cjfq&dbname=CJFD0305&filename=ITSJ200303014	程序员	2003	2003年03期
电信系统架构方案	http://sso.cdclib.org/interlibSSO/goto/6/=06190596Z93/kns55/detail.aspx?QueryID=48&CurRec=16&dbcode=cjfq&dbname=CJFD0305&filename=ITSJ200303015	程序员	2003	2003年03期
程序天下事	http://sso.cdclib.org/interlibSSO/goto/6/=06190596Z93/kns55/detail.aspx?QueryID=48&CurRec=17&dbcode=cjfq&dbname=CJFD0305&filename=ITSJ200303016	程序员	2003	2003年03期
初探Symbian开发	http://sso.cdclib.org/interlibSSO/goto/6/=06190596Z93/kns55/detail.aspx?QueryID=48&CurRec=18&dbcode=cjfq&dbname=CJFD0305&filename=ITSJ200303017	程序员	2003	2003年03期
Symbian开发入门	http://sso.cdclib.org/interlibSSO/goto/6/=06190596Z93/kns55/detail.aspx?QueryID=48&CurRec=19&dbcode=cjfq&dbname=CJFD0305&filename=ITSJ200303018	程序员	2003	2003年03期
Windows C++程序员如何过渡到Symbian OS C++程序员	http://sso.cdclib.org/interlibSSO/goto/6/=06190596Z93/kns55/detail.aspx?QueryID=48&CurRec=20&dbcode=cjfq&dbname=CJFD0305&filename=ITSJ200303019	程序员	2003	2003年03期
诺基亚9200系列通讯器Java编程入门	http://sso.cdclib.org/interlibSSO/goto/6/=06190596Z93/kns55/detail.aspx?QueryID=48&CurRec=21&dbcode=cjfq&dbname=CJFD0305&filename=ITSJ200303020	程序员	2003	2003年03期
创建用于Symbian操作系统的C++auto_ptr<>实用程序	http://sso.cdclib.org/interlibSSO/goto/6/=06190596Z93/kns55/detail.aspx?QueryID=48&CurRec=22&dbcode=cjfq&dbname=CJFD0305&filename=ITSJ200303021	程序员	2003	2003年03期
EPOC OPL开发介绍	http://sso.cdclib.org/interlibSSO/goto/6/=06190596Z93/kns55/detail.aspx?QueryID=48&CurRec=23&dbcode=cjfq&dbname=CJFD0305&filename=ITSJ200303022	程序员	2003	2003年03期
在.NET中快速开发功能强大的Web应用程序——介绍一组Web控件及Web工程应用架构	http://sso.cdclib.org/interlibSSO/goto/6/=06190596Z93/kns55/detail.aspx?QueryID=48&CurRec=24&dbcode=cjfq&dbname=CJFD0305&filename=ITSJ200303023	程序员	2003	2003年03期
.NET执行引擎	http://sso.cdclib.org/interlibSSO/goto/6/=06190596Z93/kns55/detail.aspx?QueryID=48&CurRec=25&dbcode=cjfq&dbname=CJFD0305&filename=ITSJ200303024	程序员	2003	2003年03期
.NET中数组的隐秘特性	http://sso.cdclib.org/interlibSSO/goto/6/=06190596Z93/kns55/detail.aspx?QueryID=48&CurRec=26&dbcode=cjfq&dbname=CJFD0305&filename=ITSJ200303025	程序员	2003	2003年03期
SQL Server全文检索简介(下)	http://sso.cdclib.org/interlibSSO/goto/6/=06190596Z93/kns55/detail.aspx?QueryID=48&CurRec=27&dbcode=cjfq&dbname=CJFD0305&filename=ITSJ200303026	程序员	2003	2003年03期
JBuilder 8功能概览	http://sso.cdclib.org/interlibSSO/goto/6/=06190596Z93/kns55/detail.aspx?QueryID=48&CurRec=28&dbcode=cjfq&dbname=CJFD0305&filename=ITSJ200303027	程序员	2003	2003年03期
Sun ONE Application Server 7程序设计(一)	http://sso.cdclib.org/interlibSSO/goto/6/=06190596Z93/kns55/detail.aspx?QueryID=48&CurRec=29&dbcode=cjfq&dbname=CJFD0305&filename=ITSJ200303028	程序员	2003	2003年03期
用VB创建高效的多线程应用程序	http://sso.cdclib.org/interlibSSO/goto/6/=06190596Z93/kns55/detail.aspx?QueryID=48&CurRec=30&dbcode=cjfq&dbname=CJFD0305&filename=ITSJ200303029	程序员	2003	2003年03期
Visual Studio.NET 2003抢鲜预览	http://sso.cdclib.org/interlibSSO/goto/6/=06190596Z93/kns55/detail.aspx?QueryID=48&CurRec=31&dbcode=cjfq&dbname=CJFD0305&filename=ITSJ200303030	程序员	2003	2003年03期
Rave 5 For Delphi 7初接触	http://sso.cdclib.org/interlibSSO/goto/6/=06190596Z93/kns55/detail.aspx?QueryID=48&CurRec=32&dbcode=cjfq&dbname=CJFD0305&filename=ITSJ200303031	程序员	2003	2003年03期
高性能计算机问题——2002年第12期题解	http://sso.cdclib.org/interlibSSO/goto/6/=06190596Z93/kns55/detail.aspx?QueryID=48&CurRec=33&dbcode=cjfq&dbname=CJFD0305&filename=ITSJ200303032	程序员	2003	2003年03期
专家门诊	http://sso.cdclib.org/interlibSSO/goto/6/=06190596Z93/kns55/detail.aspx?QueryID=48&CurRec=34&dbcode=cjfq&dbname=CJFD0305&filename=ITSJ200303033	程序员	2003	2003年03期
Visual C++编程之经典——《Visual C++.NET技术内幕》	http://sso.cdclib.org/interlibSSO/goto/6/=06190596Z93/kns55/detail.aspx?QueryID=48&CurRec=35&dbcode=cjfq&dbname=CJFD0305&filename=ITSJ200303034	程序员	2003	2003年03期
练好面向对象的基本功——读《Java与UML面向对象程序设计》	http://sso.cdclib.org/interlibSSO/goto/6/=06190596Z93/kns55/detail.aspx?QueryID=48&CurRec=36&dbcode=cjfq&dbname=CJFD0305&filename=ITSJ200303035	程序员	2003	2003年03期
品味经典——评《人工智能哲学》	http://sso.cdclib.org/interlibSSO/goto/6/=06190596Z93/kns55/detail.aspx?QueryID=48&CurRec=37&dbcode=cjfq&dbname=CJFD0305&filename=ITSJ200303036	程序员	2003	2003年03期
偶像崇拜——《Java夜未眠》节选	http://sso.cdclib.org/interlibSSO/goto/6/=06190596Z93/kns55/detail.aspx?QueryID=48&CurRec=38&dbcode=cjfq&dbname=CJFD0305&filename=ITSJ200303037	程序员	2003	2003年03期
我的嵌入式书架	http://sso.cdclib.org/interlibSSO/goto/6/=06190596Z93/kns55/detail.aspx?QueryID=48&CurRec=39&dbcode=cjfq&dbname=CJFD0305&filename=ITSJ200303038	程序员	2003	2003年03期
新书上架	http://sso.cdclib.org/interlibSSO/goto/6/=06190596Z93/kns55/detail.aspx?QueryID=48&CurRec=40&dbcode=cjfq&dbname=CJFD0305&filename=ITSJ200303039	程序员	2003	2003年03期
厂商直击	http://sso.cdclib.org/interlibSSO/goto/6/=06190596Z93/kns55/detail.aspx?QueryID=48&CurRec=41&dbcode=cjfq&dbname=CJFD0305&filename=ITSJ200303040	程序员	2003	2003年03期
程序员论坛	http://sso.cdclib.org/interlibSSO/goto/6/=06190596Z93/kns55/detail.aspx?QueryID=48&CurRec=42&dbcode=cjfq&dbname=CJFD0305&filename=ITSJ200303041	程序员	2003	2003年03期
编读往来	http://sso.cdclib.org/interlibSSO/goto/6/=06190596Z93/kns55/detail.aspx?QueryID=48&CurRec=43&dbcode=cjfq&dbname=CJFD0305&filename=ITSJ200303042	程序员	2003	2003年03期
“美丽”网络	http://sso.cdclib.org/interlibSSO/goto/6/=06190596Z93/kns55/detail.aspx?QueryID=53&CurRec=1&dbcode=cjfq&dbname=CJFD0305&filename=ITSJ200302000	程序员	2003	2003年02期
程序员调查⑤ 新年电脑新选择	http://sso.cdclib.org/interlibSSO/goto/6/=06190596Z93/kns55/detail.aspx?QueryID=53&CurRec=2&dbcode=cjfq&dbname=CJFD0305&filename=ITSJ200302001	程序员	2003	2003年02期
封面书摘	http://sso.cdclib.org/interlibSSO/goto/6/=06190596Z93/kns55/detail.aspx?QueryID=53&CurRec=3&dbcode=cjfq&dbname=CJFD0305&filename=ITSJ200302002	程序员	2003	2003年02期
汤姆·迪马可:六十耳顺	http://sso.cdclib.org/interlibSSO/goto/6/=06190596Z93/kns55/detail.aspx?QueryID=53&CurRec=4&dbcode=cjfq&dbname=CJFD0305&filename=ITSJ200302003	程序员	2003	2003年02期
成长与转型	http://sso.cdclib.org/interlibSSO/goto/6/=06190596Z93/kns55/detail.aspx?QueryID=53&CurRec=5&dbcode=cjfq&dbname=CJFD0305&filename=ITSJ200302004	程序员	2003	2003年02期
程序员成长系列之五 从程序员到数据库管理员	http://sso.cdclib.org/interlibSSO/goto/6/=06190596Z93/kns55/detail.aspx?QueryID=53&CurRec=6&dbcode=cjfq&dbname=CJFD0305&filename=ITSJ200302005	程序员	2003	2003年02期
软件开发过程	http://sso.cdclib.org/interlibSSO/goto/6/=06190596Z93/kns55/detail.aspx?QueryID=53&CurRec=7&dbcode=cjfq&dbname=CJFD0305&filename=ITSJ200302006	程序员	2003	2003年02期
Bertrand Meyer Eiffel语言奠基人	http://sso.cdclib.org/interlibSSO/goto/6/=06190596Z93/kns55/detail.aspx?QueryID=53&CurRec=8&dbcode=cjfq&dbname=CJFD0305&filename=ITSJ200302007	程序员	2003	2003年02期
用友ERP-U8开发纪实	http://sso.cdclib.org/interlibSSO/goto/6/=06190596Z93/kns55/detail.aspx?QueryID=53&CurRec=9&dbcode=cjfq&dbname=CJFD0305&filename=ITSJ200302008	程序员	2003	2003年02期
一个35岁的美国程序员	http://sso.cdclib.org/interlibSSO/goto/6/=06190596Z93/kns55/detail.aspx?QueryID=53&CurRec=10&dbcode=cjfq&dbname=CJFD0305&filename=ITSJ200302009	程序员	2003	2003年02期
在日本做程序员	http://sso.cdclib.org/interlibSSO/goto/6/=06190596Z93/kns55/detail.aspx?QueryID=53&CurRec=11&dbcode=cjfq&dbname=CJFD0305&filename=ITSJ200302010	程序员	2003	2003年02期
我眼中的澳大利亚软件教育	http://sso.cdclib.org/interlibSSO/goto/6/=06190596Z93/kns55/detail.aspx?QueryID=53&CurRec=12&dbcode=cjfq&dbname=CJFD0305&filename=ITSJ200302011	程序员	2003	2003年02期
轻松面试 搞定技术奇才	http://sso.cdclib.org/interlibSSO/goto/6/=06190596Z93/kns55/detail.aspx?QueryID=53&CurRec=13&dbcode=cjfq&dbname=CJFD0305&filename=ITSJ200302012	程序员	2003	2003年02期
一个软件小老板的创业法则	http://sso.cdclib.org/interlibSSO/goto/6/=06190596Z93/kns55/detail.aspx?QueryID=53&CurRec=14&dbcode=cjfq&dbname=CJFD0305&filename=ITSJ200302013	程序员	2003	2003年02期
软件外包三要素	http://sso.cdclib.org/interlibSSO/goto/6/=06190596Z93/kns55/detail.aspx?QueryID=53&CurRec=15&dbcode=cjfq&dbname=CJFD0305&filename=ITSJ200302014	程序员	2003	2003年02期
用项目管理法实施SCM	http://sso.cdclib.org/interlibSSO/goto/6/=06190596Z93/kns55/detail.aspx?QueryID=53&CurRec=16&dbcode=cjfq&dbname=CJFD0305&filename=ITSJ200302015	程序员	2003	2003年02期
EAI—企业集成的解决方案	http://sso.cdclib.org/interlibSSO/goto/6/=06190596Z93/kns55/detail.aspx?QueryID=53&CurRec=17&dbcode=cjfq&dbname=CJFD0305&filename=ITSJ200302016	程序员	2003	2003年02期
石化金卡工程实践方案	http://sso.cdclib.org/interlibSSO/goto/6/=06190596Z93/kns55/detail.aspx?QueryID=53&CurRec=18&dbcode=cjfq&dbname=CJFD0305&filename=ITSJ200302017	程序员	2003	2003年02期
程序天下事	http://sso.cdclib.org/interlibSSO/goto/6/=06190596Z93/kns55/detail.aspx?QueryID=53&CurRec=19&dbcode=cjfq&dbname=CJFD0305&filename=ITSJ200302018	程序员	2003	2003年02期
SQL调整与优化	http://sso.cdclib.org/interlibSSO/goto/6/=06190596Z93/kns55/detail.aspx?QueryID=53&CurRec=20&dbcode=cjfq&dbname=CJFD0305&filename=ITSJ200302019	程序员	2003	2003年02期
SQL Server中的SQL性能调整	http://sso.cdclib.org/interlibSSO/goto/6/=06190596Z93/kns55/detail.aspx?QueryID=53&CurRec=21&dbcode=cjfq&dbname=CJFD0305&filename=ITSJ200302020	程序员	2003	2003年02期
SQL Profiler使用介绍	http://sso.cdclib.org/interlibSSO/goto/6/=06190596Z93/kns55/detail.aspx?QueryID=53&CurRec=22&dbcode=cjfq&dbname=CJFD0305&filename=ITSJ200302021	程序员	2003	2003年02期
数据库查询优化和遗传算法研究	http://sso.cdclib.org/interlibSSO/goto/6/=06190596Z93/kns55/detail.aspx?QueryID=53&CurRec=23&dbcode=cjfq&dbname=CJFD0305&filename=ITSJ200302022	程序员	2003	2003年02期
SQL优化的好工具——SQL Expert介绍	http://sso.cdclib.org/interlibSSO/goto/6/=06190596Z93/kns55/detail.aspx?QueryID=53&CurRec=24&dbcode=cjfq&dbname=CJFD0305&filename=ITSJ200302023	程序员	2003	2003年02期
关于SQL	http://sso.cdclib.org/interlibSSO/goto/6/=06190596Z93/kns55/detail.aspx?QueryID=53&CurRec=25&dbcode=cjfq&dbname=CJFD0305&filename=ITSJ200302024	程序员	2003	2003年02期
SQL Server全文检索简介(上)	http://sso.cdclib.org/interlibSSO/goto/6/=06190596Z93/kns55/detail.aspx?QueryID=53&CurRec=26&dbcode=cjfq&dbname=CJFD0305&filename=ITSJ200302025	程序员	2003	2003年02期
.NET中间语言	http://sso.cdclib.org/interlibSSO/goto/6/=06190596Z93/kns55/detail.aspx?QueryID=53&CurRec=27&dbcode=cjfq&dbname=CJFD0305&filename=ITSJ200302026	程序员	2003	2003年02期
Personal Java程序设计(二)——PocketPC程序设计	http://sso.cdclib.org/interlibSSO/goto/6/=06190596Z93/kns55/detail.aspx?QueryID=53&CurRec=28&dbcode=cjfq&dbname=CJFD0305&filename=ITSJ200302027	程序员	2003	2003年02期
用J2EE实现Web服务	http://sso.cdclib.org/interlibSSO/goto/6/=06190596Z93/kns55/detail.aspx?QueryID=53&CurRec=29&dbcode=cjfq&dbname=CJFD0305&filename=ITSJ200302028	程序员	2003	2003年02期
探索Win32系统之窗口类	http://sso.cdclib.org/interlibSSO/goto/6/=06190596Z93/kns55/detail.aspx?QueryID=53&CurRec=30&dbcode=cjfq&dbname=CJFD0305&filename=ITSJ200302029	程序员	2003	2003年02期
用户可自定义的快捷键	http://sso.cdclib.org/interlibSSO/goto/6/=06190596Z93/kns55/detail.aspx?QueryID=53&CurRec=31&dbcode=cjfq&dbname=CJFD0305&filename=ITSJ200302030	程序员	2003	2003年02期
.NET中String类的隐秘特性	http://sso.cdclib.org/interlibSSO/goto/6/=06190596Z93/kns55/detail.aspx?QueryID=53&CurRec=32&dbcode=cjfq&dbname=CJFD0305&filename=ITSJ200302031	程序员	2003	2003年02期
智能指针的标准之争:Boost vs.Loki	http://sso.cdclib.org/interlibSSO/goto/6/=06190596Z93/kns55/detail.aspx?QueryID=53&CurRec=33&dbcode=cjfq&dbname=CJFD0305&filename=ITSJ200302032	程序员	2003	2003年02期
Java开发利器——IntelliJ IDEA	http://sso.cdclib.org/interlibSSO/goto/6/=06190596Z93/kns55/detail.aspx?QueryID=53&CurRec=34&dbcode=cjfq&dbname=CJFD0305&filename=ITSJ200302033	程序员	2003	2003年02期
CSDN 1月论坛TOP 10	http://sso.cdclib.org/interlibSSO/goto/6/=06190596Z93/kns55/detail.aspx?QueryID=53&CurRec=35&dbcode=cjfq&dbname=CJFD0305&filename=ITSJ200302034	程序员	2003	2003年02期
专家门诊	http://sso.cdclib.org/interlibSSO/goto/6/=06190596Z93/kns55/detail.aspx?QueryID=53&CurRec=36&dbcode=cjfq&dbname=CJFD0305&filename=ITSJ200302035	程序员	2003	2003年02期
深入GDI编程的经典——评《Windows图形编程》	http://sso.cdclib.org/interlibSSO/goto/6/=06190596Z93/kns55/detail.aspx?QueryID=53&CurRec=37&dbcode=cjfq&dbname=CJFD0305&filename=ITSJ200302036	程序员	2003	2003年02期
C++实践之路	http://sso.cdclib.org/interlibSSO/goto/6/=06190596Z93/kns55/detail.aspx?QueryID=53&CurRec=38&dbcode=cjfq&dbname=CJFD0305&filename=ITSJ200302037	程序员	2003	2003年02期
李维的新年礼物——评《Delphi 7高效数据库程序设计》	http://sso.cdclib.org/interlibSSO/goto/6/=06190596Z93/kns55/detail.aspx?QueryID=53&CurRec=39&dbcode=cjfq&dbname=CJFD0305&filename=ITSJ200302038	程序员	2003	2003年02期
微软产品是怎样炼成的——《过河卒》节选	http://sso.cdclib.org/interlibSSO/goto/6/=06190596Z93/kns55/detail.aspx?QueryID=53&CurRec=40&dbcode=cjfq&dbname=CJFD0305&filename=ITSJ200302039	程序员	2003	2003年02期
2002年亚马逊开发类获奖图书	http://sso.cdclib.org/interlibSSO/goto/6/=06190596Z93/kns55/detail.aspx?QueryID=53&CurRec=41&dbcode=cjfq&dbname=CJFD0305&filename=ITSJ200302040	程序员	2003	2003年02期
名社新书	http://sso.cdclib.org/interlibSSO/goto/6/=06190596Z93/kns55/detail.aspx?QueryID=53&CurRec=42&dbcode=cjfq&dbname=CJFD0305&filename=ITSJ200302041	程序员	2003	2003年02期
编读往来	http://sso.cdclib.org/interlibSSO/goto/6/=06190596Z93/kns55/detail.aspx?QueryID=53&CurRec=43&dbcode=cjfq&dbname=CJFD0305&filename=ITSJ200302042	程序员	2003	2003年02期
厂商直击	http://sso.cdclib.org/interlibSSO/goto/6/=06190596Z93/kns55/detail.aspx?QueryID=53&CurRec=44&dbcode=cjfq&dbname=CJFD0305&filename=ITSJ200302043	程序员	2003	2003年02期
封面书摘	http://sso.cdclib.org/interlibSSO/goto/6/=06190596Z93/kns55/detail.aspx?QueryID=58&CurRec=1&dbcode=cjfq&dbname=CJFD0305&filename=ITSJ200301000	程序员	2003	2003年01期
呼唤明星	http://sso.cdclib.org/interlibSSO/goto/6/=06190596Z93/kns55/detail.aspx?QueryID=58&CurRec=2&dbcode=cjfq&dbname=CJFD0305&filename=ITSJ200301001	程序员	2003	2003年01期
程序员调查④——最爱10本书揭晓	http://sso.cdclib.org/interlibSSO/goto/6/=06190596Z93/kns55/detail.aspx?QueryID=58&CurRec=3&dbcode=cjfq&dbname=CJFD0305&filename=ITSJ200301002	程序员	2003	2003年01期
厂商直击	http://sso.cdclib.org/interlibSSO/goto/6/=06190596Z93/kns55/detail.aspx?QueryID=58&CurRec=4&dbcode=cjfq&dbname=CJFD0305&filename=ITSJ200301003	程序员	2003	2003年01期
书写神话的布鲁克斯	http://sso.cdclib.org/interlibSSO/goto/6/=06190596Z93/kns55/detail.aspx?QueryID=58&CurRec=5&dbcode=cjfq&dbname=CJFD0305&filename=ITSJ200301004	程序员	2003	2003年01期
马不停蹄又一年——2002年开发技术大综述	http://sso.cdclib.org/interlibSSO/goto/6/=06190596Z93/kns55/detail.aspx?QueryID=58&CurRec=6&dbcode=cjfq&dbname=CJFD0305&filename=ITSJ200301005	程序员	2003	2003年01期
十实点评	http://sso.cdclib.org/interlibSSO/goto/6/=06190596Z93/kns55/detail.aspx?QueryID=58&CurRec=7&dbcode=cjfq&dbname=CJFD0305&filename=ITSJ200301006	程序员	2003	2003年01期
对话从Rational被收购谈起	http://sso.cdclib.org/interlibSSO/goto/6/=06190596Z93/kns55/detail.aspx?QueryID=58&CurRec=8&dbcode=cjfq&dbname=CJFD0305&filename=ITSJ200301007	程序员	2003	2003年01期
菲律宾随笔	http://sso.cdclib.org/interlibSSO/goto/6/=06190596Z93/kns55/detail.aspx?QueryID=58&CurRec=9&dbcode=cjfq&dbname=CJFD0305&filename=ITSJ200301008	程序员	2003	2003年01期
中国最高智慧之叶天正——没有什么可以骗了我	http://sso.cdclib.org/interlibSSO/goto/6/=06190596Z93/kns55/detail.aspx?QueryID=58&CurRec=10&dbcode=cjfq&dbname=CJFD0305&filename=ITSJ200301009	程序员	2003	2003年01期
“C++之父”访谈	http://sso.cdclib.org/interlibSSO/goto/6/=06190596Z93/kns55/detail.aspx?QueryID=58&CurRec=11&dbcode=cjfq&dbname=CJFD0305&filename=ITSJ200301010	程序员	2003	2003年01期
微软人才管理探秘——2002微软高级开发管理峰会成果解析	http://sso.cdclib.org/interlibSSO/goto/6/=06190596Z93/kns55/detail.aspx?QueryID=58&CurRec=12&dbcode=cjfq&dbname=CJFD0305&filename=ITSJ200301011	程序员	2003	2003年01期
开放源码的风险评估	http://sso.cdclib.org/interlibSSO/goto/6/=06190596Z93/kns55/detail.aspx?QueryID=58&CurRec=13&dbcode=cjfq&dbname=CJFD0305&filename=ITSJ200301012	程序员	2003	2003年01期
《CRM全解》系列之四——CRM现状及发展	http://sso.cdclib.org/interlibSSO/goto/6/=06190596Z93/kns55/detail.aspx?QueryID=58&CurRec=14&dbcode=cjfq&dbname=CJFD0305&filename=ITSJ200301013	程序员	2003	2003年01期
程序天下事	http://sso.cdclib.org/interlibSSO/goto/6/=06190596Z93/kns55/detail.aspx?QueryID=58&CurRec=15&dbcode=cjfq&dbname=CJFD0305&filename=ITSJ200301014	程序员	2003	2003年01期
导语	http://sso.cdclib.org/interlibSSO/goto/6/=06190596Z93/kns55/detail.aspx?QueryID=58&CurRec=16&dbcode=cjfq&dbname=CJFD0305&filename=ITSJ200301015	程序员	2003	2003年01期
Garbage Collection——问题和技术	http://sso.cdclib.org/interlibSSO/goto/6/=06190596Z93/kns55/detail.aspx?QueryID=58&CurRec=17&dbcode=cjfq&dbname=CJFD0305&filename=ITSJ200301016	程序员	2003	2003年01期
.NET的自动内存管理	http://sso.cdclib.org/interlibSSO/goto/6/=06190596Z93/kns55/detail.aspx?QueryID=58&CurRec=18&dbcode=cjfq&dbname=CJFD0305&filename=ITSJ200301017	程序员	2003	2003年01期
一个C++的垃圾收集框架	http://sso.cdclib.org/interlibSSO/goto/6/=06190596Z93/kns55/detail.aspx?QueryID=58&CurRec=19&dbcode=cjfq&dbname=CJFD0305&filename=ITSJ200301018	程序员	2003	2003年01期
针对Delphi对象和构件的垃圾收集器	http://sso.cdclib.org/interlibSSO/goto/6/=06190596Z93/kns55/detail.aspx?QueryID=58&CurRec=20&dbcode=cjfq&dbname=CJFD0305&filename=ITSJ200301019	程序员	2003	2003年01期
垃圾收集算法	http://sso.cdclib.org/interlibSSO/goto/6/=06190596Z93/kns55/detail.aspx?QueryID=58&CurRec=21&dbcode=cjfq&dbname=CJFD0305&filename=ITSJ200301020	程序员	2003	2003年01期
WTL初探——完美的ATL应用程序框架	http://sso.cdclib.org/interlibSSO/goto/6/=06190596Z93/kns55/detail.aspx?QueryID=58&CurRec=22&dbcode=cjfq&dbname=CJFD0305&filename=ITSJ200301021	程序员	2003	2003年01期
嵌入式数据库——朴素但实用的数据库选择	http://sso.cdclib.org/interlibSSO/goto/6/=06190596Z93/kns55/detail.aspx?QueryID=58&CurRec=23&dbcode=cjfq&dbname=CJFD0305&filename=ITSJ200301022	程序员	2003	2003年01期
我眼中的Visual FoxPro 8	http://sso.cdclib.org/interlibSSO/goto/6/=06190596Z93/kns55/detail.aspx?QueryID=58&CurRec=24&dbcode=cjfq&dbname=CJFD0305&filename=ITSJ200301023	程序员	2003	2003年01期
Personal Java程序设计(一)——Personal Java程序设计入门	http://sso.cdclib.org/interlibSSO/goto/6/=06190596Z93/kns55/detail.aspx?QueryID=58&CurRec=25&dbcode=cjfq&dbname=CJFD0305&filename=ITSJ200301024	程序员	2003	2003年01期
Ruby在网络上的应用	http://sso.cdclib.org/interlibSSO/goto/6/=06190596Z93/kns55/detail.aspx?QueryID=58&CurRec=26&dbcode=cjfq&dbname=CJFD0305&filename=ITSJ200301025	程序员	2003	2003年01期
抽象机模式	http://sso.cdclib.org/interlibSSO/goto/6/=06190596Z93/kns55/detail.aspx?QueryID=58&CurRec=27&dbcode=cjfq&dbname=CJFD0305&filename=ITSJ200301026	程序员	2003	2003年01期
C++高效程序设计	http://sso.cdclib.org/interlibSSO/goto/6/=06190596Z93/kns55/detail.aspx?QueryID=58&CurRec=28&dbcode=cjfq&dbname=CJFD0305&filename=ITSJ200301027	程序员	2003	2003年01期
Delphi中不同常规的接口	http://sso.cdclib.org/interlibSSO/goto/6/=06190596Z93/kns55/detail.aspx?QueryID=58&CurRec=29&dbcode=cjfq&dbname=CJFD0305&filename=ITSJ200301028	程序员	2003	2003年01期
使用AutoDump+处理挂起和崩溃	http://sso.cdclib.org/interlibSSO/goto/6/=06190596Z93/kns55/detail.aspx?QueryID=58&CurRec=30&dbcode=cjfq&dbname=CJFD0305&filename=ITSJ200301029	程序员	2003	2003年01期
搜寻恐怖分子题解——2002年第11期题解	http://sso.cdclib.org/interlibSSO/goto/6/=06190596Z93/kns55/detail.aspx?QueryID=58&CurRec=31&dbcode=cjfq&dbname=CJFD0305&filename=ITSJ200301030	程序员	2003	2003年01期
CSDN 12月论坛TOP 10	http://sso.cdclib.org/interlibSSO/goto/6/=06190596Z93/kns55/detail.aspx?QueryID=58&CurRec=32&dbcode=cjfq&dbname=CJFD0305&filename=ITSJ200301031	程序员	2003	2003年01期
C/C++专家门诊	http://sso.cdclib.org/interlibSSO/goto/6/=06190596Z93/kns55/detail.aspx?QueryID=58&CurRec=33&dbcode=cjfq&dbname=CJFD0305&filename=ITSJ200301032	程序员	2003	2003年01期
Visual C++专家门诊	http://sso.cdclib.org/interlibSSO/goto/6/=06190596Z93/kns55/detail.aspx?QueryID=58&CurRec=34&dbcode=cjfq&dbname=CJFD0305&filename=ITSJ200301033	程序员	2003	2003年01期
数据库专家门诊	http://sso.cdclib.org/interlibSSO/goto/6/=06190596Z93/kns55/detail.aspx?QueryID=58&CurRec=35&dbcode=cjfq&dbname=CJFD0305&filename=ITSJ200301034	程序员	2003	2003年01期
Visual Basic专家门诊	http://sso.cdclib.org/interlibSSO/goto/6/=06190596Z93/kns55/detail.aspx?QueryID=58&CurRec=36&dbcode=cjfq&dbname=CJFD0305&filename=ITSJ200301035	程序员	2003	2003年01期
Delphi专家门诊	http://sso.cdclib.org/interlibSSO/goto/6/=06190596Z93/kns55/detail.aspx?QueryID=58&CurRec=37&dbcode=cjfq&dbname=CJFD0305&filename=ITSJ200301036	程序员	2003	2003年01期
一枝看上去很美的花	http://sso.cdclib.org/interlibSSO/goto/6/=06190596Z93/kns55/detail.aspx?QueryID=58&CurRec=38&dbcode=cjfq&dbname=CJFD0305&filename=ITSJ200301037	程序员	2003	2003年01期
读《C++沉思录》	http://sso.cdclib.org/interlibSSO/goto/6/=06190596Z93/kns55/detail.aspx?QueryID=58&CurRec=39&dbcode=cjfq&dbname=CJFD0305&filename=ITSJ200301038	程序员	2003	2003年01期
2002年软件开发类图书市场热点回顾	http://sso.cdclib.org/interlibSSO/goto/6/=06190596Z93/kns55/detail.aspx?QueryID=58&CurRec=40&dbcode=cjfq&dbname=CJFD0305&filename=ITSJ200301039	程序员	2003	2003年01期
新书上架	http://sso.cdclib.org/interlibSSO/goto/6/=06190596Z93/kns55/detail.aspx?QueryID=58&CurRec=41&dbcode=cjfq&dbname=CJFD0305&filename=ITSJ200301040	程序员	2003	2003年01期
编读往来	http://sso.cdclib.org/interlibSSO/goto/6/=06190596Z93/kns55/detail.aspx?QueryID=58&CurRec=42&dbcode=cjfq&dbname=CJFD0305&filename=ITSJ200301041	程序员	2003	2003年01期
