Engineering Authority and Trust in Cyberspace(Abstract)	http://sso.cdclib.org/interlibSSO/goto/6/=06190596Z93/kns55/detail.aspx?QueryID=4&CurRec=1&dbcode=cjfq&dbname=CJFD9902&filename=JSJC1999S1000	计算机工程	1999	1999年S1期
赛伯空间的工程授权和委托(摘要)	http://sso.cdclib.org/interlibSSO/goto/6/=06190596Z93/kns55/detail.aspx?QueryID=4&CurRec=2&dbcode=cjfq&dbname=CJFD9902&filename=JSJC1999S1001	计算机工程	1999	1999年S1期
A Content-based Authorization Model for Digital Libraries(Abstract)	http://sso.cdclib.org/interlibSSO/goto/6/=06190596Z93/kns55/detail.aspx?QueryID=4&CurRec=3&dbcode=cjfq&dbname=CJFD9902&filename=JSJC1999S1002	计算机工程	1999	1999年S1期
基于内容的数字文件库授权模型(摘要)	http://sso.cdclib.org/interlibSSO/goto/6/=06190596Z93/kns55/detail.aspx?QueryID=4&CurRec=4&dbcode=cjfq&dbname=CJFD9902&filename=JSJC1999S1003	计算机工程	1999	1999年S1期
网络安全的三道防线一密码、协议和防火墙(英文)	http://sso.cdclib.org/interlibSSO/goto/6/=06190596Z93/kns55/detail.aspx?QueryID=4&CurRec=5&dbcode=cjfq&dbname=CJFD9902&filename=JSJC1999S1004	计算机工程	1999	1999年S1期
信息安全设计框架与安全保护等级划分	http://sso.cdclib.org/interlibSSO/goto/6/=06190596Z93/kns55/detail.aspx?QueryID=4&CurRec=6&dbcode=cjfq&dbname=CJFD9902&filename=JSJC1999S1005	计算机工程	1999	1999年S1期
信息安全产品和信息系统安全的测评与认证	http://sso.cdclib.org/interlibSSO/goto/6/=06190596Z93/kns55/detail.aspx?QueryID=4&CurRec=7&dbcode=cjfq&dbname=CJFD9902&filename=JSJC1999S1006	计算机工程	1999	1999年S1期
The Evolution of Access Control in Commercial Products(Abstract)	http://sso.cdclib.org/interlibSSO/goto/6/=06190596Z93/kns55/detail.aspx?QueryID=4&CurRec=8&dbcode=cjfq&dbname=CJFD9902&filename=JSJC1999S1007	计算机工程	1999	1999年S1期
商务产品中访问控制的进展(摘要)	http://sso.cdclib.org/interlibSSO/goto/6/=06190596Z93/kns55/detail.aspx?QueryID=4&CurRec=9&dbcode=cjfq&dbname=CJFD9902&filename=JSJC1999S1008	计算机工程	1999	1999年S1期
中国信息安全法律(摘要)	http://sso.cdclib.org/interlibSSO/goto/6/=06190596Z93/kns55/detail.aspx?QueryID=4&CurRec=10&dbcode=cjfq&dbname=CJFD9902&filename=JSJC1999S1009	计算机工程	1999	1999年S1期
The Information Security Law of China(Abstract)	http://sso.cdclib.org/interlibSSO/goto/6/=06190596Z93/kns55/detail.aspx?QueryID=4&CurRec=11&dbcode=cjfq&dbname=CJFD9902&filename=JSJC1999S1010	计算机工程	1999	1999年S1期
电子商务中的安全付款问题──数字货币(摘要)	http://sso.cdclib.org/interlibSSO/goto/6/=06190596Z93/kns55/detail.aspx?QueryID=4&CurRec=12&dbcode=cjfq&dbname=CJFD9902&filename=JSJC1999S1011	计算机工程	1999	1999年S1期
网络安全软硬件产品的新发展(要点)	http://sso.cdclib.org/interlibSSO/goto/6/=06190596Z93/kns55/detail.aspx?QueryID=4&CurRec=13&dbcode=cjfq&dbname=CJFD9902&filename=JSJC1999S1012	计算机工程	1999	1999年S1期
利用角色对增强型存取矩阵模型(ATAM)的模拟(英文)	http://sso.cdclib.org/interlibSSO/goto/6/=06190596Z93/kns55/detail.aspx?QueryID=4&CurRec=14&dbcode=cjfq&dbname=CJFD9902&filename=JSJC1999S1013	计算机工程	1999	1999年S1期
身份系统中基于角色策略的可视化和管理方法(英文)	http://sso.cdclib.org/interlibSSO/goto/6/=06190596Z93/kns55/detail.aspx?QueryID=4&CurRec=15&dbcode=cjfq&dbname=CJFD9902&filename=JSJC1999S1014	计算机工程	1999	1999年S1期
支持查询的扩展CIDF(英文)	http://sso.cdclib.org/interlibSSO/goto/6/=06190596Z93/kns55/detail.aspx?QueryID=4&CurRec=16&dbcode=cjfq&dbname=CJFD9902&filename=JSJC1999S1015	计算机工程	1999	1999年S1期
使用基于角色存取控制的集成安全系统(英文)	http://sso.cdclib.org/interlibSSO/goto/6/=06190596Z93/kns55/detail.aspx?QueryID=4&CurRec=17&dbcode=cjfq&dbname=CJFD9902&filename=JSJC1999S1016	计算机工程	1999	1999年S1期
证书撤销机制的改进	http://sso.cdclib.org/interlibSSO/goto/6/=06190596Z93/kns55/detail.aspx?QueryID=4&CurRec=18&dbcode=cjfq&dbname=CJFD9902&filename=JSJC1999S1017	计算机工程	1999	1999年S1期
椭圆曲线密码体制在盲数字签名中的应用	http://sso.cdclib.org/interlibSSO/goto/6/=06190596Z93/kns55/detail.aspx?QueryID=4&CurRec=19&dbcode=cjfq&dbname=CJFD9902&filename=JSJC1999S1018	计算机工程	1999	1999年S1期
一种基于规则的安全日志范式分析模型(英文)	http://sso.cdclib.org/interlibSSO/goto/6/=06190596Z93/kns55/detail.aspx?QueryID=4&CurRec=20&dbcode=cjfq&dbname=CJFD9902&filename=JSJC1999S1019	计算机工程	1999	1999年S1期
一个基于神经网络的入侵检测系统	http://sso.cdclib.org/interlibSSO/goto/6/=06190596Z93/kns55/detail.aspx?QueryID=4&CurRec=21&dbcode=cjfq&dbname=CJFD9902&filename=JSJC1999S1020	计算机工程	1999	1999年S1期
一种基于IP的VPN安全机制	http://sso.cdclib.org/interlibSSO/goto/6/=06190596Z93/kns55/detail.aspx?QueryID=4&CurRec=22&dbcode=cjfq&dbname=CJFD9902&filename=JSJC1999S1021	计算机工程	1999	1999年S1期
电子投票系统的安全问题(英文)	http://sso.cdclib.org/interlibSSO/goto/6/=06190596Z93/kns55/detail.aspx?QueryID=4&CurRec=23&dbcode=cjfq&dbname=CJFD9902&filename=JSJC1999S1022	计算机工程	1999	1999年S1期
移动通信系统中的代理用户认证方案	http://sso.cdclib.org/interlibSSO/goto/6/=06190596Z93/kns55/detail.aspx?QueryID=4&CurRec=24&dbcode=cjfq&dbname=CJFD9902&filename=JSJC1999S1023	计算机工程	1999	1999年S1期
ATM网络安全系统实现中的关键技术	http://sso.cdclib.org/interlibSSO/goto/6/=06190596Z93/kns55/detail.aspx?QueryID=4&CurRec=25&dbcode=cjfq&dbname=CJFD9902&filename=JSJC1999S1024	计算机工程	1999	1999年S1期
用Microsoft VC++6.0的套接字实现一个VPN	http://sso.cdclib.org/interlibSSO/goto/6/=06190596Z93/kns55/detail.aspx?QueryID=4&CurRec=26&dbcode=cjfq&dbname=CJFD9902&filename=JSJC1999S1025	计算机工程	1999	1999年S1期
图象在声音和图象中的隐藏	http://sso.cdclib.org/interlibSSO/goto/6/=06190596Z93/kns55/detail.aspx?QueryID=4&CurRec=27&dbcode=cjfq&dbname=CJFD9902&filename=JSJC1999S1026	计算机工程	1999	1999年S1期
防火墙访问效率与安全性间的平衡及透明度的提高	http://sso.cdclib.org/interlibSSO/goto/6/=06190596Z93/kns55/detail.aspx?QueryID=4&CurRec=28&dbcode=cjfq&dbname=CJFD9902&filename=JSJC1999S1027	计算机工程	1999	1999年S1期
一种可应用于电子商务安全的数字签名	http://sso.cdclib.org/interlibSSO/goto/6/=06190596Z93/kns55/detail.aspx?QueryID=4&CurRec=29&dbcode=cjfq&dbname=CJFD9902&filename=JSJC1999S1028	计算机工程	1999	1999年S1期
基于DTP中间件的VPN	http://sso.cdclib.org/interlibSSO/goto/6/=06190596Z93/kns55/detail.aspx?QueryID=4&CurRec=30&dbcode=cjfq&dbname=CJFD9902&filename=JSJC1999S1029	计算机工程	1999	1999年S1期
数字城市的一个安全概念模型	http://sso.cdclib.org/interlibSSO/goto/6/=06190596Z93/kns55/detail.aspx?QueryID=4&CurRec=31&dbcode=cjfq&dbname=CJFD9902&filename=JSJC1999S1030	计算机工程	1999	1999年S1期
一种虚拟私有网络模型的实现	http://sso.cdclib.org/interlibSSO/goto/6/=06190596Z93/kns55/detail.aspx?QueryID=4&CurRec=32&dbcode=cjfq&dbname=CJFD9902&filename=JSJC1999S1031	计算机工程	1999	1999年S1期
IPSEC中密钥管理协议的研究	http://sso.cdclib.org/interlibSSO/goto/6/=06190596Z93/kns55/detail.aspx?QueryID=4&CurRec=33&dbcode=cjfq&dbname=CJFD9902&filename=JSJC1999S1032	计算机工程	1999	1999年S1期
基于移动代理计算模型的安全	http://sso.cdclib.org/interlibSSO/goto/6/=06190596Z93/kns55/detail.aspx?QueryID=4&CurRec=34&dbcode=cjfq&dbname=CJFD9902&filename=JSJC1999S1033	计算机工程	1999	1999年S1期
透明网络安全体系结构的研究	http://sso.cdclib.org/interlibSSO/goto/6/=06190596Z93/kns55/detail.aspx?QueryID=4&CurRec=35&dbcode=cjfq&dbname=CJFD9902&filename=JSJC1999S1034	计算机工程	1999	1999年S1期
基于KDC的网络安全模型设计	http://sso.cdclib.org/interlibSSO/goto/6/=06190596Z93/kns55/detail.aspx?QueryID=4&CurRec=36&dbcode=cjfq&dbname=CJFD9902&filename=JSJC1999S1035	计算机工程	1999	1999年S1期
混沌同步保密通信技术及软件实现	http://sso.cdclib.org/interlibSSO/goto/6/=06190596Z93/kns55/detail.aspx?QueryID=4&CurRec=37&dbcode=cjfq&dbname=CJFD9902&filename=JSJC1999S1036	计算机工程	1999	1999年S1期
基于代理的虚拟市场中的恶意代理问题研究	http://sso.cdclib.org/interlibSSO/goto/6/=06190596Z93/kns55/detail.aspx?QueryID=4&CurRec=38&dbcode=cjfq&dbname=CJFD9902&filename=JSJC1999S1037	计算机工程	1999	1999年S1期
基于BGP的多防火墙并行路由结构设计	http://sso.cdclib.org/interlibSSO/goto/6/=06190596Z93/kns55/detail.aspx?QueryID=4&CurRec=39&dbcode=cjfq&dbname=CJFD9902&filename=JSJC1999S1038	计算机工程	1999	1999年S1期
电子商务认证机构问题研究	http://sso.cdclib.org/interlibSSO/goto/6/=06190596Z93/kns55/detail.aspx?QueryID=4&CurRec=40&dbcode=cjfq&dbname=CJFD9902&filename=JSJC1999S1039	计算机工程	1999	1999年S1期
基于VPN技术的Web电子支付系统的研究	http://sso.cdclib.org/interlibSSO/goto/6/=06190596Z93/kns55/detail.aspx?QueryID=4&CurRec=41&dbcode=cjfq&dbname=CJFD9902&filename=JSJC1999S1040	计算机工程	1999	1999年S1期
一种新的概率公钥加密体制	http://sso.cdclib.org/interlibSSO/goto/6/=06190596Z93/kns55/detail.aspx?QueryID=4&CurRec=42&dbcode=cjfq&dbname=CJFD9902&filename=JSJC1999S1041	计算机工程	1999	1999年S1期
一种适合于透明代理机制的用户认证方案	http://sso.cdclib.org/interlibSSO/goto/6/=06190596Z93/kns55/detail.aspx?QueryID=4&CurRec=43&dbcode=cjfq&dbname=CJFD9902&filename=JSJC1999S1042	计算机工程	1999	1999年S1期
迭代型分组密码的密钥编排模型(英文)	http://sso.cdclib.org/interlibSSO/goto/6/=06190596Z93/kns55/detail.aspx?QueryID=4&CurRec=44&dbcode=cjfq&dbname=CJFD9902&filename=JSJC1999S1043	计算机工程	1999	1999年S1期
使用电子现金的安全系统(英文)	http://sso.cdclib.org/interlibSSO/goto/6/=06190596Z93/kns55/detail.aspx?QueryID=4&CurRec=45&dbcode=cjfq&dbname=CJFD9902&filename=JSJC1999S1044	计算机工程	1999	1999年S1期
构造基于X.509公钥证书的密钥管理系统	http://sso.cdclib.org/interlibSSO/goto/6/=06190596Z93/kns55/detail.aspx?QueryID=4&CurRec=46&dbcode=cjfq&dbname=CJFD9902&filename=JSJC1999S1045	计算机工程	1999	1999年S1期
移动Agent中的安全性:问题及对策	http://sso.cdclib.org/interlibSSO/goto/6/=06190596Z93/kns55/detail.aspx?QueryID=4&CurRec=47&dbcode=cjfq&dbname=CJFD9902&filename=JSJC1999S1046	计算机工程	1999	1999年S1期
形式化验证认证协议的研究	http://sso.cdclib.org/interlibSSO/goto/6/=06190596Z93/kns55/detail.aspx?QueryID=4&CurRec=48&dbcode=cjfq&dbname=CJFD9902&filename=JSJC1999S1047	计算机工程	1999	1999年S1期
基于网关证技术的信息出关控制模型	http://sso.cdclib.org/interlibSSO/goto/6/=06190596Z93/kns55/detail.aspx?QueryID=4&CurRec=49&dbcode=cjfq&dbname=CJFD9902&filename=JSJC1999S1048	计算机工程	1999	1999年S1期
一种结合自动指纹认证与密码技术的安全机制	http://sso.cdclib.org/interlibSSO/goto/6/=06190596Z93/kns55/detail.aspx?QueryID=4&CurRec=50&dbcode=cjfq&dbname=CJFD9902&filename=JSJC1999S1049	计算机工程	1999	1999年S1期
一个基于Web的安全电子商务系统的组合模型(英文)	http://sso.cdclib.org/interlibSSO/goto/6/=06190596Z93/kns55/detail.aspx?QueryID=4&CurRec=51&dbcode=cjfq&dbname=CJFD9902&filename=JSJC1999S1050	计算机工程	1999	1999年S1期
一种新的群签名系统	http://sso.cdclib.org/interlibSSO/goto/6/=06190596Z93/kns55/detail.aspx?QueryID=4&CurRec=52&dbcode=cjfq&dbname=CJFD9902&filename=JSJC1999S1051	计算机工程	1999	1999年S1期
BO网络入侵的实时检测	http://sso.cdclib.org/interlibSSO/goto/6/=06190596Z93/kns55/detail.aspx?QueryID=4&CurRec=53&dbcode=cjfq&dbname=CJFD9902&filename=JSJC1999S1052	计算机工程	1999	1999年S1期
密码协议的SMV分析:实例研究	http://sso.cdclib.org/interlibSSO/goto/6/=06190596Z93/kns55/detail.aspx?QueryID=4&CurRec=54&dbcode=cjfq&dbname=CJFD9902&filename=JSJC1999S1053	计算机工程	1999	1999年S1期
基于对象Petri网的网络认证协议表示及分析	http://sso.cdclib.org/interlibSSO/goto/6/=06190596Z93/kns55/detail.aspx?QueryID=4&CurRec=55&dbcode=cjfq&dbname=CJFD9902&filename=JSJC1999S1054	计算机工程	1999	1999年S1期
异构网络安全管理的设计	http://sso.cdclib.org/interlibSSO/goto/6/=06190596Z93/kns55/detail.aspx?QueryID=4&CurRec=56&dbcode=cjfq&dbname=CJFD9902&filename=JSJC1999S1055	计算机工程	1999	1999年S1期
面向万维网应用的表单签名技术及其实现	http://sso.cdclib.org/interlibSSO/goto/6/=06190596Z93/kns55/detail.aspx?QueryID=4&CurRec=57&dbcode=cjfq&dbname=CJFD9902&filename=JSJC1999S1056	计算机工程	1999	1999年S1期
入侵检测方法概述	http://sso.cdclib.org/interlibSSO/goto/6/=06190596Z93/kns55/detail.aspx?QueryID=4&CurRec=58&dbcode=cjfq&dbname=CJFD9902&filename=JSJC1999S1057	计算机工程	1999	1999年S1期
网络安全审计系统的设计和实现	http://sso.cdclib.org/interlibSSO/goto/6/=06190596Z93/kns55/detail.aspx?QueryID=4&CurRec=59&dbcode=cjfq&dbname=CJFD9902&filename=JSJC1999S1058	计算机工程	1999	1999年S1期
对大规模PKI中CRL分发机制的分析和比较	http://sso.cdclib.org/interlibSSO/goto/6/=06190596Z93/kns55/detail.aspx?QueryID=4&CurRec=60&dbcode=cjfq&dbname=CJFD9902&filename=JSJC1999S1059	计算机工程	1999	1999年S1期
基于VE的教学训练技术应用现状及发展	http://sso.cdclib.org/interlibSSO/goto/6/=06190596Z93/kns55/detail.aspx?QueryID=10&CurRec=1&dbcode=cjfq&dbname=CJFD9902&filename=JSJC199912000	计算机工程	1999	1999年12期
大型网络信息中心(NIC)管理的关键技术与实现	http://sso.cdclib.org/interlibSSO/goto/6/=06190596Z93/kns55/detail.aspx?QueryID=10&CurRec=2&dbcode=cjfq&dbname=CJFD9902&filename=JSJC199912001	计算机工程	1999	1999年12期
分布式虚拟环境系统的异构机网络通信设计与实现	http://sso.cdclib.org/interlibSSO/goto/6/=06190596Z93/kns55/detail.aspx?QueryID=10&CurRec=3&dbcode=cjfq&dbname=CJFD9902&filename=JSJC199912002	计算机工程	1999	1999年12期
QoS路由器关键技术分析	http://sso.cdclib.org/interlibSSO/goto/6/=06190596Z93/kns55/detail.aspx?QueryID=10&CurRec=4&dbcode=cjfq&dbname=CJFD9902&filename=JSJC199912003	计算机工程	1999	1999年12期
计算机传真中串行通信的研究与实现	http://sso.cdclib.org/interlibSSO/goto/6/=06190596Z93/kns55/detail.aspx?QueryID=10&CurRec=5&dbcode=cjfq&dbname=CJFD9902&filename=JSJC199912004	计算机工程	1999	1999年12期
一个新VRML浏览器的构造与实现	http://sso.cdclib.org/interlibSSO/goto/6/=06190596Z93/kns55/detail.aspx?QueryID=10&CurRec=6&dbcode=cjfq&dbname=CJFD9902&filename=JSJC199912005	计算机工程	1999	1999年12期
IBR技术中柱面全景图镶嵌的快速算法	http://sso.cdclib.org/interlibSSO/goto/6/=06190596Z93/kns55/detail.aspx?QueryID=10&CurRec=7&dbcode=cjfq&dbname=CJFD9902&filename=JSJC199912006	计算机工程	1999	1999年12期
具有真实感的虚拟装备生成方法	http://sso.cdclib.org/interlibSSO/goto/6/=06190596Z93/kns55/detail.aspx?QueryID=10&CurRec=8&dbcode=cjfq&dbname=CJFD9902&filename=JSJC199912007	计算机工程	1999	1999年12期
基于分色和一种新的去噪算法的地图自动输入技术	http://sso.cdclib.org/interlibSSO/goto/6/=06190596Z93/kns55/detail.aspx?QueryID=10&CurRec=9&dbcode=cjfq&dbname=CJFD9902&filename=JSJC199912008	计算机工程	1999	1999年12期
基于动态分割与合一的排样算法	http://sso.cdclib.org/interlibSSO/goto/6/=06190596Z93/kns55/detail.aspx?QueryID=10&CurRec=10&dbcode=cjfq&dbname=CJFD9902&filename=JSJC199912009	计算机工程	1999	1999年12期
基于OpenGL的运动视景仿真的实现	http://sso.cdclib.org/interlibSSO/goto/6/=06190596Z93/kns55/detail.aspx?QueryID=10&CurRec=11&dbcode=cjfq&dbname=CJFD9902&filename=JSJC199912010	计算机工程	1999	1999年12期
分形编码的等级特性探讨	http://sso.cdclib.org/interlibSSO/goto/6/=06190596Z93/kns55/detail.aspx?QueryID=10&CurRec=12&dbcode=cjfq&dbname=CJFD9902&filename=JSJC199912011	计算机工程	1999	1999年12期
三维翻译技术在信息发布系统中的应用	http://sso.cdclib.org/interlibSSO/goto/6/=06190596Z93/kns55/detail.aspx?QueryID=10&CurRec=13&dbcode=cjfq&dbname=CJFD9902&filename=JSJC199912012	计算机工程	1999	1999年12期
用Java实现公文系统的手写批注和会签	http://sso.cdclib.org/interlibSSO/goto/6/=06190596Z93/kns55/detail.aspx?QueryID=10&CurRec=14&dbcode=cjfq&dbname=CJFD9902&filename=JSJC199912013	计算机工程	1999	1999年12期
ActiveX技术对浏览器/Web服务器构架的功能扩充	http://sso.cdclib.org/interlibSSO/goto/6/=06190596Z93/kns55/detail.aspx?QueryID=10&CurRec=15&dbcode=cjfq&dbname=CJFD9902&filename=JSJC199912014	计算机工程	1999	1999年12期
Web对象模型及在多层结构Web开发中的应用	http://sso.cdclib.org/interlibSSO/goto/6/=06190596Z93/kns55/detail.aspx?QueryID=10&CurRec=16&dbcode=cjfq&dbname=CJFD9902&filename=JSJC199912015	计算机工程	1999	1999年12期
基于Web的电信INMS开发方法研究	http://sso.cdclib.org/interlibSSO/goto/6/=06190596Z93/kns55/detail.aspx?QueryID=10&CurRec=17&dbcode=cjfq&dbname=CJFD9902&filename=JSJC199912016	计算机工程	1999	1999年12期
一个工作负载驱动并行结构模拟器的设计与实现	http://sso.cdclib.org/interlibSSO/goto/6/=06190596Z93/kns55/detail.aspx?QueryID=10&CurRec=18&dbcode=cjfq&dbname=CJFD9902&filename=JSJC199912017	计算机工程	1999	1999年12期
ABC95阵列机的FPGA实现及其优化	http://sso.cdclib.org/interlibSSO/goto/6/=06190596Z93/kns55/detail.aspx?QueryID=10&CurRec=19&dbcode=cjfq&dbname=CJFD9902&filename=JSJC199912018	计算机工程	1999	1999年12期
电子系统设计的低功耗技术	http://sso.cdclib.org/interlibSSO/goto/6/=06190596Z93/kns55/detail.aspx?QueryID=10&CurRec=20&dbcode=cjfq&dbname=CJFD9902&filename=JSJC199912019	计算机工程	1999	1999年12期
驾驭式解释系统的实现	http://sso.cdclib.org/interlibSSO/goto/6/=06190596Z93/kns55/detail.aspx?QueryID=10&CurRec=21&dbcode=cjfq&dbname=CJFD9902&filename=JSJC199912020	计算机工程	1999	1999年12期
HP、Oracle宣布电子化服务策略联盟	http://sso.cdclib.org/interlibSSO/goto/6/=06190596Z93/kns55/detail.aspx?QueryID=10&CurRec=22&dbcode=cjfq&dbname=CJFD9902&filename=JSJC199912021	计算机工程	1999	1999年12期
EOMKIS:支持企业知识系统集成的企业本体论建立系统	http://sso.cdclib.org/interlibSSO/goto/6/=06190596Z93/kns55/detail.aspx?QueryID=10&CurRec=23&dbcode=cjfq&dbname=CJFD9902&filename=JSJC199912022	计算机工程	1999	1999年12期
基于事例推理技术在火炮设计中的应用	http://sso.cdclib.org/interlibSSO/goto/6/=06190596Z93/kns55/detail.aspx?QueryID=10&CurRec=24&dbcode=cjfq&dbname=CJFD9902&filename=JSJC199912023	计算机工程	1999	1999年12期
基于事件-条件模式的PLC任务描述	http://sso.cdclib.org/interlibSSO/goto/6/=06190596Z93/kns55/detail.aspx?QueryID=10&CurRec=25&dbcode=cjfq&dbname=CJFD9902&filename=JSJC199912024	计算机工程	1999	1999年12期
维修性预计工程化及计算机化研究	http://sso.cdclib.org/interlibSSO/goto/6/=06190596Z93/kns55/detail.aspx?QueryID=10&CurRec=26&dbcode=cjfq&dbname=CJFD9902&filename=JSJC199912025	计算机工程	1999	1999年12期
快速查询在TMN系统中的实现	http://sso.cdclib.org/interlibSSO/goto/6/=06190596Z93/kns55/detail.aspx?QueryID=10&CurRec=27&dbcode=cjfq&dbname=CJFD9902&filename=JSJC199912026	计算机工程	1999	1999年12期
一种基于Agent的决策支持系统生成器新框架	http://sso.cdclib.org/interlibSSO/goto/6/=06190596Z93/kns55/detail.aspx?QueryID=10&CurRec=28&dbcode=cjfq&dbname=CJFD9902&filename=JSJC199912027	计算机工程	1999	1999年12期
基于数据库的WWW应用系统中的性能优化技术研究	http://sso.cdclib.org/interlibSSO/goto/6/=06190596Z93/kns55/detail.aspx?QueryID=10&CurRec=29&dbcode=cjfq&dbname=CJFD9902&filename=JSJC199912028	计算机工程	1999	1999年12期
视图事务经历的串行化调度分祈	http://sso.cdclib.org/interlibSSO/goto/6/=06190596Z93/kns55/detail.aspx?QueryID=10&CurRec=30&dbcode=cjfq&dbname=CJFD9902&filename=JSJC199912029	计算机工程	1999	1999年12期
BDEGATE:一个数据库网关原型的研究与构造	http://sso.cdclib.org/interlibSSO/goto/6/=06190596Z93/kns55/detail.aspx?QueryID=10&CurRec=31&dbcode=cjfq&dbname=CJFD9902&filename=JSJC199912030	计算机工程	1999	1999年12期
互联网经济	http://sso.cdclib.org/interlibSSO/goto/6/=06190596Z93/kns55/detail.aspx?QueryID=10&CurRec=32&dbcode=cjfq&dbname=CJFD9902&filename=JSJC199912031	计算机工程	1999	1999年12期
分布式数据库设计中数据和操作的分配	http://sso.cdclib.org/interlibSSO/goto/6/=06190596Z93/kns55/detail.aspx?QueryID=10&CurRec=33&dbcode=cjfq&dbname=CJFD9902&filename=JSJC199912032	计算机工程	1999	1999年12期
整个网络的安全性	http://sso.cdclib.org/interlibSSO/goto/6/=06190596Z93/kns55/detail.aspx?QueryID=10&CurRec=34&dbcode=cjfq&dbname=CJFD9902&filename=JSJC199912033	计算机工程	1999	1999年12期
视景音响模拟系统研制	http://sso.cdclib.org/interlibSSO/goto/6/=06190596Z93/kns55/detail.aspx?QueryID=10&CurRec=35&dbcode=cjfq&dbname=CJFD9902&filename=JSJC199912034	计算机工程	1999	1999年12期
基于RSVP的VoD的实际应用与系统性能分析	http://sso.cdclib.org/interlibSSO/goto/6/=06190596Z93/kns55/detail.aspx?QueryID=10&CurRec=36&dbcode=cjfq&dbname=CJFD9902&filename=JSJC199912035	计算机工程	1999	1999年12期
VB中调用Windows API加强多媒体控制	http://sso.cdclib.org/interlibSSO/goto/6/=06190596Z93/kns55/detail.aspx?QueryID=10&CurRec=37&dbcode=cjfq&dbname=CJFD9902&filename=JSJC199912036	计算机工程	1999	1999年12期
Intel公司推出Intel　6000系列交换机	http://sso.cdclib.org/interlibSSO/goto/6/=06190596Z93/kns55/detail.aspx?QueryID=10&CurRec=38&dbcode=cjfq&dbname=CJFD9902&filename=JSJC199912037	计算机工程	1999	1999年12期
基于智能扫描的病毒监视器的研究	http://sso.cdclib.org/interlibSSO/goto/6/=06190596Z93/kns55/detail.aspx?QueryID=10&CurRec=39&dbcode=cjfq&dbname=CJFD9902&filename=JSJC199912038	计算机工程	1999	1999年12期
TCP/IP网络中的若干安全问题	http://sso.cdclib.org/interlibSSO/goto/6/=06190596Z93/kns55/detail.aspx?QueryID=10&CurRec=40&dbcode=cjfq&dbname=CJFD9902&filename=JSJC199912039	计算机工程	1999	1999年12期
电子商务中网上购物的安全协议--SSL与SET	http://sso.cdclib.org/interlibSSO/goto/6/=06190596Z93/kns55/detail.aspx?QueryID=10&CurRec=41&dbcode=cjfq&dbname=CJFD9902&filename=JSJC199912040	计算机工程	1999	1999年12期
车管业务网络管理信息系统中“黑匣子”功能的设计与实现	http://sso.cdclib.org/interlibSSO/goto/6/=06190596Z93/kns55/detail.aspx?QueryID=10&CurRec=42&dbcode=cjfq&dbname=CJFD9902&filename=JSJC199912041	计算机工程	1999	1999年12期
基于UML的管理信息系统开发	http://sso.cdclib.org/interlibSSO/goto/6/=06190596Z93/kns55/detail.aspx?QueryID=10&CurRec=43&dbcode=cjfq&dbname=CJFD9902&filename=JSJC199912042	计算机工程	1999	1999年12期
CEBus中的电力线载波网技术及改进	http://sso.cdclib.org/interlibSSO/goto/6/=06190596Z93/kns55/detail.aspx?QueryID=10&CurRec=44&dbcode=cjfq&dbname=CJFD9902&filename=JSJC199912043	计算机工程	1999	1999年12期
使用协议分析排除登录Win NT故障	http://sso.cdclib.org/interlibSSO/goto/6/=06190596Z93/kns55/detail.aspx?QueryID=10&CurRec=45&dbcode=cjfq&dbname=CJFD9902&filename=JSJC199912044	计算机工程	1999	1999年12期
在Windows NT环境下实现实时可靠的数据通信	http://sso.cdclib.org/interlibSSO/goto/6/=06190596Z93/kns55/detail.aspx?QueryID=10&CurRec=46&dbcode=cjfq&dbname=CJFD9902&filename=JSJC199912045	计算机工程	1999	1999年12期
PB环境下模拟下拉列表框显示动态数据	http://sso.cdclib.org/interlibSSO/goto/6/=06190596Z93/kns55/detail.aspx?QueryID=10&CurRec=47&dbcode=cjfq&dbname=CJFD9902&filename=JSJC199912046	计算机工程	1999	1999年12期
PowerBuilder环境下通用打印设置窗口的实现	http://sso.cdclib.org/interlibSSO/goto/6/=06190596Z93/kns55/detail.aspx?QueryID=10&CurRec=48&dbcode=cjfq&dbname=CJFD9902&filename=JSJC199912047	计算机工程	1999	1999年12期
基于ADSL的ATTH在智能住宅中的应用	http://sso.cdclib.org/interlibSSO/goto/6/=06190596Z93/kns55/detail.aspx?QueryID=16&CurRec=1&dbcode=cjfq&dbname=CJFD9902&filename=JSJC199911000	计算机工程	1999	1999年11期
PJVM系统	http://sso.cdclib.org/interlibSSO/goto/6/=06190596Z93/kns55/detail.aspx?QueryID=16&CurRec=2&dbcode=cjfq&dbname=CJFD9902&filename=JSJC199911001	计算机工程	1999	1999年11期
程序自动并行化系统中IR的面向对象设计	http://sso.cdclib.org/interlibSSO/goto/6/=06190596Z93/kns55/detail.aspx?QueryID=16&CurRec=3&dbcode=cjfq&dbname=CJFD9902&filename=JSJC199911002	计算机工程	1999	1999年11期
一种分布式并行处理模型的研究	http://sso.cdclib.org/interlibSSO/goto/6/=06190596Z93/kns55/detail.aspx?QueryID=16&CurRec=4&dbcode=cjfq&dbname=CJFD9902&filename=JSJC199911003	计算机工程	1999	1999年11期
一个支持软件并行工程的过程模型	http://sso.cdclib.org/interlibSSO/goto/6/=06190596Z93/kns55/detail.aspx?QueryID=16&CurRec=5&dbcode=cjfq&dbname=CJFD9902&filename=JSJC199911004	计算机工程	1999	1999年11期
基于工作站的分布式系统中的负载分配和平衡策略	http://sso.cdclib.org/interlibSSO/goto/6/=06190596Z93/kns55/detail.aspx?QueryID=16&CurRec=6&dbcode=cjfq&dbname=CJFD9902&filename=JSJC199911005	计算机工程	1999	1999年11期
一种分布式专家系统设计	http://sso.cdclib.org/interlibSSO/goto/6/=06190596Z93/kns55/detail.aspx?QueryID=16&CurRec=7&dbcode=cjfq&dbname=CJFD9902&filename=JSJC199911006	计算机工程	1999	1999年11期
带噪语音处理系统的研究与设计	http://sso.cdclib.org/interlibSSO/goto/6/=06190596Z93/kns55/detail.aspx?QueryID=16&CurRec=8&dbcode=cjfq&dbname=CJFD9902&filename=JSJC199911007	计算机工程	1999	1999年11期
Internet上基于VEMMI的音乐在线系统	http://sso.cdclib.org/interlibSSO/goto/6/=06190596Z93/kns55/detail.aspx?QueryID=16&CurRec=9&dbcode=cjfq&dbname=CJFD9902&filename=JSJC199911008	计算机工程	1999	1999年11期
VoD系统的数据预取及缓冲区动态分配策略	http://sso.cdclib.org/interlibSSO/goto/6/=06190596Z93/kns55/detail.aspx?QueryID=16&CurRec=10&dbcode=cjfq&dbname=CJFD9902&filename=JSJC199911009	计算机工程	1999	1999年11期
一个机顶盒系统的设计与实现	http://sso.cdclib.org/interlibSSO/goto/6/=06190596Z93/kns55/detail.aspx?QueryID=16&CurRec=11&dbcode=cjfq&dbname=CJFD9902&filename=JSJC199911010	计算机工程	1999	1999年11期
电视节目自动编播系统的设计与实现	http://sso.cdclib.org/interlibSSO/goto/6/=06190596Z93/kns55/detail.aspx?QueryID=16&CurRec=12&dbcode=cjfq&dbname=CJFD9902&filename=JSJC199911011	计算机工程	1999	1999年11期
企业集成网络辅助设计工具的研究	http://sso.cdclib.org/interlibSSO/goto/6/=06190596Z93/kns55/detail.aspx?QueryID=16&CurRec=13&dbcode=cjfq&dbname=CJFD9902&filename=JSJC199911012	计算机工程	1999	1999年11期
使用简单缓冲管理和选择性丢弃增加ATM/B-ISDN的吞吐量的算法	http://sso.cdclib.org/interlibSSO/goto/6/=06190596Z93/kns55/detail.aspx?QueryID=16&CurRec=14&dbcode=cjfq&dbname=CJFD9902&filename=JSJC199911013	计算机工程	1999	1999年11期
关于ATM网络承载可变比特率MPEG视频流的研究	http://sso.cdclib.org/interlibSSO/goto/6/=06190596Z93/kns55/detail.aspx?QueryID=16&CurRec=15&dbcode=cjfq&dbname=CJFD9902&filename=JSJC199911014	计算机工程	1999	1999年11期
Internet记问的实时管理	http://sso.cdclib.org/interlibSSO/goto/6/=06190596Z93/kns55/detail.aspx?QueryID=16&CurRec=16&dbcode=cjfq&dbname=CJFD9902&filename=JSJC199911015	计算机工程	1999	1999年11期
基于TMN的PAS-WGTM移动本地网网管系统的设计与实现	http://sso.cdclib.org/interlibSSO/goto/6/=06190596Z93/kns55/detail.aspx?QueryID=16&CurRec=17&dbcode=cjfq&dbname=CJFD9902&filename=JSJC199911016	计算机工程	1999	1999年11期
基于C/S结构的无线寻呼基站监控系统的设计	http://sso.cdclib.org/interlibSSO/goto/6/=06190596Z93/kns55/detail.aspx?QueryID=16&CurRec=18&dbcode=cjfq&dbname=CJFD9902&filename=JSJC199911017	计算机工程	1999	1999年11期
进化计算在神经网络学习中的应用	http://sso.cdclib.org/interlibSSO/goto/6/=06190596Z93/kns55/detail.aspx?QueryID=16&CurRec=19&dbcode=cjfq&dbname=CJFD9902&filename=JSJC199911018	计算机工程	1999	1999年11期
Anytime算法及其应用	http://sso.cdclib.org/interlibSSO/goto/6/=06190596Z93/kns55/detail.aspx?QueryID=16&CurRec=20&dbcode=cjfq&dbname=CJFD9902&filename=JSJC199911019	计算机工程	1999	1999年11期
基于Internet/Intranet的知识管理研究及实现	http://sso.cdclib.org/interlibSSO/goto/6/=06190596Z93/kns55/detail.aspx?QueryID=16&CurRec=21&dbcode=cjfq&dbname=CJFD9902&filename=JSJC199911020	计算机工程	1999	1999年11期
多用户VRML技术在构造3D人-人交互界面中的应用	http://sso.cdclib.org/interlibSSO/goto/6/=06190596Z93/kns55/detail.aspx?QueryID=16&CurRec=22&dbcode=cjfq&dbname=CJFD9902&filename=JSJC199911021	计算机工程	1999	1999年11期
对体可视化Marching Cube算法的改进	http://sso.cdclib.org/interlibSSO/goto/6/=06190596Z93/kns55/detail.aspx?QueryID=16&CurRec=23&dbcode=cjfq&dbname=CJFD9902&filename=JSJC199911022	计算机工程	1999	1999年11期
UPNIS的空间查询─面向类对象的八叉树空间索引机制	http://sso.cdclib.org/interlibSSO/goto/6/=06190596Z93/kns55/detail.aspx?QueryID=16&CurRec=24&dbcode=cjfq&dbname=CJFD9902&filename=JSJC199911023	计算机工程	1999	1999年11期
Sybase客户机/服务器的面向对象开发	http://sso.cdclib.org/interlibSSO/goto/6/=06190596Z93/kns55/detail.aspx?QueryID=16&CurRec=25&dbcode=cjfq&dbname=CJFD9902&filename=JSJC199911024	计算机工程	1999	1999年11期
某型航空射击瞄准具检测数据库设计	http://sso.cdclib.org/interlibSSO/goto/6/=06190596Z93/kns55/detail.aspx?QueryID=16&CurRec=26&dbcode=cjfq&dbname=CJFD9902&filename=JSJC199911025	计算机工程	1999	1999年11期
VB与Oracle数据库接口的应用	http://sso.cdclib.org/interlibSSO/goto/6/=06190596Z93/kns55/detail.aspx?QueryID=16&CurRec=27&dbcode=cjfq&dbname=CJFD9902&filename=JSJC199911026	计算机工程	1999	1999年11期
Unix软件平台用于实时监控系统的研究	http://sso.cdclib.org/interlibSSO/goto/6/=06190596Z93/kns55/detail.aspx?QueryID=16&CurRec=28&dbcode=cjfq&dbname=CJFD9902&filename=JSJC199911027	计算机工程	1999	1999年11期
Java在Smart卡中的实现与应用	http://sso.cdclib.org/interlibSSO/goto/6/=06190596Z93/kns55/detail.aspx?QueryID=16&CurRec=29&dbcode=cjfq&dbname=CJFD9902&filename=JSJC199911028	计算机工程	1999	1999年11期
淮河水情预测及群库调度系统设计与实现	http://sso.cdclib.org/interlibSSO/goto/6/=06190596Z93/kns55/detail.aspx?QueryID=16&CurRec=30&dbcode=cjfq&dbname=CJFD9902&filename=JSJC199911029	计算机工程	1999	1999年11期
科技期刊上网中的计费机制	http://sso.cdclib.org/interlibSSO/goto/6/=06190596Z93/kns55/detail.aspx?QueryID=16&CurRec=31&dbcode=cjfq&dbname=CJFD9902&filename=JSJC199911030	计算机工程	1999	1999年11期
CIMS环境下管理信息系统的设计与实现	http://sso.cdclib.org/interlibSSO/goto/6/=06190596Z93/kns55/detail.aspx?QueryID=16&CurRec=32&dbcode=cjfq&dbname=CJFD9902&filename=JSJC199911031	计算机工程	1999	1999年11期
煤炭企业经营管理决策支持系统的设计与实现	http://sso.cdclib.org/interlibSSO/goto/6/=06190596Z93/kns55/detail.aspx?QueryID=16&CurRec=33&dbcode=cjfq&dbname=CJFD9902&filename=JSJC199911032	计算机工程	1999	1999年11期
面向开发的通用地理信息系统底层支撑的设计与实现	http://sso.cdclib.org/interlibSSO/goto/6/=06190596Z93/kns55/detail.aspx?QueryID=16&CurRec=34&dbcode=cjfq&dbname=CJFD9902&filename=JSJC199911033	计算机工程	1999	1999年11期
地理信息系统的研制开发	http://sso.cdclib.org/interlibSSO/goto/6/=06190596Z93/kns55/detail.aspx?QueryID=16&CurRec=35&dbcode=cjfq&dbname=CJFD9902&filename=JSJC199911034	计算机工程	1999	1999年11期
PLC在小型型钢半连轧自动控制系统中的应用	http://sso.cdclib.org/interlibSSO/goto/6/=06190596Z93/kns55/detail.aspx?QueryID=16&CurRec=36&dbcode=cjfq&dbname=CJFD9902&filename=JSJC199911035	计算机工程	1999	1999年11期
大数据块的存储与访问方案	http://sso.cdclib.org/interlibSSO/goto/6/=06190596Z93/kns55/detail.aspx?QueryID=16&CurRec=37&dbcode=cjfq&dbname=CJFD9902&filename=JSJC199911036	计算机工程	1999	1999年11期
构造Web数据库应用的一种新的方法	http://sso.cdclib.org/interlibSSO/goto/6/=06190596Z93/kns55/detail.aspx?QueryID=16&CurRec=38&dbcode=cjfq&dbname=CJFD9902&filename=JSJC199911037	计算机工程	1999	1999年11期
一种在Internet/Intranet上建造专家系统的实现方法	http://sso.cdclib.org/interlibSSO/goto/6/=06190596Z93/kns55/detail.aspx?QueryID=16&CurRec=39&dbcode=cjfq&dbname=CJFD9902&filename=JSJC199911038	计算机工程	1999	1999年11期
利用FrontPage 98和Powerbuilder 6.0开发Web数据库	http://sso.cdclib.org/interlibSSO/goto/6/=06190596Z93/kns55/detail.aspx?QueryID=16&CurRec=40&dbcode=cjfq&dbname=CJFD9902&filename=JSJC199911039	计算机工程	1999	1999年11期
Sybase数据库系统并发控制	http://sso.cdclib.org/interlibSSO/goto/6/=06190596Z93/kns55/detail.aspx?QueryID=16&CurRec=41&dbcode=cjfq&dbname=CJFD9902&filename=JSJC199911040	计算机工程	1999	1999年11期
基于WinSock的网络实时通信程序的设计	http://sso.cdclib.org/interlibSSO/goto/6/=06190596Z93/kns55/detail.aspx?QueryID=16&CurRec=42&dbcode=cjfq&dbname=CJFD9902&filename=JSJC199911041	计算机工程	1999	1999年11期
上海邮政网管系统技术分析	http://sso.cdclib.org/interlibSSO/goto/6/=06190596Z93/kns55/detail.aspx?QueryID=16&CurRec=43&dbcode=cjfq&dbname=CJFD9902&filename=JSJC199911042	计算机工程	1999	1999年11期
感应电动机动态变极调速单片机控制系统	http://sso.cdclib.org/interlibSSO/goto/6/=06190596Z93/kns55/detail.aspx?QueryID=16&CurRec=44&dbcode=cjfq&dbname=CJFD9902&filename=JSJC199911043	计算机工程	1999	1999年11期
图象理解的应用与发展	http://sso.cdclib.org/interlibSSO/goto/6/=06190596Z93/kns55/detail.aspx?QueryID=22&CurRec=1&dbcode=cjfq&dbname=CJFD9902&filename=JSJC199910000	计算机工程	1999	1999年10期
基于ADSL技术的ATM接入方式	http://sso.cdclib.org/interlibSSO/goto/6/=06190596Z93/kns55/detail.aspx?QueryID=22&CurRec=2&dbcode=cjfq&dbname=CJFD9902&filename=JSJC199910001	计算机工程	1999	1999年10期
面向对象数据库中的索引实现技术	http://sso.cdclib.org/interlibSSO/goto/6/=06190596Z93/kns55/detail.aspx?QueryID=22&CurRec=3&dbcode=cjfq&dbname=CJFD9902&filename=JSJC199910002	计算机工程	1999	1999年10期
图象档案管理系统的C2风格构架的研究	http://sso.cdclib.org/interlibSSO/goto/6/=06190596Z93/kns55/detail.aspx?QueryID=22&CurRec=4&dbcode=cjfq&dbname=CJFD9902&filename=JSJC199910003	计算机工程	1999	1999年10期
Java动态数据结构与软构件重用技术的实现	http://sso.cdclib.org/interlibSSO/goto/6/=06190596Z93/kns55/detail.aspx?QueryID=22&CurRec=5&dbcode=cjfq&dbname=CJFD9902&filename=JSJC199910004	计算机工程	1999	1999年10期
基于语义关系的多Agent多模态表示规划	http://sso.cdclib.org/interlibSSO/goto/6/=06190596Z93/kns55/detail.aspx?QueryID=22&CurRec=6&dbcode=cjfq&dbname=CJFD9902&filename=JSJC199910005	计算机工程	1999	1999年10期
一种成组传送消息策略	http://sso.cdclib.org/interlibSSO/goto/6/=06190596Z93/kns55/detail.aspx?QueryID=22&CurRec=7&dbcode=cjfq&dbname=CJFD9902&filename=JSJC199910006	计算机工程	1999	1999年10期
Oracle基于Client/Server的性能调整	http://sso.cdclib.org/interlibSSO/goto/6/=06190596Z93/kns55/detail.aspx?QueryID=22&CurRec=8&dbcode=cjfq&dbname=CJFD9902&filename=JSJC199910007	计算机工程	1999	1999年10期
面向CSCW的快速应用程序开发系统的设计	http://sso.cdclib.org/interlibSSO/goto/6/=06190596Z93/kns55/detail.aspx?QueryID=22&CurRec=9&dbcode=cjfq&dbname=CJFD9902&filename=JSJC199910008	计算机工程	1999	1999年10期
离线手写汉字识别的并行实现	http://sso.cdclib.org/interlibSSO/goto/6/=06190596Z93/kns55/detail.aspx?QueryID=22&CurRec=10&dbcode=cjfq&dbname=CJFD9902&filename=JSJC199910009	计算机工程	1999	1999年10期
CORBA Tunnel:一种支持CORBA与Web互操作的优化技术	http://sso.cdclib.org/interlibSSO/goto/6/=06190596Z93/kns55/detail.aspx?QueryID=22&CurRec=11&dbcode=cjfq&dbname=CJFD9902&filename=JSJC199910010	计算机工程	1999	1999年10期
分布式虚拟环境的几何数据管理	http://sso.cdclib.org/interlibSSO/goto/6/=06190596Z93/kns55/detail.aspx?QueryID=22&CurRec=12&dbcode=cjfq&dbname=CJFD9902&filename=JSJC199910011	计算机工程	1999	1999年10期
面向对象的信息安全引擎工具包	http://sso.cdclib.org/interlibSSO/goto/6/=06190596Z93/kns55/detail.aspx?QueryID=22&CurRec=13&dbcode=cjfq&dbname=CJFD9902&filename=JSJC199910012	计算机工程	1999	1999年10期
专业过滤器防攻击策略研究及实现	http://sso.cdclib.org/interlibSSO/goto/6/=06190596Z93/kns55/detail.aspx?QueryID=22&CurRec=14&dbcode=cjfq&dbname=CJFD9902&filename=JSJC199910013	计算机工程	1999	1999年10期
用虚拟专用网(VPN)来重建Extranet的安全体系结构	http://sso.cdclib.org/interlibSSO/goto/6/=06190596Z93/kns55/detail.aspx?QueryID=22&CurRec=15&dbcode=cjfq&dbname=CJFD9902&filename=JSJC199910014	计算机工程	1999	1999年10期
电子邮件的安全措施与实现	http://sso.cdclib.org/interlibSSO/goto/6/=06190596Z93/kns55/detail.aspx?QueryID=22&CurRec=16&dbcode=cjfq&dbname=CJFD9902&filename=JSJC199910015	计算机工程	1999	1999年10期
基于Internet的支付系统	http://sso.cdclib.org/interlibSSO/goto/6/=06190596Z93/kns55/detail.aspx?QueryID=22&CurRec=17&dbcode=cjfq&dbname=CJFD9902&filename=JSJC199910016	计算机工程	1999	1999年10期
AS/400系统的审计日志技术实现及应用	http://sso.cdclib.org/interlibSSO/goto/6/=06190596Z93/kns55/detail.aspx?QueryID=22&CurRec=18&dbcode=cjfq&dbname=CJFD9902&filename=JSJC199910017	计算机工程	1999	1999年10期
模糊规则自动获取及其性能的分析	http://sso.cdclib.org/interlibSSO/goto/6/=06190596Z93/kns55/detail.aspx?QueryID=22&CurRec=19&dbcode=cjfq&dbname=CJFD9902&filename=JSJC199910018	计算机工程	1999	1999年10期
一个基于IC卡数据采集技术的区域巡逻监察系统	http://sso.cdclib.org/interlibSSO/goto/6/=06190596Z93/kns55/detail.aspx?QueryID=22&CurRec=20&dbcode=cjfq&dbname=CJFD9902&filename=JSJC199910019	计算机工程	1999	1999年10期
同时故障模拟方法改进策略	http://sso.cdclib.org/interlibSSO/goto/6/=06190596Z93/kns55/detail.aspx?QueryID=22&CurRec=21&dbcode=cjfq&dbname=CJFD9902&filename=JSJC199910020	计算机工程	1999	1999年10期
Meta Search系统中的数据缓冲机制	http://sso.cdclib.org/interlibSSO/goto/6/=06190596Z93/kns55/detail.aspx?QueryID=22&CurRec=22&dbcode=cjfq&dbname=CJFD9902&filename=JSJC199910021	计算机工程	1999	1999年10期
Jasmine多媒体信息的Web发布	http://sso.cdclib.org/interlibSSO/goto/6/=06190596Z93/kns55/detail.aspx?QueryID=22&CurRec=23&dbcode=cjfq&dbname=CJFD9902&filename=JSJC199910022	计算机工程	1999	1999年10期
虚拟专用网的体系结构及实现	http://sso.cdclib.org/interlibSSO/goto/6/=06190596Z93/kns55/detail.aspx?QueryID=22&CurRec=24&dbcode=cjfq&dbname=CJFD9902&filename=JSJC199910023	计算机工程	1999	1999年10期
开放式电信网管系统的研究	http://sso.cdclib.org/interlibSSO/goto/6/=06190596Z93/kns55/detail.aspx?QueryID=22&CurRec=25&dbcode=cjfq&dbname=CJFD9902&filename=JSJC199910024	计算机工程	1999	1999年10期
基于CORBA标准的STEP数据库的实现研究	http://sso.cdclib.org/interlibSSO/goto/6/=06190596Z93/kns55/detail.aspx?QueryID=22&CurRec=26&dbcode=cjfq&dbname=CJFD9902&filename=JSJC199910025	计算机工程	1999	1999年10期
基于ODBC的Visual C++5.0MFC数据库应用程序设计	http://sso.cdclib.org/interlibSSO/goto/6/=06190596Z93/kns55/detail.aspx?QueryID=22&CurRec=27&dbcode=cjfq&dbname=CJFD9902&filename=JSJC199910026	计算机工程	1999	1999年10期
使用DAO访问Access数据表的Binary字段	http://sso.cdclib.org/interlibSSO/goto/6/=06190596Z93/kns55/detail.aspx?QueryID=22&CurRec=28&dbcode=cjfq&dbname=CJFD9902&filename=JSJC199910027	计算机工程	1999	1999年10期
用途广泛的多协议语音编译码器	http://sso.cdclib.org/interlibSSO/goto/6/=06190596Z93/kns55/detail.aspx?QueryID=22&CurRec=29&dbcode=cjfq&dbname=CJFD9902&filename=JSJC199910028	计算机工程	1999	1999年10期
一种适于多媒体信息传输的局域网协议	http://sso.cdclib.org/interlibSSO/goto/6/=06190596Z93/kns55/detail.aspx?QueryID=22&CurRec=30&dbcode=cjfq&dbname=CJFD9902&filename=JSJC199910029	计算机工程	1999	1999年10期
用Director开发交互式多媒体教学软件	http://sso.cdclib.org/interlibSSO/goto/6/=06190596Z93/kns55/detail.aspx?QueryID=22&CurRec=31&dbcode=cjfq&dbname=CJFD9902&filename=JSJC199910030	计算机工程	1999	1999年10期
计算机辅助色彩协调设计系统	http://sso.cdclib.org/interlibSSO/goto/6/=06190596Z93/kns55/detail.aspx?QueryID=22&CurRec=32&dbcode=cjfq&dbname=CJFD9902&filename=JSJC199910031	计算机工程	1999	1999年10期
第二代小波在医学图象无损压缩中的应用	http://sso.cdclib.org/interlibSSO/goto/6/=06190596Z93/kns55/detail.aspx?QueryID=22&CurRec=33&dbcode=cjfq&dbname=CJFD9902&filename=JSJC199910032	计算机工程	1999	1999年10期
线框图形的计算机双色立体显示技术	http://sso.cdclib.org/interlibSSO/goto/6/=06190596Z93/kns55/detail.aspx?QueryID=22&CurRec=34&dbcode=cjfq&dbname=CJFD9902&filename=JSJC199910033	计算机工程	1999	1999年10期
基于构件的框架开发方法及其特定域应用	http://sso.cdclib.org/interlibSSO/goto/6/=06190596Z93/kns55/detail.aspx?QueryID=22&CurRec=35&dbcode=cjfq&dbname=CJFD9902&filename=JSJC199910034	计算机工程	1999	1999年10期
一个实时数据库管理系统的C++实现	http://sso.cdclib.org/interlibSSO/goto/6/=06190596Z93/kns55/detail.aspx?QueryID=22&CurRec=36&dbcode=cjfq&dbname=CJFD9902&filename=JSJC199910035	计算机工程	1999	1999年10期
通用数据库操作模块的设计与实现	http://sso.cdclib.org/interlibSSO/goto/6/=06190596Z93/kns55/detail.aspx?QueryID=22&CurRec=37&dbcode=cjfq&dbname=CJFD9902&filename=JSJC199910036	计算机工程	1999	1999年10期
中文文字ASCⅡ码识别与应用系统开发	http://sso.cdclib.org/interlibSSO/goto/6/=06190596Z93/kns55/detail.aspx?QueryID=22&CurRec=38&dbcode=cjfq&dbname=CJFD9902&filename=JSJC199910037	计算机工程	1999	1999年10期
候机楼综合信息引导系统的设计和实现	http://sso.cdclib.org/interlibSSO/goto/6/=06190596Z93/kns55/detail.aspx?QueryID=22&CurRec=39&dbcode=cjfq&dbname=CJFD9902&filename=JSJC199910038	计算机工程	1999	1999年10期
开放计算机网络的管理	http://sso.cdclib.org/interlibSSO/goto/6/=06190596Z93/kns55/detail.aspx?QueryID=22&CurRec=40&dbcode=cjfq&dbname=CJFD9902&filename=JSJC199910039	计算机工程	1999	1999年10期
开发Delphi在WindosS95与NT下的串行通信构件	http://sso.cdclib.org/interlibSSO/goto/6/=06190596Z93/kns55/detail.aspx?QueryID=22&CurRec=41&dbcode=cjfq&dbname=CJFD9902&filename=JSJC199910040	计算机工程	1999	1999年10期
电力行业管理信息系统开发研究	http://sso.cdclib.org/interlibSSO/goto/6/=06190596Z93/kns55/detail.aspx?QueryID=22&CurRec=42&dbcode=cjfq&dbname=CJFD9902&filename=JSJC199910041	计算机工程	1999	1999年10期
计算机体系结构的新发展:通用重构计算技术	http://sso.cdclib.org/interlibSSO/goto/6/=06190596Z93/kns55/detail.aspx?QueryID=28&CurRec=1&dbcode=cjfq&dbname=CJFD9902&filename=JSJC199909000	计算机工程	1999	1999年09期
计算机反病毒技术的发展与趋势	http://sso.cdclib.org/interlibSSO/goto/6/=06190596Z93/kns55/detail.aspx?QueryID=28&CurRec=2&dbcode=cjfq&dbname=CJFD9902&filename=JSJC199909001	计算机工程	1999	1999年09期
更实际的异构并行计算模型	http://sso.cdclib.org/interlibSSO/goto/6/=06190596Z93/kns55/detail.aspx?QueryID=28&CurRec=3&dbcode=cjfq&dbname=CJFD9902&filename=JSJC199909002	计算机工程	1999	1999年09期
存储器域网络应用前景十分宽广	http://sso.cdclib.org/interlibSSO/goto/6/=06190596Z93/kns55/detail.aspx?QueryID=28&CurRec=4&dbcode=cjfq&dbname=CJFD9902&filename=JSJC199909003	计算机工程	1999	1999年09期
WBTool:一个基于多层Client/Server结构的白板工具	http://sso.cdclib.org/interlibSSO/goto/6/=06190596Z93/kns55/detail.aspx?QueryID=28&CurRec=5&dbcode=cjfq&dbname=CJFD9902&filename=JSJC199909004	计算机工程	1999	1999年09期
分布式综合仿真平台设计	http://sso.cdclib.org/interlibSSO/goto/6/=06190596Z93/kns55/detail.aspx?QueryID=28&CurRec=6&dbcode=cjfq&dbname=CJFD9902&filename=JSJC199909005	计算机工程	1999	1999年09期
基于自治对象的分布系统研究及实现	http://sso.cdclib.org/interlibSSO/goto/6/=06190596Z93/kns55/detail.aspx?QueryID=28&CurRec=7&dbcode=cjfq&dbname=CJFD9902&filename=JSJC199909006	计算机工程	1999	1999年09期
基于域的分布式系统管理体系结构模型	http://sso.cdclib.org/interlibSSO/goto/6/=06190596Z93/kns55/detail.aspx?QueryID=28&CurRec=8&dbcode=cjfq&dbname=CJFD9902&filename=JSJC199909007	计算机工程	1999	1999年09期
用Windows Sockets实现全分布式系统的方法	http://sso.cdclib.org/interlibSSO/goto/6/=06190596Z93/kns55/detail.aspx?QueryID=28&CurRec=9&dbcode=cjfq&dbname=CJFD9902&filename=JSJC199909008	计算机工程	1999	1999年09期
基于MultiAgent和CSCW的多媒体教学模型	http://sso.cdclib.org/interlibSSO/goto/6/=06190596Z93/kns55/detail.aspx?QueryID=28&CurRec=10&dbcode=cjfq&dbname=CJFD9902&filename=JSJC199909009	计算机工程	1999	1999年09期
基于Web的网络管理技术研究和设计	http://sso.cdclib.org/interlibSSO/goto/6/=06190596Z93/kns55/detail.aspx?QueryID=28&CurRec=11&dbcode=cjfq&dbname=CJFD9902&filename=JSJC199909010	计算机工程	1999	1999年09期
实现分布式网络管理的一种方式	http://sso.cdclib.org/interlibSSO/goto/6/=06190596Z93/kns55/detail.aspx?QueryID=28&CurRec=12&dbcode=cjfq&dbname=CJFD9902&filename=JSJC199909011	计算机工程	1999	1999年09期
Sun公司开始改变使用软件的商务运作模式	http://sso.cdclib.org/interlibSSO/goto/6/=06190596Z93/kns55/detail.aspx?QueryID=28&CurRec=13&dbcode=cjfq&dbname=CJFD9902&filename=JSJC199909012	计算机工程	1999	1999年09期
Windows NT下广域网卡驱动程序的开发	http://sso.cdclib.org/interlibSSO/goto/6/=06190596Z93/kns55/detail.aspx?QueryID=28&CurRec=14&dbcode=cjfq&dbname=CJFD9902&filename=JSJC199909013	计算机工程	1999	1999年09期
一种基于主动网络技术的电信网络管理模型	http://sso.cdclib.org/interlibSSO/goto/6/=06190596Z93/kns55/detail.aspx?QueryID=28&CurRec=15&dbcode=cjfq&dbname=CJFD9902&filename=JSJC199909014	计算机工程	1999	1999年09期
退化字符图象的骨架法形态分析识别方法	http://sso.cdclib.org/interlibSSO/goto/6/=06190596Z93/kns55/detail.aspx?QueryID=28&CurRec=16&dbcode=cjfq&dbname=CJFD9902&filename=JSJC199909015	计算机工程	1999	1999年09期
一种实用的汉语基音提取方法	http://sso.cdclib.org/interlibSSO/goto/6/=06190596Z93/kns55/detail.aspx?QueryID=28&CurRec=17&dbcode=cjfq&dbname=CJFD9902&filename=JSJC199909016	计算机工程	1999	1999年09期
二维mesh上的自适应容错路由算法	http://sso.cdclib.org/interlibSSO/goto/6/=06190596Z93/kns55/detail.aspx?QueryID=28&CurRec=18&dbcode=cjfq&dbname=CJFD9902&filename=JSJC199909017	计算机工程	1999	1999年09期
基于FPGA的遗传算法的实现	http://sso.cdclib.org/interlibSSO/goto/6/=06190596Z93/kns55/detail.aspx?QueryID=28&CurRec=19&dbcode=cjfq&dbname=CJFD9902&filename=JSJC199909018	计算机工程	1999	1999年09期
Internet中WWW多层次缓冲模型的设计	http://sso.cdclib.org/interlibSSO/goto/6/=06190596Z93/kns55/detail.aspx?QueryID=28&CurRec=20&dbcode=cjfq&dbname=CJFD9902&filename=JSJC199909019	计算机工程	1999	1999年09期
用ASP实现网络与数据库的接口	http://sso.cdclib.org/interlibSSO/goto/6/=06190596Z93/kns55/detail.aspx?QueryID=28&CurRec=21&dbcode=cjfq&dbname=CJFD9902&filename=JSJC199909020	计算机工程	1999	1999年09期
Web服务器访问日志的保存方法及其实现	http://sso.cdclib.org/interlibSSO/goto/6/=06190596Z93/kns55/detail.aspx?QueryID=28&CurRec=22&dbcode=cjfq&dbname=CJFD9902&filename=JSJC199909021	计算机工程	1999	1999年09期
基于WWW的自动答疑系统	http://sso.cdclib.org/interlibSSO/goto/6/=06190596Z93/kns55/detail.aspx?QueryID=28&CurRec=23&dbcode=cjfq&dbname=CJFD9902&filename=JSJC199909022	计算机工程	1999	1999年09期
建立网上学校模型的若干教育和技术问题	http://sso.cdclib.org/interlibSSO/goto/6/=06190596Z93/kns55/detail.aspx?QueryID=28&CurRec=24&dbcode=cjfq&dbname=CJFD9902&filename=JSJC199909023	计算机工程	1999	1999年09期
网上教学中有关数学表达式输入问题解决途径的探讨	http://sso.cdclib.org/interlibSSO/goto/6/=06190596Z93/kns55/detail.aspx?QueryID=28&CurRec=25&dbcode=cjfq&dbname=CJFD9902&filename=JSJC199909024	计算机工程	1999	1999年09期
基于特征点的特定人脸三维网格的生成	http://sso.cdclib.org/interlibSSO/goto/6/=06190596Z93/kns55/detail.aspx?QueryID=28&CurRec=26&dbcode=cjfq&dbname=CJFD9902&filename=JSJC199909025	计算机工程	1999	1999年09期
并行光线跟踪中的数据划分策略	http://sso.cdclib.org/interlibSSO/goto/6/=06190596Z93/kns55/detail.aspx?QueryID=28&CurRec=27&dbcode=cjfq&dbname=CJFD9902&filename=JSJC199909026	计算机工程	1999	1999年09期
基于直线边缘识别的图象区域定位算法	http://sso.cdclib.org/interlibSSO/goto/6/=06190596Z93/kns55/detail.aspx?QueryID=28&CurRec=28&dbcode=cjfq&dbname=CJFD9902&filename=JSJC199909027	计算机工程	1999	1999年09期
计算机系统入侵检测模型与方法	http://sso.cdclib.org/interlibSSO/goto/6/=06190596Z93/kns55/detail.aspx?QueryID=28&CurRec=29&dbcode=cjfq&dbname=CJFD9902&filename=JSJC199909028	计算机工程	1999	1999年09期
防火墙逆向代理的设计与实现	http://sso.cdclib.org/interlibSSO/goto/6/=06190596Z93/kns55/detail.aspx?QueryID=28&CurRec=30&dbcode=cjfq&dbname=CJFD9902&filename=JSJC199909029	计算机工程	1999	1999年09期
基于Agent的多域网络安全模型	http://sso.cdclib.org/interlibSSO/goto/6/=06190596Z93/kns55/detail.aspx?QueryID=28&CurRec=31&dbcode=cjfq&dbname=CJFD9902&filename=JSJC199909030	计算机工程	1999	1999年09期
村庄布局优化DSS与GIS的系统集成	http://sso.cdclib.org/interlibSSO/goto/6/=06190596Z93/kns55/detail.aspx?QueryID=28&CurRec=32&dbcode=cjfq&dbname=CJFD9902&filename=JSJC199909031	计算机工程	1999	1999年09期
活用高级语言进行串行通信	http://sso.cdclib.org/interlibSSO/goto/6/=06190596Z93/kns55/detail.aspx?QueryID=28&CurRec=33&dbcode=cjfq&dbname=CJFD9902&filename=JSJC199909032	计算机工程	1999	1999年09期
Novell Netware和WindowsNT互连技术	http://sso.cdclib.org/interlibSSO/goto/6/=06190596Z93/kns55/detail.aspx?QueryID=28&CurRec=34&dbcode=cjfq&dbname=CJFD9902&filename=JSJC199909033	计算机工程	1999	1999年09期
远程网络考试系统及其安全性	http://sso.cdclib.org/interlibSSO/goto/6/=06190596Z93/kns55/detail.aspx?QueryID=28&CurRec=35&dbcode=cjfq&dbname=CJFD9902&filename=JSJC199909034	计算机工程	1999	1999年09期
多媒体开发软件及其使用要点	http://sso.cdclib.org/interlibSSO/goto/6/=06190596Z93/kns55/detail.aspx?QueryID=28&CurRec=36&dbcode=cjfq&dbname=CJFD9902&filename=JSJC199909035	计算机工程	1999	1999年09期
算法执行过程的可视化在CAI中的应用	http://sso.cdclib.org/interlibSSO/goto/6/=06190596Z93/kns55/detail.aspx?QueryID=28&CurRec=37&dbcode=cjfq&dbname=CJFD9902&filename=JSJC199909036	计算机工程	1999	1999年09期
使用协议分析预警、排除Novell网络故障	http://sso.cdclib.org/interlibSSO/goto/6/=06190596Z93/kns55/detail.aspx?QueryID=28&CurRec=38&dbcode=cjfq&dbname=CJFD9902&filename=JSJC199909037	计算机工程	1999	1999年09期
MQTS中工作流的设计和实现	http://sso.cdclib.org/interlibSSO/goto/6/=06190596Z93/kns55/detail.aspx?QueryID=28&CurRec=39&dbcode=cjfq&dbname=CJFD9902&filename=JSJC199909038	计算机工程	1999	1999年09期
实用型企业电子商务系统I-Solution的设计和实现	http://sso.cdclib.org/interlibSSO/goto/6/=06190596Z93/kns55/detail.aspx?QueryID=28&CurRec=40&dbcode=cjfq&dbname=CJFD9902&filename=JSJC199909039	计算机工程	1999	1999年09期
大中型工业企业DCS和MIS集成的实现与应用	http://sso.cdclib.org/interlibSSO/goto/6/=06190596Z93/kns55/detail.aspx?QueryID=28&CurRec=41&dbcode=cjfq&dbname=CJFD9902&filename=JSJC199909040	计算机工程	1999	1999年09期
集散式热处理控制软件设计	http://sso.cdclib.org/interlibSSO/goto/6/=06190596Z93/kns55/detail.aspx?QueryID=28&CurRec=42&dbcode=cjfq&dbname=CJFD9902&filename=JSJC199909041	计算机工程	1999	1999年09期
基于局域网络应用Java语言实现远程智能终端的控制	http://sso.cdclib.org/interlibSSO/goto/6/=06190596Z93/kns55/detail.aspx?QueryID=28&CurRec=43&dbcode=cjfq&dbname=CJFD9902&filename=JSJC199909042	计算机工程	1999	1999年09期
基于C/S模式的远程虚拟仪器测控系统及其实现	http://sso.cdclib.org/interlibSSO/goto/6/=06190596Z93/kns55/detail.aspx?QueryID=28&CurRec=44&dbcode=cjfq&dbname=CJFD9902&filename=JSJC199909043	计算机工程	1999	1999年09期
用C++Builder4.0结合OpenGL开发三维图形	http://sso.cdclib.org/interlibSSO/goto/6/=06190596Z93/kns55/detail.aspx?QueryID=28&CurRec=45&dbcode=cjfq&dbname=CJFD9902&filename=JSJC199909044	计算机工程	1999	1999年09期
从IRAM计算机结构看计算机体系结构发展的新特点	http://sso.cdclib.org/interlibSSO/goto/6/=06190596Z93/kns55/detail.aspx?QueryID=34&CurRec=1&dbcode=cjfq&dbname=CJFD9902&filename=JSJC199908000	计算机工程	1999	1999年08期
新电子神话─Jini技术	http://sso.cdclib.org/interlibSSO/goto/6/=06190596Z93/kns55/detail.aspx?QueryID=34&CurRec=2&dbcode=cjfq&dbname=CJFD9902&filename=JSJC199908001	计算机工程	1999	1999年08期
RSVP在实时应用中的适用性	http://sso.cdclib.org/interlibSSO/goto/6/=06190596Z93/kns55/detail.aspx?QueryID=34&CurRec=3&dbcode=cjfq&dbname=CJFD9902&filename=JSJC199908002	计算机工程	1999	1999年08期
基于SunNet Manager的多域网络监视系统	http://sso.cdclib.org/interlibSSO/goto/6/=06190596Z93/kns55/detail.aspx?QueryID=34&CurRec=4&dbcode=cjfq&dbname=CJFD9902&filename=JSJC199908003	计算机工程	1999	1999年08期
一个实用的多点通信部件的设计与实现	http://sso.cdclib.org/interlibSSO/goto/6/=06190596Z93/kns55/detail.aspx?QueryID=34&CurRec=5&dbcode=cjfq&dbname=CJFD9902&filename=JSJC199908004	计算机工程	1999	1999年08期
基于Web的网络管理中的授权模型	http://sso.cdclib.org/interlibSSO/goto/6/=06190596Z93/kns55/detail.aspx?QueryID=34&CurRec=6&dbcode=cjfq&dbname=CJFD9902&filename=JSJC199908005	计算机工程	1999	1999年08期
广域网阻塞的解决方案及实例分析设计	http://sso.cdclib.org/interlibSSO/goto/6/=06190596Z93/kns55/detail.aspx?QueryID=34&CurRec=7&dbcode=cjfq&dbname=CJFD9902&filename=JSJC199908006	计算机工程	1999	1999年08期
IPSOFACTO快速ATM信元传输上的IP交换	http://sso.cdclib.org/interlibSSO/goto/6/=06190596Z93/kns55/detail.aspx?QueryID=34&CurRec=8&dbcode=cjfq&dbname=CJFD9902&filename=JSJC199908007	计算机工程	1999	1999年08期
TCP/IP网络通信中TCP段大小的优化设计	http://sso.cdclib.org/interlibSSO/goto/6/=06190596Z93/kns55/detail.aspx?QueryID=34&CurRec=9&dbcode=cjfq&dbname=CJFD9902&filename=JSJC199908008	计算机工程	1999	1999年08期
肺癌早期诊断系统中形态学识别的研究与实现	http://sso.cdclib.org/interlibSSO/goto/6/=06190596Z93/kns55/detail.aspx?QueryID=34&CurRec=10&dbcode=cjfq&dbname=CJFD9902&filename=JSJC199908009	计算机工程	1999	1999年08期
基于进化规划求解Steiner Tree问题	http://sso.cdclib.org/interlibSSO/goto/6/=06190596Z93/kns55/detail.aspx?QueryID=34&CurRec=11&dbcode=cjfq&dbname=CJFD9902&filename=JSJC199908010	计算机工程	1999	1999年08期
手写速记符的识别与特征匹配研究	http://sso.cdclib.org/interlibSSO/goto/6/=06190596Z93/kns55/detail.aspx?QueryID=34&CurRec=12&dbcode=cjfq&dbname=CJFD9902&filename=JSJC199908011	计算机工程	1999	1999年08期
Software Agent间的知识级通信	http://sso.cdclib.org/interlibSSO/goto/6/=06190596Z93/kns55/detail.aspx?QueryID=34&CurRec=13&dbcode=cjfq&dbname=CJFD9902&filename=JSJC199908012	计算机工程	1999	1999年08期
一种新的距离分类方法及其应用	http://sso.cdclib.org/interlibSSO/goto/6/=06190596Z93/kns55/detail.aspx?QueryID=34&CurRec=14&dbcode=cjfq&dbname=CJFD9902&filename=JSJC199908013	计算机工程	1999	1999年08期
混杂工业过程CIMS信息模型的设计与实现	http://sso.cdclib.org/interlibSSO/goto/6/=06190596Z93/kns55/detail.aspx?QueryID=34&CurRec=15&dbcode=cjfq&dbname=CJFD9902&filename=JSJC199908014	计算机工程	1999	1999年08期
一种基于PKI的电子邮件系统安全方案的设计与实现	http://sso.cdclib.org/interlibSSO/goto/6/=06190596Z93/kns55/detail.aspx?QueryID=34&CurRec=16&dbcode=cjfq&dbname=CJFD9902&filename=JSJC199908015	计算机工程	1999	1999年08期
认证协议中抵御重播的措施	http://sso.cdclib.org/interlibSSO/goto/6/=06190596Z93/kns55/detail.aspx?QueryID=34&CurRec=17&dbcode=cjfq&dbname=CJFD9902&filename=JSJC199908016	计算机工程	1999	1999年08期
基于角色的访问控制模型分析	http://sso.cdclib.org/interlibSSO/goto/6/=06190596Z93/kns55/detail.aspx?QueryID=34&CurRec=18&dbcode=cjfq&dbname=CJFD9902&filename=JSJC199908017	计算机工程	1999	1999年08期
系统安全检测的研究及应用	http://sso.cdclib.org/interlibSSO/goto/6/=06190596Z93/kns55/detail.aspx?QueryID=34&CurRec=19&dbcode=cjfq&dbname=CJFD9902&filename=JSJC199908018	计算机工程	1999	1999年08期
带身份认证和加密的Internet防火墙系统	http://sso.cdclib.org/interlibSSO/goto/6/=06190596Z93/kns55/detail.aspx?QueryID=34&CurRec=20&dbcode=cjfq&dbname=CJFD9902&filename=JSJC199908019	计算机工程	1999	1999年08期
基于Mapinfo的分布式图形数据处理	http://sso.cdclib.org/interlibSSO/goto/6/=06190596Z93/kns55/detail.aspx?QueryID=34&CurRec=21&dbcode=cjfq&dbname=CJFD9902&filename=JSJC199908020	计算机工程	1999	1999年08期
图搜索中A*算法的SQL解法	http://sso.cdclib.org/interlibSSO/goto/6/=06190596Z93/kns55/detail.aspx?QueryID=34&CurRec=22&dbcode=cjfq&dbname=CJFD9902&filename=JSJC199908021	计算机工程	1999	1999年08期
基于软件总线的小卫星系统软件可重用结构设计	http://sso.cdclib.org/interlibSSO/goto/6/=06190596Z93/kns55/detail.aspx?QueryID=34&CurRec=23&dbcode=cjfq&dbname=CJFD9902&filename=JSJC199908022	计算机工程	1999	1999年08期
数据采掘支持的新型DSS系统在Intranet上的扩展	http://sso.cdclib.org/interlibSSO/goto/6/=06190596Z93/kns55/detail.aspx?QueryID=34&CurRec=24&dbcode=cjfq&dbname=CJFD9902&filename=JSJC199908023	计算机工程	1999	1999年08期
双机容错系统FTDC的设计与实现	http://sso.cdclib.org/interlibSSO/goto/6/=06190596Z93/kns55/detail.aspx?QueryID=34&CurRec=25&dbcode=cjfq&dbname=CJFD9902&filename=JSJC199908024	计算机工程	1999	1999年08期
一种复杂网长度的快速测量法	http://sso.cdclib.org/interlibSSO/goto/6/=06190596Z93/kns55/detail.aspx?QueryID=34&CurRec=26&dbcode=cjfq&dbname=CJFD9902&filename=JSJC199908025	计算机工程	1999	1999年08期
一种基于知识的图象信息表示与检索系统	http://sso.cdclib.org/interlibSSO/goto/6/=06190596Z93/kns55/detail.aspx?QueryID=34&CurRec=27&dbcode=cjfq&dbname=CJFD9902&filename=JSJC199908026	计算机工程	1999	1999年08期
利用ARC/INFO制作彩色晕渲图	http://sso.cdclib.org/interlibSSO/goto/6/=06190596Z93/kns55/detail.aspx?QueryID=34&CurRec=28&dbcode=cjfq&dbname=CJFD9902&filename=JSJC199908027	计算机工程	1999	1999年08期
基于事件驱动的多媒体同步与链接机制	http://sso.cdclib.org/interlibSSO/goto/6/=06190596Z93/kns55/detail.aspx?QueryID=34&CurRec=29&dbcode=cjfq&dbname=CJFD9902&filename=JSJC199908028	计算机工程	1999	1999年08期
Windows环境下的实时视频捕获技术	http://sso.cdclib.org/interlibSSO/goto/6/=06190596Z93/kns55/detail.aspx?QueryID=34&CurRec=30&dbcode=cjfq&dbname=CJFD9902&filename=JSJC199908029	计算机工程	1999	1999年08期
一个新型组播会话目录服务体系	http://sso.cdclib.org/interlibSSO/goto/6/=06190596Z93/kns55/detail.aspx?QueryID=34&CurRec=31&dbcode=cjfq&dbname=CJFD9902&filename=JSJC199908030	计算机工程	1999	1999年08期
音频信息检索	http://sso.cdclib.org/interlibSSO/goto/6/=06190596Z93/kns55/detail.aspx?QueryID=34&CurRec=32&dbcode=cjfq&dbname=CJFD9902&filename=JSJC199908031	计算机工程	1999	1999年08期
基于颜色的图象检索技术	http://sso.cdclib.org/interlibSSO/goto/6/=06190596Z93/kns55/detail.aspx?QueryID=34&CurRec=33&dbcode=cjfq&dbname=CJFD9902&filename=JSJC199908032	计算机工程	1999	1999年08期
面向对象的程序设计模拟细胞有丝分裂	http://sso.cdclib.org/interlibSSO/goto/6/=06190596Z93/kns55/detail.aspx?QueryID=34&CurRec=34&dbcode=cjfq&dbname=CJFD9902&filename=JSJC199908033	计算机工程	1999	1999年08期
MIS系统分析对象识别方法	http://sso.cdclib.org/interlibSSO/goto/6/=06190596Z93/kns55/detail.aspx?QueryID=34&CurRec=35&dbcode=cjfq&dbname=CJFD9902&filename=JSJC199908034	计算机工程	1999	1999年08期
音乐喷泉系统的可视化设计及实时仿真	http://sso.cdclib.org/interlibSSO/goto/6/=06190596Z93/kns55/detail.aspx?QueryID=34&CurRec=36&dbcode=cjfq&dbname=CJFD9902&filename=JSJC199908035	计算机工程	1999	1999年08期
华东电力系统数据通信增值网的设计	http://sso.cdclib.org/interlibSSO/goto/6/=06190596Z93/kns55/detail.aspx?QueryID=34&CurRec=37&dbcode=cjfq&dbname=CJFD9902&filename=JSJC199908036	计算机工程	1999	1999年08期
航空票务信息系统的设计与实现	http://sso.cdclib.org/interlibSSO/goto/6/=06190596Z93/kns55/detail.aspx?QueryID=34&CurRec=38&dbcode=cjfq&dbname=CJFD9902&filename=JSJC199908037	计算机工程	1999	1999年08期
动态监控的一种实现方法	http://sso.cdclib.org/interlibSSO/goto/6/=06190596Z93/kns55/detail.aspx?QueryID=34&CurRec=39&dbcode=cjfq&dbname=CJFD9902&filename=JSJC199908038	计算机工程	1999	1999年08期
HFC网络计费管理的分析与研究	http://sso.cdclib.org/interlibSSO/goto/6/=06190596Z93/kns55/detail.aspx?QueryID=34&CurRec=40&dbcode=cjfq&dbname=CJFD9902&filename=JSJC199908039	计算机工程	1999	1999年08期
异构数据库间的数据集成	http://sso.cdclib.org/interlibSSO/goto/6/=06190596Z93/kns55/detail.aspx?QueryID=34&CurRec=41&dbcode=cjfq&dbname=CJFD9902&filename=JSJC199908040	计算机工程	1999	1999年08期
Unix和Windows NT之间实现远程过程调用	http://sso.cdclib.org/interlibSSO/goto/6/=06190596Z93/kns55/detail.aspx?QueryID=34&CurRec=42&dbcode=cjfq&dbname=CJFD9902&filename=JSJC199908041	计算机工程	1999	1999年08期
银川海关办公自动化网络系统	http://sso.cdclib.org/interlibSSO/goto/6/=06190596Z93/kns55/detail.aspx?QueryID=34&CurRec=43&dbcode=cjfq&dbname=CJFD9902&filename=JSJC199908042	计算机工程	1999	1999年08期
对中国计算机事业发展的若干思考	http://sso.cdclib.org/interlibSSO/goto/6/=06190596Z93/kns55/detail.aspx?QueryID=40&CurRec=1&dbcode=cjfq&dbname=CJFD9902&filename=JSJC199907000	计算机工程	1999	1999年07期
虚拟现实在CAD/CAM中的应用	http://sso.cdclib.org/interlibSSO/goto/6/=06190596Z93/kns55/detail.aspx?QueryID=40&CurRec=2&dbcode=cjfq&dbname=CJFD9902&filename=JSJC199907001	计算机工程	1999	1999年07期
AS/400的2000年问题的探讨	http://sso.cdclib.org/interlibSSO/goto/6/=06190596Z93/kns55/detail.aspx?QueryID=40&CurRec=3&dbcode=cjfq&dbname=CJFD9902&filename=JSJC199907002	计算机工程	1999	1999年07期
因特网电子支付工具及其支付系统的商业设计问题	http://sso.cdclib.org/interlibSSO/goto/6/=06190596Z93/kns55/detail.aspx?QueryID=40&CurRec=4&dbcode=cjfq&dbname=CJFD9902&filename=JSJC199907003	计算机工程	1999	1999年07期
一种基于Internet技术的网上银行系统	http://sso.cdclib.org/interlibSSO/goto/6/=06190596Z93/kns55/detail.aspx?QueryID=40&CurRec=5&dbcode=cjfq&dbname=CJFD9902&filename=JSJC199907004	计算机工程	1999	1999年07期
银行验印系统开发	http://sso.cdclib.org/interlibSSO/goto/6/=06190596Z93/kns55/detail.aspx?QueryID=40&CurRec=6&dbcode=cjfq&dbname=CJFD9902&filename=JSJC199907005	计算机工程	1999	1999年07期
长城加油卡网络管理系统架构的设计与实现	http://sso.cdclib.org/interlibSSO/goto/6/=06190596Z93/kns55/detail.aspx?QueryID=40&CurRec=7&dbcode=cjfq&dbname=CJFD9902&filename=JSJC199907006	计算机工程	1999	1999年07期
Jasmine在网上商场中的应用	http://sso.cdclib.org/interlibSSO/goto/6/=06190596Z93/kns55/detail.aspx?QueryID=40&CurRec=8&dbcode=cjfq&dbname=CJFD9902&filename=JSJC199907007	计算机工程	1999	1999年07期
问题分析的结构化建模方法及其无冲突验证	http://sso.cdclib.org/interlibSSO/goto/6/=06190596Z93/kns55/detail.aspx?QueryID=40&CurRec=9&dbcode=cjfq&dbname=CJFD9902&filename=JSJC199907008	计算机工程	1999	1999年07期
界面类对象测试建模技术研究	http://sso.cdclib.org/interlibSSO/goto/6/=06190596Z93/kns55/detail.aspx?QueryID=40&CurRec=10&dbcode=cjfq&dbname=CJFD9902&filename=JSJC199907009	计算机工程	1999	1999年07期
COM/DCOM技术及其在Delphi中的实现	http://sso.cdclib.org/interlibSSO/goto/6/=06190596Z93/kns55/detail.aspx?QueryID=40&CurRec=11&dbcode=cjfq&dbname=CJFD9902&filename=JSJC199907010	计算机工程	1999	1999年07期
企业级Javabeans的建立	http://sso.cdclib.org/interlibSSO/goto/6/=06190596Z93/kns55/detail.aspx?QueryID=40&CurRec=12&dbcode=cjfq&dbname=CJFD9902&filename=JSJC199907011	计算机工程	1999	1999年07期
软件构件化研究及其在MIS开发中的应用	http://sso.cdclib.org/interlibSSO/goto/6/=06190596Z93/kns55/detail.aspx?QueryID=40&CurRec=13&dbcode=cjfq&dbname=CJFD9902&filename=JSJC199907012	计算机工程	1999	1999年07期
应用SIP进行多媒体会议初始化	http://sso.cdclib.org/interlibSSO/goto/6/=06190596Z93/kns55/detail.aspx?QueryID=40&CurRec=14&dbcode=cjfq&dbname=CJFD9902&filename=JSJC199907013	计算机工程	1999	1999年07期
基于ActiveX部件的Web计算	http://sso.cdclib.org/interlibSSO/goto/6/=06190596Z93/kns55/detail.aspx?QueryID=40&CurRec=15&dbcode=cjfq&dbname=CJFD9902&filename=JSJC199907014	计算机工程	1999	1999年07期
集成CORBA/JAVA的WWW分布式应用开发技术	http://sso.cdclib.org/interlibSSO/goto/6/=06190596Z93/kns55/detail.aspx?QueryID=40&CurRec=16&dbcode=cjfq&dbname=CJFD9902&filename=JSJC199907015	计算机工程	1999	1999年07期
Internet上的英文搜索引擎	http://sso.cdclib.org/interlibSSO/goto/6/=06190596Z93/kns55/detail.aspx?QueryID=40&CurRec=17&dbcode=cjfq&dbname=CJFD9902&filename=JSJC199907016	计算机工程	1999	1999年07期
利用JDBC实现基于Internet的网上答疑系统	http://sso.cdclib.org/interlibSSO/goto/6/=06190596Z93/kns55/detail.aspx?QueryID=40&CurRec=18&dbcode=cjfq&dbname=CJFD9902&filename=JSJC199907017	计算机工程	1999	1999年07期
基于Intranet的综合信息服务系统	http://sso.cdclib.org/interlibSSO/goto/6/=06190596Z93/kns55/detail.aspx?QueryID=40&CurRec=19&dbcode=cjfq&dbname=CJFD9902&filename=JSJC199907018	计算机工程	1999	1999年07期
ATM交换和IP路由的集成	http://sso.cdclib.org/interlibSSO/goto/6/=06190596Z93/kns55/detail.aspx?QueryID=40&CurRec=20&dbcode=cjfq&dbname=CJFD9902&filename=JSJC199907019	计算机工程	1999	1999年07期
高级综合中寄存器合并问题的研究	http://sso.cdclib.org/interlibSSO/goto/6/=06190596Z93/kns55/detail.aspx?QueryID=40&CurRec=21&dbcode=cjfq&dbname=CJFD9902&filename=JSJC199907020	计算机工程	1999	1999年07期
虚拟实景空间系统HVS的研究与实现	http://sso.cdclib.org/interlibSSO/goto/6/=06190596Z93/kns55/detail.aspx?QueryID=40&CurRec=22&dbcode=cjfq&dbname=CJFD9902&filename=JSJC199907021	计算机工程	1999	1999年07期
基于CORBA的产品数据管理系统集成技术的研究	http://sso.cdclib.org/interlibSSO/goto/6/=06190596Z93/kns55/detail.aspx?QueryID=40&CurRec=23&dbcode=cjfq&dbname=CJFD9902&filename=JSJC199907022	计算机工程	1999	1999年07期
基于二维模型的瞄准点跟踪定位	http://sso.cdclib.org/interlibSSO/goto/6/=06190596Z93/kns55/detail.aspx?QueryID=40&CurRec=24&dbcode=cjfq&dbname=CJFD9902&filename=JSJC199907023	计算机工程	1999	1999年07期
Windows NT环境下远程诊断系统的实现	http://sso.cdclib.org/interlibSSO/goto/6/=06190596Z93/kns55/detail.aspx?QueryID=40&CurRec=25&dbcode=cjfq&dbname=CJFD9902&filename=JSJC199907024	计算机工程	1999	1999年07期
城市轨道交通监视系统研究	http://sso.cdclib.org/interlibSSO/goto/6/=06190596Z93/kns55/detail.aspx?QueryID=40&CurRec=26&dbcode=cjfq&dbname=CJFD9902&filename=JSJC199907025	计算机工程	1999	1999年07期
上海地铁ATM网中基于AAL2规程的话音中继打包密度	http://sso.cdclib.org/interlibSSO/goto/6/=06190596Z93/kns55/detail.aspx?QueryID=40&CurRec=27&dbcode=cjfq&dbname=CJFD9902&filename=JSJC199907026	计算机工程	1999	1999年07期
立体定向质子放射治疗计划系统	http://sso.cdclib.org/interlibSSO/goto/6/=06190596Z93/kns55/detail.aspx?QueryID=40&CurRec=28&dbcode=cjfq&dbname=CJFD9902&filename=JSJC199907027	计算机工程	1999	1999年07期
无纸无盘片化的INTS考核系统	http://sso.cdclib.org/interlibSSO/goto/6/=06190596Z93/kns55/detail.aspx?QueryID=40&CurRec=29&dbcode=cjfq&dbname=CJFD9902&filename=JSJC199907028	计算机工程	1999	1999年07期
基于VB和DLL的硬件端口控制方法	http://sso.cdclib.org/interlibSSO/goto/6/=06190596Z93/kns55/detail.aspx?QueryID=40&CurRec=30&dbcode=cjfq&dbname=CJFD9902&filename=JSJC199907029	计算机工程	1999	1999年07期
AutoCAD R14 ActiveX自动化程序的编程技术	http://sso.cdclib.org/interlibSSO/goto/6/=06190596Z93/kns55/detail.aspx?QueryID=40&CurRec=31&dbcode=cjfq&dbname=CJFD9902&filename=JSJC199907030	计算机工程	1999	1999年07期
医院物资管理系统应用软件程序设计	http://sso.cdclib.org/interlibSSO/goto/6/=06190596Z93/kns55/detail.aspx?QueryID=40&CurRec=32&dbcode=cjfq&dbname=CJFD9902&filename=JSJC199907031	计算机工程	1999	1999年07期
桌面会议系统控制与管理主动模型的研究与实现	http://sso.cdclib.org/interlibSSO/goto/6/=06190596Z93/kns55/detail.aspx?QueryID=40&CurRec=33&dbcode=cjfq&dbname=CJFD9902&filename=JSJC199907032	计算机工程	1999	1999年07期
视频与音频实时多点传输的研究与实现	http://sso.cdclib.org/interlibSSO/goto/6/=06190596Z93/kns55/detail.aspx?QueryID=40&CurRec=34&dbcode=cjfq&dbname=CJFD9902&filename=JSJC199907033	计算机工程	1999	1999年07期
Windows95环境下数据采集与实时控制的实现	http://sso.cdclib.org/interlibSSO/goto/6/=06190596Z93/kns55/detail.aspx?QueryID=40&CurRec=35&dbcode=cjfq&dbname=CJFD9902&filename=JSJC199907034	计算机工程	1999	1999年07期
基于Visual FoxPro多用户下维护界面的设计及若干技术问题	http://sso.cdclib.org/interlibSSO/goto/6/=06190596Z93/kns55/detail.aspx?QueryID=40&CurRec=36&dbcode=cjfq&dbname=CJFD9902&filename=JSJC199907035	计算机工程	1999	1999年07期
关于建立WWW电子地图库的探讨	http://sso.cdclib.org/interlibSSO/goto/6/=06190596Z93/kns55/detail.aspx?QueryID=40&CurRec=37&dbcode=cjfq&dbname=CJFD9902&filename=JSJC199907036	计算机工程	1999	1999年07期
Visual Basic MSComm控件下的微机串行通信	http://sso.cdclib.org/interlibSSO/goto/6/=06190596Z93/kns55/detail.aspx?QueryID=40&CurRec=38&dbcode=cjfq&dbname=CJFD9902&filename=JSJC199907037	计算机工程	1999	1999年07期
TS—232串行通信的实践探讨	http://sso.cdclib.org/interlibSSO/goto/6/=06190596Z93/kns55/detail.aspx?QueryID=40&CurRec=39&dbcode=cjfq&dbname=CJFD9902&filename=JSJC199907038	计算机工程	1999	1999年07期
基于Browser/Server体系结构的XFMIS设计与实现	http://sso.cdclib.org/interlibSSO/goto/6/=06190596Z93/kns55/detail.aspx?QueryID=40&CurRec=40&dbcode=cjfq&dbname=CJFD9902&filename=JSJC199907039	计算机工程	1999	1999年07期
工程扫描图象的骨架提取和识别技术综述	http://sso.cdclib.org/interlibSSO/goto/6/=06190596Z93/kns55/detail.aspx?QueryID=46&CurRec=1&dbcode=cjfq&dbname=CJFD9902&filename=JSJC199906000	计算机工程	1999	1999年06期
开发中文搜索引擎汉语处理的关键技术	http://sso.cdclib.org/interlibSSO/goto/6/=06190596Z93/kns55/detail.aspx?QueryID=46&CurRec=2&dbcode=cjfq&dbname=CJFD9902&filename=JSJC199906001	计算机工程	1999	1999年06期
可预测扩展并行性能的并行程序设计模型	http://sso.cdclib.org/interlibSSO/goto/6/=06190596Z93/kns55/detail.aspx?QueryID=46&CurRec=3&dbcode=cjfq&dbname=CJFD9902&filename=JSJC199906002	计算机工程	1999	1999年06期
移动代理系统的类装载器的设计与实现	http://sso.cdclib.org/interlibSSO/goto/6/=06190596Z93/kns55/detail.aspx?QueryID=46&CurRec=4&dbcode=cjfq&dbname=CJFD9902&filename=JSJC199906003	计算机工程	1999	1999年06期
网络并行计算在图象处理中的应用	http://sso.cdclib.org/interlibSSO/goto/6/=06190596Z93/kns55/detail.aspx?QueryID=46&CurRec=5&dbcode=cjfq&dbname=CJFD9902&filename=JSJC199906004	计算机工程	1999	1999年06期
基于DCOM的分布式应用建构	http://sso.cdclib.org/interlibSSO/goto/6/=06190596Z93/kns55/detail.aspx?QueryID=46&CurRec=6&dbcode=cjfq&dbname=CJFD9902&filename=JSJC199906005	计算机工程	1999	1999年06期
逻辑神经网络汉字识别部件的硬件设计	http://sso.cdclib.org/interlibSSO/goto/6/=06190596Z93/kns55/detail.aspx?QueryID=46&CurRec=7&dbcode=cjfq&dbname=CJFD9902&filename=JSJC199906006	计算机工程	1999	1999年06期
一种桥梁目标识别方法的研究	http://sso.cdclib.org/interlibSSO/goto/6/=06190596Z93/kns55/detail.aspx?QueryID=46&CurRec=8&dbcode=cjfq&dbname=CJFD9902&filename=JSJC199906007	计算机工程	1999	1999年06期
一个多媒体专家系统的实现	http://sso.cdclib.org/interlibSSO/goto/6/=06190596Z93/kns55/detail.aspx?QueryID=46&CurRec=9&dbcode=cjfq&dbname=CJFD9902&filename=JSJC199906008	计算机工程	1999	1999年06期
自适应模糊控制器在液压电梯中的应用	http://sso.cdclib.org/interlibSSO/goto/6/=06190596Z93/kns55/detail.aspx?QueryID=46&CurRec=10&dbcode=cjfq&dbname=CJFD9902&filename=JSJC199906009	计算机工程	1999	1999年06期
基于信息流模型的光驱电路板故障诊断	http://sso.cdclib.org/interlibSSO/goto/6/=06190596Z93/kns55/detail.aspx?QueryID=46&CurRec=11&dbcode=cjfq&dbname=CJFD9902&filename=JSJC199906010	计算机工程	1999	1999年06期
CSOSA-WWW上Video　on　Demand体系结构	http://sso.cdclib.org/interlibSSO/goto/6/=06190596Z93/kns55/detail.aspx?QueryID=46&CurRec=12&dbcode=cjfq&dbname=CJFD9902&filename=JSJC199906011	计算机工程	1999	1999年06期
获取视频特征的一种方法	http://sso.cdclib.org/interlibSSO/goto/6/=06190596Z93/kns55/detail.aspx?QueryID=46&CurRec=13&dbcode=cjfq&dbname=CJFD9902&filename=JSJC199906012	计算机工程	1999	1999年06期
基于HyTime的超媒体文档系统研究	http://sso.cdclib.org/interlibSSO/goto/6/=06190596Z93/kns55/detail.aspx?QueryID=46&CurRec=14&dbcode=cjfq&dbname=CJFD9902&filename=JSJC199906013	计算机工程	1999	1999年06期
一个以太网多媒体电视会议系统的实现	http://sso.cdclib.org/interlibSSO/goto/6/=06190596Z93/kns55/detail.aspx?QueryID=46&CurRec=15&dbcode=cjfq&dbname=CJFD9902&filename=JSJC199906014	计算机工程	1999	1999年06期
多媒体系统中的媒体时态关系表示	http://sso.cdclib.org/interlibSSO/goto/6/=06190596Z93/kns55/detail.aspx?QueryID=46&CurRec=16&dbcode=cjfq&dbname=CJFD9902&filename=JSJC199906015	计算机工程	1999	1999年06期
HTML面向对象模型定义与实现	http://sso.cdclib.org/interlibSSO/goto/6/=06190596Z93/kns55/detail.aspx?QueryID=46&CurRec=17&dbcode=cjfq&dbname=CJFD9902&filename=JSJC199906016	计算机工程	1999	1999年06期
Sun发布全面2000年产品顺应性保证	http://sso.cdclib.org/interlibSSO/goto/6/=06190596Z93/kns55/detail.aspx?QueryID=46&CurRec=18&dbcode=cjfq&dbname=CJFD9902&filename=JSJC199906017	计算机工程	1999	1999年06期
上海市防汛信息系统集成与开发	http://sso.cdclib.org/interlibSSO/goto/6/=06190596Z93/kns55/detail.aspx?QueryID=46&CurRec=19&dbcode=cjfq&dbname=CJFD9902&filename=JSJC199906018	计算机工程	1999	1999年06期
计算机城市灾害预测系统	http://sso.cdclib.org/interlibSSO/goto/6/=06190596Z93/kns55/detail.aspx?QueryID=46&CurRec=20&dbcode=cjfq&dbname=CJFD9902&filename=JSJC199906019	计算机工程	1999	1999年06期
一种电力通信无人监控系统	http://sso.cdclib.org/interlibSSO/goto/6/=06190596Z93/kns55/detail.aspx?QueryID=46&CurRec=21&dbcode=cjfq&dbname=CJFD9902&filename=JSJC199906020	计算机工程	1999	1999年06期
用图象处理实现模/数转换的新方法	http://sso.cdclib.org/interlibSSO/goto/6/=06190596Z93/kns55/detail.aspx?QueryID=46&CurRec=22&dbcode=cjfq&dbname=CJFD9902&filename=JSJC199906021	计算机工程	1999	1999年06期
对象数据库Jasmine在服装文化数据库中的应用	http://sso.cdclib.org/interlibSSO/goto/6/=06190596Z93/kns55/detail.aspx?QueryID=46&CurRec=23&dbcode=cjfq&dbname=CJFD9902&filename=JSJC199906022	计算机工程	1999	1999年06期
一种电力线集中抄表系统	http://sso.cdclib.org/interlibSSO/goto/6/=06190596Z93/kns55/detail.aspx?QueryID=46&CurRec=24&dbcode=cjfq&dbname=CJFD9902&filename=JSJC199906023	计算机工程	1999	1999年06期
SUNOS下基于RPC的电力调度数据网的双机实现方案	http://sso.cdclib.org/interlibSSO/goto/6/=06190596Z93/kns55/detail.aspx?QueryID=46&CurRec=25&dbcode=cjfq&dbname=CJFD9902&filename=JSJC199906024	计算机工程	1999	1999年06期
知识库在帐务处理中的应用	http://sso.cdclib.org/interlibSSO/goto/6/=06190596Z93/kns55/detail.aspx?QueryID=46&CurRec=26&dbcode=cjfq&dbname=CJFD9902&filename=JSJC199906025	计算机工程	1999	1999年06期
基于WWW的音频信息系统	http://sso.cdclib.org/interlibSSO/goto/6/=06190596Z93/kns55/detail.aspx?QueryID=46&CurRec=27&dbcode=cjfq&dbname=CJFD9902&filename=JSJC199906026	计算机工程	1999	1999年06期
组合查询模块的设计与实现	http://sso.cdclib.org/interlibSSO/goto/6/=06190596Z93/kns55/detail.aspx?QueryID=46&CurRec=28&dbcode=cjfq&dbname=CJFD9902&filename=JSJC199906027	计算机工程	1999	1999年06期
在VB中访问、修改SQL　Server数据库	http://sso.cdclib.org/interlibSSO/goto/6/=06190596Z93/kns55/detail.aspx?QueryID=46&CurRec=29&dbcode=cjfq&dbname=CJFD9902&filename=JSJC199906028	计算机工程	1999	1999年06期
电力系统图档设计与查询系统	http://sso.cdclib.org/interlibSSO/goto/6/=06190596Z93/kns55/detail.aspx?QueryID=46&CurRec=30&dbcode=cjfq&dbname=CJFD9902&filename=JSJC199906029	计算机工程	1999	1999年06期
分布式仓库监控系统通信接口设计与实现	http://sso.cdclib.org/interlibSSO/goto/6/=06190596Z93/kns55/detail.aspx?QueryID=46&CurRec=31&dbcode=cjfq&dbname=CJFD9902&filename=JSJC199906030	计算机工程	1999	1999年06期
基于Web的远程考试系统设计与实现	http://sso.cdclib.org/interlibSSO/goto/6/=06190596Z93/kns55/detail.aspx?QueryID=46&CurRec=32&dbcode=cjfq&dbname=CJFD9902&filename=JSJC199906031	计算机工程	1999	1999年06期
软件的模块化及在工程中的应用研究	http://sso.cdclib.org/interlibSSO/goto/6/=06190596Z93/kns55/detail.aspx?QueryID=46&CurRec=33&dbcode=cjfq&dbname=CJFD9902&filename=JSJC199906032	计算机工程	1999	1999年06期
数据转移在PowerBuilder中的应用	http://sso.cdclib.org/interlibSSO/goto/6/=06190596Z93/kns55/detail.aspx?QueryID=46&CurRec=34&dbcode=cjfq&dbname=CJFD9902&filename=JSJC199906033	计算机工程	1999	1999年06期
物价预测系统中的数据管理模型	http://sso.cdclib.org/interlibSSO/goto/6/=06190596Z93/kns55/detail.aspx?QueryID=46&CurRec=35&dbcode=cjfq&dbname=CJFD9902&filename=JSJC199906034	计算机工程	1999	1999年06期
供电局生产管理系统	http://sso.cdclib.org/interlibSSO/goto/6/=06190596Z93/kns55/detail.aspx?QueryID=46&CurRec=36&dbcode=cjfq&dbname=CJFD9902&filename=JSJC199906035	计算机工程	1999	1999年06期
中国服装文化多媒体数据库及应用系统简介	http://sso.cdclib.org/interlibSSO/goto/6/=06190596Z93/kns55/detail.aspx?QueryID=46&CurRec=37&dbcode=cjfq&dbname=CJFD9902&filename=JSJC199906036	计算机工程	1999	1999年06期
住宅小区智能控制与管理系统	http://sso.cdclib.org/interlibSSO/goto/6/=06190596Z93/kns55/detail.aspx?QueryID=46&CurRec=38&dbcode=cjfq&dbname=CJFD9902&filename=JSJC199906037	计算机工程	1999	1999年06期
“家庭中医保健博士”光盘	http://sso.cdclib.org/interlibSSO/goto/6/=06190596Z93/kns55/detail.aspx?QueryID=46&CurRec=39&dbcode=cjfq&dbname=CJFD9902&filename=JSJC199906038	计算机工程	1999	1999年06期
国内远程医疗的现状及展望	http://sso.cdclib.org/interlibSSO/goto/6/=06190596Z93/kns55/detail.aspx?QueryID=52&CurRec=1&dbcode=cjfq&dbname=CJFD9902&filename=JSJC199905000	计算机工程	1999	1999年05期
基于部件设计的可靠性研究	http://sso.cdclib.org/interlibSSO/goto/6/=06190596Z93/kns55/detail.aspx?QueryID=52&CurRec=2&dbcode=cjfq&dbname=CJFD9902&filename=JSJC199905001	计算机工程	1999	1999年05期
多代理系统构架的研究	http://sso.cdclib.org/interlibSSO/goto/6/=06190596Z93/kns55/detail.aspx?QueryID=52&CurRec=3&dbcode=cjfq&dbname=CJFD9902&filename=JSJC199905002	计算机工程	1999	1999年05期
可视化的Mole	http://sso.cdclib.org/interlibSSO/goto/6/=06190596Z93/kns55/detail.aspx?QueryID=52&CurRec=4&dbcode=cjfq&dbname=CJFD9902&filename=JSJC199905003	计算机工程	1999	1999年05期
构件的动态提取、创建和表现	http://sso.cdclib.org/interlibSSO/goto/6/=06190596Z93/kns55/detail.aspx?QueryID=52&CurRec=5&dbcode=cjfq&dbname=CJFD9902&filename=JSJC199905004	计算机工程	1999	1999年05期
CSCW系统中共享应用问题剖析	http://sso.cdclib.org/interlibSSO/goto/6/=06190596Z93/kns55/detail.aspx?QueryID=52&CurRec=6&dbcode=cjfq&dbname=CJFD9902&filename=JSJC199905005	计算机工程	1999	1999年05期
基于超文本的软件原型开发	http://sso.cdclib.org/interlibSSO/goto/6/=06190596Z93/kns55/detail.aspx?QueryID=52&CurRec=7&dbcode=cjfq&dbname=CJFD9902&filename=JSJC199905006	计算机工程	1999	1999年05期
对象关系数据的数据建模能力及Oracle8的对象关系特性研究	http://sso.cdclib.org/interlibSSO/goto/6/=06190596Z93/kns55/detail.aspx?QueryID=52&CurRec=8&dbcode=cjfq&dbname=CJFD9902&filename=JSJC199905007	计算机工程	1999	1999年05期
利用IIS发布动态信息的一种方法	http://sso.cdclib.org/interlibSSO/goto/6/=06190596Z93/kns55/detail.aspx?QueryID=52&CurRec=9&dbcode=cjfq&dbname=CJFD9902&filename=JSJC199905008	计算机工程	1999	1999年05期
特定领域建模的研究和实践	http://sso.cdclib.org/interlibSSO/goto/6/=06190596Z93/kns55/detail.aspx?QueryID=52&CurRec=10&dbcode=cjfq&dbname=CJFD9902&filename=JSJC199905009	计算机工程	1999	1999年05期
与Sybase SQL Server交互的客户应用程序设计方法	http://sso.cdclib.org/interlibSSO/goto/6/=06190596Z93/kns55/detail.aspx?QueryID=52&CurRec=11&dbcode=cjfq&dbname=CJFD9902&filename=JSJC199905010	计算机工程	1999	1999年05期
以面向对象与工作流技术相结合实现企业MIS系统	http://sso.cdclib.org/interlibSSO/goto/6/=06190596Z93/kns55/detail.aspx?QueryID=52&CurRec=12&dbcode=cjfq&dbname=CJFD9902&filename=JSJC199905011	计算机工程	1999	1999年05期
一种基于InTouch、Visual C++和Matlab的控制软件实现	http://sso.cdclib.org/interlibSSO/goto/6/=06190596Z93/kns55/detail.aspx?QueryID=52&CurRec=13&dbcode=cjfq&dbname=CJFD9902&filename=JSJC199905012	计算机工程	1999	1999年05期
非对称数据广播系统的研究与应用	http://sso.cdclib.org/interlibSSO/goto/6/=06190596Z93/kns55/detail.aspx?QueryID=52&CurRec=14&dbcode=cjfq&dbname=CJFD9902&filename=JSJC199905013	计算机工程	1999	1999年05期
ATM中SAAL有保障信令的设计	http://sso.cdclib.org/interlibSSO/goto/6/=06190596Z93/kns55/detail.aspx?QueryID=52&CurRec=15&dbcode=cjfq&dbname=CJFD9902&filename=JSJC199905014	计算机工程	1999	1999年05期
ATM的LAN仿真技术	http://sso.cdclib.org/interlibSSO/goto/6/=06190596Z93/kns55/detail.aspx?QueryID=52&CurRec=16&dbcode=cjfq&dbname=CJFD9902&filename=JSJC199905015	计算机工程	1999	1999年05期
数字交叉连接设备的网络管理系统	http://sso.cdclib.org/interlibSSO/goto/6/=06190596Z93/kns55/detail.aspx?QueryID=52&CurRec=17&dbcode=cjfq&dbname=CJFD9902&filename=JSJC199905016	计算机工程	1999	1999年05期
以太网的分布式优先级实现方式	http://sso.cdclib.org/interlibSSO/goto/6/=06190596Z93/kns55/detail.aspx?QueryID=52&CurRec=18&dbcode=cjfq&dbname=CJFD9902&filename=JSJC199905017	计算机工程	1999	1999年05期
高速计算机开发系统断点板的研制	http://sso.cdclib.org/interlibSSO/goto/6/=06190596Z93/kns55/detail.aspx?QueryID=52&CurRec=19&dbcode=cjfq&dbname=CJFD9902&filename=JSJC199905018	计算机工程	1999	1999年05期
组织智能及其实现	http://sso.cdclib.org/interlibSSO/goto/6/=06190596Z93/kns55/detail.aspx?QueryID=52&CurRec=20&dbcode=cjfq&dbname=CJFD9902&filename=JSJC199905019	计算机工程	1999	1999年05期
阵列机控制器的设计与实现	http://sso.cdclib.org/interlibSSO/goto/6/=06190596Z93/kns55/detail.aspx?QueryID=52&CurRec=21&dbcode=cjfq&dbname=CJFD9902&filename=JSJC199905020	计算机工程	1999	1999年05期
CMOS数字摄象IC及其在视频图象采集中的应用	http://sso.cdclib.org/interlibSSO/goto/6/=06190596Z93/kns55/detail.aspx?QueryID=52&CurRec=22&dbcode=cjfq&dbname=CJFD9902&filename=JSJC199905021	计算机工程	1999	1999年05期
城市轨道交通系统中的广播系统研究	http://sso.cdclib.org/interlibSSO/goto/6/=06190596Z93/kns55/detail.aspx?QueryID=52&CurRec=23&dbcode=cjfq&dbname=CJFD9902&filename=JSJC199905022	计算机工程	1999	1999年05期
用Visual Foxpro实现多媒体GIS的方法与实践	http://sso.cdclib.org/interlibSSO/goto/6/=06190596Z93/kns55/detail.aspx?QueryID=52&CurRec=24&dbcode=cjfq&dbname=CJFD9902&filename=JSJC199905023	计算机工程	1999	1999年05期
一种新颖的菜单设计技术	http://sso.cdclib.org/interlibSSO/goto/6/=06190596Z93/kns55/detail.aspx?QueryID=52&CurRec=25&dbcode=cjfq&dbname=CJFD9902&filename=JSJC199905024	计算机工程	1999	1999年05期
基于Web的机器人遥操作的研究与实现	http://sso.cdclib.org/interlibSSO/goto/6/=06190596Z93/kns55/detail.aspx?QueryID=52&CurRec=26&dbcode=cjfq&dbname=CJFD9902&filename=JSJC199905025	计算机工程	1999	1999年05期
基于Intranet的图书馆Web检索系统的开发	http://sso.cdclib.org/interlibSSO/goto/6/=06190596Z93/kns55/detail.aspx?QueryID=52&CurRec=27&dbcode=cjfq&dbname=CJFD9902&filename=JSJC199905026	计算机工程	1999	1999年05期
一种基于构件的DBMS体系结构模型及其实现技术	http://sso.cdclib.org/interlibSSO/goto/6/=06190596Z93/kns55/detail.aspx?QueryID=52&CurRec=28&dbcode=cjfq&dbname=CJFD9902&filename=JSJC199905027	计算机工程	1999	1999年05期
基于80C196的HSI替代串行口数据采集与处理系统	http://sso.cdclib.org/interlibSSO/goto/6/=06190596Z93/kns55/detail.aspx?QueryID=52&CurRec=29&dbcode=cjfq&dbname=CJFD9902&filename=JSJC199905028	计算机工程	1999	1999年05期
DAO中同步复制的应用及其数据冲突的检测与消除	http://sso.cdclib.org/interlibSSO/goto/6/=06190596Z93/kns55/detail.aspx?QueryID=52&CurRec=30&dbcode=cjfq&dbname=CJFD9902&filename=JSJC199905029	计算机工程	1999	1999年05期
水泥企业控制和管理系统的网络化设计	http://sso.cdclib.org/interlibSSO/goto/6/=06190596Z93/kns55/detail.aspx?QueryID=52&CurRec=31&dbcode=cjfq&dbname=CJFD9902&filename=JSJC199905030	计算机工程	1999	1999年05期
新一代高速网络访问技术──xDSL	http://sso.cdclib.org/interlibSSO/goto/6/=06190596Z93/kns55/detail.aspx?QueryID=58&CurRec=1&dbcode=cjfq&dbname=CJFD9902&filename=JSJC199904000	计算机工程	1999	1999年04期
未来宽带IP骨干网方案评述	http://sso.cdclib.org/interlibSSO/goto/6/=06190596Z93/kns55/detail.aspx?QueryID=58&CurRec=2&dbcode=cjfq&dbname=CJFD9902&filename=JSJC199904001	计算机工程	1999	1999年04期
Java　AWT的结构概览与实现	http://sso.cdclib.org/interlibSSO/goto/6/=06190596Z93/kns55/detail.aspx?QueryID=58&CurRec=3&dbcode=cjfq&dbname=CJFD9902&filename=JSJC199904002	计算机工程	1999	1999年04期
虚拟潜望镜视景系统的研制	http://sso.cdclib.org/interlibSSO/goto/6/=06190596Z93/kns55/detail.aspx?QueryID=58&CurRec=4&dbcode=cjfq&dbname=CJFD9902&filename=JSJC199904003	计算机工程	1999	1999年04期
汉语语音识别实用系统研究	http://sso.cdclib.org/interlibSSO/goto/6/=06190596Z93/kns55/detail.aspx?QueryID=58&CurRec=5&dbcode=cjfq&dbname=CJFD9902&filename=JSJC199904004	计算机工程	1999	1999年04期
一种手写体相似汉字获取方法	http://sso.cdclib.org/interlibSSO/goto/6/=06190596Z93/kns55/detail.aspx?QueryID=58&CurRec=6&dbcode=cjfq&dbname=CJFD9902&filename=JSJC199904005	计算机工程	1999	1999年04期
CT流程预编译器的设计	http://sso.cdclib.org/interlibSSO/goto/6/=06190596Z93/kns55/detail.aspx?QueryID=58&CurRec=7&dbcode=cjfq&dbname=CJFD9902&filename=JSJC199904006	计算机工程	1999	1999年04期
多媒体电视会议的组网及其Web模型	http://sso.cdclib.org/interlibSSO/goto/6/=06190596Z93/kns55/detail.aspx?QueryID=58&CurRec=8&dbcode=cjfq&dbname=CJFD9902&filename=JSJC199904007	计算机工程	1999	1999年04期
Palm计算平台	http://sso.cdclib.org/interlibSSO/goto/6/=06190596Z93/kns55/detail.aspx?QueryID=58&CurRec=9&dbcode=cjfq&dbname=CJFD9902&filename=JSJC199904008	计算机工程	1999	1999年04期
电脑电话集成系统设计中的多路控制技术	http://sso.cdclib.org/interlibSSO/goto/6/=06190596Z93/kns55/detail.aspx?QueryID=58&CurRec=10&dbcode=cjfq&dbname=CJFD9902&filename=JSJC199904009	计算机工程	1999	1999年04期
可视电话复用协议H.223软件设计及其实现	http://sso.cdclib.org/interlibSSO/goto/6/=06190596Z93/kns55/detail.aspx?QueryID=58&CurRec=11&dbcode=cjfq&dbname=CJFD9902&filename=JSJC199904010	计算机工程	1999	1999年04期
基于Java语言的多媒体制作	http://sso.cdclib.org/interlibSSO/goto/6/=06190596Z93/kns55/detail.aspx?QueryID=58&CurRec=12&dbcode=cjfq&dbname=CJFD9902&filename=JSJC199904011	计算机工程	1999	1999年04期
企业网络视频点播系统设计研究	http://sso.cdclib.org/interlibSSO/goto/6/=06190596Z93/kns55/detail.aspx?QueryID=58&CurRec=13&dbcode=cjfq&dbname=CJFD9902&filename=JSJC199904012	计算机工程	1999	1999年04期
RTF文件格式分析及在多媒体中的应用	http://sso.cdclib.org/interlibSSO/goto/6/=06190596Z93/kns55/detail.aspx?QueryID=58&CurRec=14&dbcode=cjfq&dbname=CJFD9902&filename=JSJC199904013	计算机工程	1999	1999年04期
基于PSTN的远程图象采集和传输系统	http://sso.cdclib.org/interlibSSO/goto/6/=06190596Z93/kns55/detail.aspx?QueryID=58&CurRec=15&dbcode=cjfq&dbname=CJFD9902&filename=JSJC199904014	计算机工程	1999	1999年04期
ME芯片的设计原则	http://sso.cdclib.org/interlibSSO/goto/6/=06190596Z93/kns55/detail.aspx?QueryID=58&CurRec=16&dbcode=cjfq&dbname=CJFD9902&filename=JSJC199904015	计算机工程	1999	1999年04期
中英文WWW搜索引擎的信息处理	http://sso.cdclib.org/interlibSSO/goto/6/=06190596Z93/kns55/detail.aspx?QueryID=58&CurRec=17&dbcode=cjfq&dbname=CJFD9902&filename=JSJC199904016	计算机工程	1999	1999年04期
Oracle的Web发行方法与实现	http://sso.cdclib.org/interlibSSO/goto/6/=06190596Z93/kns55/detail.aspx?QueryID=58&CurRec=18&dbcode=cjfq&dbname=CJFD9902&filename=JSJC199904017	计算机工程	1999	1999年04期
基于Web的部件重用中的继承机制	http://sso.cdclib.org/interlibSSO/goto/6/=06190596Z93/kns55/detail.aspx?QueryID=58&CurRec=19&dbcode=cjfq&dbname=CJFD9902&filename=JSJC199904018	计算机工程	1999	1999年04期
Internet域名解析过程中信道的负载平衡研究	http://sso.cdclib.org/interlibSSO/goto/6/=06190596Z93/kns55/detail.aspx?QueryID=58&CurRec=20&dbcode=cjfq&dbname=CJFD9902&filename=JSJC199904019	计算机工程	1999	1999年04期
WCSR:一个弱一致性的复制数据库系统	http://sso.cdclib.org/interlibSSO/goto/6/=06190596Z93/kns55/detail.aspx?QueryID=58&CurRec=21&dbcode=cjfq&dbname=CJFD9902&filename=JSJC199904020	计算机工程	1999	1999年04期
多任务并发在试题库管理系统中的应用	http://sso.cdclib.org/interlibSSO/goto/6/=06190596Z93/kns55/detail.aspx?QueryID=58&CurRec=22&dbcode=cjfq&dbname=CJFD9902&filename=JSJC199904021	计算机工程	1999	1999年04期
基于多线程的远程数据库电话访问系统的设计与实现	http://sso.cdclib.org/interlibSSO/goto/6/=06190596Z93/kns55/detail.aspx?QueryID=58&CurRec=23&dbcode=cjfq&dbname=CJFD9902&filename=JSJC199904022	计算机工程	1999	1999年04期
基于动态模板匹配的人脸面部特征提取的研究	http://sso.cdclib.org/interlibSSO/goto/6/=06190596Z93/kns55/detail.aspx?QueryID=58&CurRec=24&dbcode=cjfq&dbname=CJFD9902&filename=JSJC199904023	计算机工程	1999	1999年04期
基于图象纹理分析的纱线质量检测	http://sso.cdclib.org/interlibSSO/goto/6/=06190596Z93/kns55/detail.aspx?QueryID=58&CurRec=25&dbcode=cjfq&dbname=CJFD9902&filename=JSJC199904024	计算机工程	1999	1999年04期
基于弹箭系统的图形库管理设计与实现	http://sso.cdclib.org/interlibSSO/goto/6/=06190596Z93/kns55/detail.aspx?QueryID=58&CurRec=26&dbcode=cjfq&dbname=CJFD9902&filename=JSJC199904025	计算机工程	1999	1999年04期
在CIMS中支持STEP应用协议的研究与实现	http://sso.cdclib.org/interlibSSO/goto/6/=06190596Z93/kns55/detail.aspx?QueryID=58&CurRec=27&dbcode=cjfq&dbname=CJFD9902&filename=JSJC199904026	计算机工程	1999	1999年04期
图形化编程语言LabVIEW环境及其开放性	http://sso.cdclib.org/interlibSSO/goto/6/=06190596Z93/kns55/detail.aspx?QueryID=58&CurRec=28&dbcode=cjfq&dbname=CJFD9902&filename=JSJC199904027	计算机工程	1999	1999年04期
数据库复制技术的改进──按归属分送的数据分送方法	http://sso.cdclib.org/interlibSSO/goto/6/=06190596Z93/kns55/detail.aspx?QueryID=58&CurRec=29&dbcode=cjfq&dbname=CJFD9902&filename=JSJC199904028	计算机工程	1999	1999年04期
虚拟视网膜显示技术将对显示器的未来产生深刻影响	http://sso.cdclib.org/interlibSSO/goto/6/=06190596Z93/kns55/detail.aspx?QueryID=58&CurRec=30&dbcode=cjfq&dbname=CJFD9902&filename=JSJC199904029	计算机工程	1999	1999年04期
对象数据库设计的EER方法	http://sso.cdclib.org/interlibSSO/goto/6/=06190596Z93/kns55/detail.aspx?QueryID=58&CurRec=31&dbcode=cjfq&dbname=CJFD9902&filename=JSJC199904030	计算机工程	1999	1999年04期
Internet英语听力远程教育系统实现	http://sso.cdclib.org/interlibSSO/goto/6/=06190596Z93/kns55/detail.aspx?QueryID=58&CurRec=32&dbcode=cjfq&dbname=CJFD9902&filename=JSJC199904031	计算机工程	1999	1999年04期
Foxpro屏幕生成程序的自动翻译	http://sso.cdclib.org/interlibSSO/goto/6/=06190596Z93/kns55/detail.aspx?QueryID=58&CurRec=33&dbcode=cjfq&dbname=CJFD9902&filename=JSJC199904032	计算机工程	1999	1999年04期
Windows环境下的逻辑调色板及其应用	http://sso.cdclib.org/interlibSSO/goto/6/=06190596Z93/kns55/detail.aspx?QueryID=58&CurRec=34&dbcode=cjfq&dbname=CJFD9902&filename=JSJC199904033	计算机工程	1999	1999年04期
一种基于案例的合同纠纷咨询系统	http://sso.cdclib.org/interlibSSO/goto/6/=06190596Z93/kns55/detail.aspx?QueryID=58&CurRec=35&dbcode=cjfq&dbname=CJFD9902&filename=JSJC199904034	计算机工程	1999	1999年04期
NetWare工作站的正确安装与配置	http://sso.cdclib.org/interlibSSO/goto/6/=06190596Z93/kns55/detail.aspx?QueryID=58&CurRec=36&dbcode=cjfq&dbname=CJFD9902&filename=JSJC199904035	计算机工程	1999	1999年04期
大规模文本检索的现状及发展	http://sso.cdclib.org/interlibSSO/goto/6/=06190596Z93/kns55/detail.aspx?QueryID=64&CurRec=1&dbcode=cjfq&dbname=CJFD9902&filename=JSJC199903000	计算机工程	1999	1999年03期
基于面向对象的BPMS软件的设计与实现	http://sso.cdclib.org/interlibSSO/goto/6/=06190596Z93/kns55/detail.aspx?QueryID=64&CurRec=2&dbcode=cjfq&dbname=CJFD9902&filename=JSJC199903001	计算机工程	1999	1999年03期
构件规范匹配方法的探讨与设计	http://sso.cdclib.org/interlibSSO/goto/6/=06190596Z93/kns55/detail.aspx?QueryID=64&CurRec=3&dbcode=cjfq&dbname=CJFD9902&filename=JSJC199903002	计算机工程	1999	1999年03期
参考构架建模的研究与实现	http://sso.cdclib.org/interlibSSO/goto/6/=06190596Z93/kns55/detail.aspx?QueryID=64&CurRec=4&dbcode=cjfq&dbname=CJFD9902&filename=JSJC199903003	计算机工程	1999	1999年03期
基于设计模式的软件重用	http://sso.cdclib.org/interlibSSO/goto/6/=06190596Z93/kns55/detail.aspx?QueryID=64&CurRec=5&dbcode=cjfq&dbname=CJFD9902&filename=JSJC199903004	计算机工程	1999	1999年03期
障碍物群中近似最短路径的搜索算法	http://sso.cdclib.org/interlibSSO/goto/6/=06190596Z93/kns55/detail.aspx?QueryID=64&CurRec=6&dbcode=cjfq&dbname=CJFD9902&filename=JSJC199903005	计算机工程	1999	1999年03期
传真图象缩放的快速操作	http://sso.cdclib.org/interlibSSO/goto/6/=06190596Z93/kns55/detail.aspx?QueryID=64&CurRec=7&dbcode=cjfq&dbname=CJFD9902&filename=JSJC199903006	计算机工程	1999	1999年03期
通用PLC控制任务表的构造方法	http://sso.cdclib.org/interlibSSO/goto/6/=06190596Z93/kns55/detail.aspx?QueryID=64&CurRec=8&dbcode=cjfq&dbname=CJFD9902&filename=JSJC199903007	计算机工程	1999	1999年03期
一个面向对象的三维实体造型工具	http://sso.cdclib.org/interlibSSO/goto/6/=06190596Z93/kns55/detail.aspx?QueryID=64&CurRec=9&dbcode=cjfq&dbname=CJFD9902&filename=JSJC199903008	计算机工程	1999	1999年03期
Visual　C++中基于Windows　NT的线程和图形编程技术	http://sso.cdclib.org/interlibSSO/goto/6/=06190596Z93/kns55/detail.aspx?QueryID=64&CurRec=10&dbcode=cjfq&dbname=CJFD9902&filename=JSJC199903009	计算机工程	1999	1999年03期
Windows　NT下SNMP服务扩展代理的实现	http://sso.cdclib.org/interlibSSO/goto/6/=06190596Z93/kns55/detail.aspx?QueryID=64&CurRec=11&dbcode=cjfq&dbname=CJFD9902&filename=JSJC199903010	计算机工程	1999	1999年03期
基于准虚电路的TCP/IP网关及实现研究	http://sso.cdclib.org/interlibSSO/goto/6/=06190596Z93/kns55/detail.aspx?QueryID=64&CurRec=12&dbcode=cjfq&dbname=CJFD9902&filename=JSJC199903011	计算机工程	1999	1999年03期
基于Web的企业管理及HMMP协议分析	http://sso.cdclib.org/interlibSSO/goto/6/=06190596Z93/kns55/detail.aspx?QueryID=64&CurRec=13&dbcode=cjfq&dbname=CJFD9902&filename=JSJC199903012	计算机工程	1999	1999年03期
基于路由器的PPP协议关键技术研究	http://sso.cdclib.org/interlibSSO/goto/6/=06190596Z93/kns55/detail.aspx?QueryID=64&CurRec=14&dbcode=cjfq&dbname=CJFD9902&filename=JSJC199903013	计算机工程	1999	1999年03期
WinNT系统中多线程通信软件的设计与实现	http://sso.cdclib.org/interlibSSO/goto/6/=06190596Z93/kns55/detail.aspx?QueryID=64&CurRec=15&dbcode=cjfq&dbname=CJFD9902&filename=JSJC199903014	计算机工程	1999	1999年03期
ATM　UNI信令的软件实现	http://sso.cdclib.org/interlibSSO/goto/6/=06190596Z93/kns55/detail.aspx?QueryID=64&CurRec=16&dbcode=cjfq&dbname=CJFD9902&filename=JSJC199903015	计算机工程	1999	1999年03期
ULC:一种用户层通信协议的实现技术	http://sso.cdclib.org/interlibSSO/goto/6/=06190596Z93/kns55/detail.aspx?QueryID=64&CurRec=17&dbcode=cjfq&dbname=CJFD9902&filename=JSJC199903016	计算机工程	1999	1999年03期
基于DSSS系统的无线局域网MAC层协议的设计与实现	http://sso.cdclib.org/interlibSSO/goto/6/=06190596Z93/kns55/detail.aspx?QueryID=64&CurRec=18&dbcode=cjfq&dbname=CJFD9902&filename=JSJC199903017	计算机工程	1999	1999年03期
光纤通道网络设计	http://sso.cdclib.org/interlibSSO/goto/6/=06190596Z93/kns55/detail.aspx?QueryID=64&CurRec=19&dbcode=cjfq&dbname=CJFD9902&filename=JSJC199903018	计算机工程	1999	1999年03期
基于本体论的联邦式多主体系统设计	http://sso.cdclib.org/interlibSSO/goto/6/=06190596Z93/kns55/detail.aspx?QueryID=64&CurRec=20&dbcode=cjfq&dbname=CJFD9902&filename=JSJC199903019	计算机工程	1999	1999年03期
基于模糊神经网络的智能诊断系统的研制	http://sso.cdclib.org/interlibSSO/goto/6/=06190596Z93/kns55/detail.aspx?QueryID=64&CurRec=21&dbcode=cjfq&dbname=CJFD9902&filename=JSJC199903020	计算机工程	1999	1999年03期
多智能体理论与方法在CAD系统中的应用	http://sso.cdclib.org/interlibSSO/goto/6/=06190596Z93/kns55/detail.aspx?QueryID=64&CurRec=22&dbcode=cjfq&dbname=CJFD9902&filename=JSJC199903021	计算机工程	1999	1999年03期
智能化114数据地图定位系统ISOPL	http://sso.cdclib.org/interlibSSO/goto/6/=06190596Z93/kns55/detail.aspx?QueryID=64&CurRec=23&dbcode=cjfq&dbname=CJFD9902&filename=JSJC199903022	计算机工程	1999	1999年03期
分布式网络入侵监视系统的设计	http://sso.cdclib.org/interlibSSO/goto/6/=06190596Z93/kns55/detail.aspx?QueryID=64&CurRec=24&dbcode=cjfq&dbname=CJFD9902&filename=JSJC199903023	计算机工程	1999	1999年03期
一种安全的Modem传输协议	http://sso.cdclib.org/interlibSSO/goto/6/=06190596Z93/kns55/detail.aspx?QueryID=64&CurRec=25&dbcode=cjfq&dbname=CJFD9902&filename=JSJC199903024	计算机工程	1999	1999年03期
一种多功能IC卡及其系统	http://sso.cdclib.org/interlibSSO/goto/6/=06190596Z93/kns55/detail.aspx?QueryID=64&CurRec=26&dbcode=cjfq&dbname=CJFD9902&filename=JSJC199903025	计算机工程	1999	1999年03期
多记录更新界面的设计与实现	http://sso.cdclib.org/interlibSSO/goto/6/=06190596Z93/kns55/detail.aspx?QueryID=64&CurRec=27&dbcode=cjfq&dbname=CJFD9902&filename=JSJC199903026	计算机工程	1999	1999年03期
OS/2微机网络票据自动清分系统的设计和实现	http://sso.cdclib.org/interlibSSO/goto/6/=06190596Z93/kns55/detail.aspx?QueryID=64&CurRec=28&dbcode=cjfq&dbname=CJFD9902&filename=JSJC199903027	计算机工程	1999	1999年03期
Visual　Basic平面图形处理技术	http://sso.cdclib.org/interlibSSO/goto/6/=06190596Z93/kns55/detail.aspx?QueryID=64&CurRec=29&dbcode=cjfq&dbname=CJFD9902&filename=JSJC199903028	计算机工程	1999	1999年03期
基于I—DEAS的用户环境二次开发的研究	http://sso.cdclib.org/interlibSSO/goto/6/=06190596Z93/kns55/detail.aspx?QueryID=64&CurRec=30&dbcode=cjfq&dbname=CJFD9902&filename=JSJC199903029	计算机工程	1999	1999年03期
回溯算法与计算机智能排课	http://sso.cdclib.org/interlibSSO/goto/6/=06190596Z93/kns55/detail.aspx?QueryID=64&CurRec=31&dbcode=cjfq&dbname=CJFD9902&filename=JSJC199903030	计算机工程	1999	1999年03期
从Raw计算机结构看计算机体系结构发展的一种新趋势	http://sso.cdclib.org/interlibSSO/goto/6/=06190596Z93/kns55/detail.aspx?QueryID=70&CurRec=1&dbcode=cjfq&dbname=CJFD9902&filename=JSJC199902000	计算机工程	1999	1999年02期
Java程序运行和编译技术综述	http://sso.cdclib.org/interlibSSO/goto/6/=06190596Z93/kns55/detail.aspx?QueryID=70&CurRec=2&dbcode=cjfq&dbname=CJFD9902&filename=JSJC199902001	计算机工程	1999	1999年02期
美国改变加密软件出口政策	http://sso.cdclib.org/interlibSSO/goto/6/=06190596Z93/kns55/detail.aspx?QueryID=70&CurRec=3&dbcode=cjfq&dbname=CJFD9902&filename=JSJC199902002	计算机工程	1999	1999年02期
行为建模语言的研究与实现	http://sso.cdclib.org/interlibSSO/goto/6/=06190596Z93/kns55/detail.aspx?QueryID=70&CurRec=4&dbcode=cjfq&dbname=CJFD9902&filename=JSJC199902003	计算机工程	1999	1999年02期
SGI推出最新智能视讯应用软件	http://sso.cdclib.org/interlibSSO/goto/6/=06190596Z93/kns55/detail.aspx?QueryID=70&CurRec=5&dbcode=cjfq&dbname=CJFD9902&filename=JSJC199902004	计算机工程	1999	1999年02期
通用结构下的位置相关丛生树模型	http://sso.cdclib.org/interlibSSO/goto/6/=06190596Z93/kns55/detail.aspx?QueryID=70&CurRec=6&dbcode=cjfq&dbname=CJFD9902&filename=JSJC199902005	计算机工程	1999	1999年02期
支持复杂行为的单用户虚拟环境	http://sso.cdclib.org/interlibSSO/goto/6/=06190596Z93/kns55/detail.aspx?QueryID=70&CurRec=7&dbcode=cjfq&dbname=CJFD9902&filename=JSJC199902006	计算机工程	1999	1999年02期
HP推出革命性的期货业务管理系统	http://sso.cdclib.org/interlibSSO/goto/6/=06190596Z93/kns55/detail.aspx?QueryID=70&CurRec=8&dbcode=cjfq&dbname=CJFD9902&filename=JSJC199902007	计算机工程	1999	1999年02期
异构结构的实时图象理解系统	http://sso.cdclib.org/interlibSSO/goto/6/=06190596Z93/kns55/detail.aspx?QueryID=70&CurRec=9&dbcode=cjfq&dbname=CJFD9902&filename=JSJC199902008	计算机工程	1999	1999年02期
分布式Web组件模型分析	http://sso.cdclib.org/interlibSSO/goto/6/=06190596Z93/kns55/detail.aspx?QueryID=70&CurRec=10&dbcode=cjfq&dbname=CJFD9902&filename=JSJC199902009	计算机工程	1999	1999年02期
分布式Ada远程子程序调用及实现	http://sso.cdclib.org/interlibSSO/goto/6/=06190596Z93/kns55/detail.aspx?QueryID=70&CurRec=11&dbcode=cjfq&dbname=CJFD9902&filename=JSJC199902010	计算机工程	1999	1999年02期
基于Windows　95/NT的PVM并行计算平台	http://sso.cdclib.org/interlibSSO/goto/6/=06190596Z93/kns55/detail.aspx?QueryID=70&CurRec=12&dbcode=cjfq&dbname=CJFD9902&filename=JSJC199902011	计算机工程	1999	1999年02期
基于HLA结构的分布交互仿真的系统设计问题	http://sso.cdclib.org/interlibSSO/goto/6/=06190596Z93/kns55/detail.aspx?QueryID=70&CurRec=13&dbcode=cjfq&dbname=CJFD9902&filename=JSJC199902012	计算机工程	1999	1999年02期
IBM研制成功特薄、特轻的硬盘机	http://sso.cdclib.org/interlibSSO/goto/6/=06190596Z93/kns55/detail.aspx?QueryID=70&CurRec=14&dbcode=cjfq&dbname=CJFD9902&filename=JSJC199902013	计算机工程	1999	1999年02期
武器装备保障性评估可视化与评估系统集成	http://sso.cdclib.org/interlibSSO/goto/6/=06190596Z93/kns55/detail.aspx?QueryID=70&CurRec=15&dbcode=cjfq&dbname=CJFD9902&filename=JSJC199902014	计算机工程	1999	1999年02期
基于知识的机械产品并行设计	http://sso.cdclib.org/interlibSSO/goto/6/=06190596Z93/kns55/detail.aspx?QueryID=70&CurRec=16&dbcode=cjfq&dbname=CJFD9902&filename=JSJC199902015	计算机工程	1999	1999年02期
VFP类库结构及其自动分析技术	http://sso.cdclib.org/interlibSSO/goto/6/=06190596Z93/kns55/detail.aspx?QueryID=70&CurRec=17&dbcode=cjfq&dbname=CJFD9902&filename=JSJC199902016	计算机工程	1999	1999年02期
数字电路描述语言及其编译实现中的一些问题	http://sso.cdclib.org/interlibSSO/goto/6/=06190596Z93/kns55/detail.aspx?QueryID=70&CurRec=18&dbcode=cjfq&dbname=CJFD9902&filename=JSJC199902017	计算机工程	1999	1999年02期
面向对象数据库中的事务标识分配策略	http://sso.cdclib.org/interlibSSO/goto/6/=06190596Z93/kns55/detail.aspx?QueryID=70&CurRec=19&dbcode=cjfq&dbname=CJFD9902&filename=JSJC199902018	计算机工程	1999	1999年02期
Sun公司1999年下半年推出联网软件Jini	http://sso.cdclib.org/interlibSSO/goto/6/=06190596Z93/kns55/detail.aspx?QueryID=70&CurRec=20&dbcode=cjfq&dbname=CJFD9902&filename=JSJC199902019	计算机工程	1999	1999年02期
嵌套事务模型下的恢复策略	http://sso.cdclib.org/interlibSSO/goto/6/=06190596Z93/kns55/detail.aspx?QueryID=70&CurRec=21&dbcode=cjfq&dbname=CJFD9902&filename=JSJC199902020	计算机工程	1999	1999年02期
关系数据库中多层次关联规则的采掘及其实现	http://sso.cdclib.org/interlibSSO/goto/6/=06190596Z93/kns55/detail.aspx?QueryID=70&CurRec=22&dbcode=cjfq&dbname=CJFD9902&filename=JSJC199902021	计算机工程	1999	1999年02期
基于Windows环境的数据管理和过程控制集成技术	http://sso.cdclib.org/interlibSSO/goto/6/=06190596Z93/kns55/detail.aspx?QueryID=70&CurRec=23&dbcode=cjfq&dbname=CJFD9902&filename=JSJC199902022	计算机工程	1999	1999年02期
1999年第3期部分内容预告	http://sso.cdclib.org/interlibSSO/goto/6/=06190596Z93/kns55/detail.aspx?QueryID=70&CurRec=24&dbcode=cjfq&dbname=CJFD9902&filename=JSJC199902023	计算机工程	1999	1999年02期
监控系统数据库的设计与实现	http://sso.cdclib.org/interlibSSO/goto/6/=06190596Z93/kns55/detail.aspx?QueryID=70&CurRec=25&dbcode=cjfq&dbname=CJFD9902&filename=JSJC199902024	计算机工程	1999	1999年02期
用Spi演算描述和验证密码学安全协议	http://sso.cdclib.org/interlibSSO/goto/6/=06190596Z93/kns55/detail.aspx?QueryID=70&CurRec=26&dbcode=cjfq&dbname=CJFD9902&filename=JSJC199902025	计算机工程	1999	1999年02期
Intel公司瞄准低档市场	http://sso.cdclib.org/interlibSSO/goto/6/=06190596Z93/kns55/detail.aspx?QueryID=70&CurRec=27&dbcode=cjfq&dbname=CJFD9902&filename=JSJC199902026	计算机工程	1999	1999年02期
WWW安全问题的分析与防范策略	http://sso.cdclib.org/interlibSSO/goto/6/=06190596Z93/kns55/detail.aspx?QueryID=70&CurRec=28&dbcode=cjfq&dbname=CJFD9902&filename=JSJC199902027	计算机工程	1999	1999年02期
PGP算法及其应用	http://sso.cdclib.org/interlibSSO/goto/6/=06190596Z93/kns55/detail.aspx?QueryID=70&CurRec=29&dbcode=cjfq&dbname=CJFD9902&filename=JSJC199902028	计算机工程	1999	1999年02期
通过PPTP构建安全的企业私有网络	http://sso.cdclib.org/interlibSSO/goto/6/=06190596Z93/kns55/detail.aspx?QueryID=70&CurRec=30&dbcode=cjfq&dbname=CJFD9902&filename=JSJC199902029	计算机工程	1999	1999年02期
ATM网络中流量控制修正模型的安全认证问题	http://sso.cdclib.org/interlibSSO/goto/6/=06190596Z93/kns55/detail.aspx?QueryID=70&CurRec=31&dbcode=cjfq&dbname=CJFD9902&filename=JSJC199902030	计算机工程	1999	1999年02期
乳腺癌诊断的计算机处理研究	http://sso.cdclib.org/interlibSSO/goto/6/=06190596Z93/kns55/detail.aspx?QueryID=70&CurRec=32&dbcode=cjfq&dbname=CJFD9902&filename=JSJC199902031	计算机工程	1999	1999年02期
光盘RAID的设计与实现	http://sso.cdclib.org/interlibSSO/goto/6/=06190596Z93/kns55/detail.aspx?QueryID=70&CurRec=33&dbcode=cjfq&dbname=CJFD9902&filename=JSJC199902032	计算机工程	1999	1999年02期
基于神经网络的一种图象细化方法	http://sso.cdclib.org/interlibSSO/goto/6/=06190596Z93/kns55/detail.aspx?QueryID=70&CurRec=34&dbcode=cjfq&dbname=CJFD9902&filename=JSJC199902033	计算机工程	1999	1999年02期
惠普公司与微软公司联手推出办公系统	http://sso.cdclib.org/interlibSSO/goto/6/=06190596Z93/kns55/detail.aspx?QueryID=70&CurRec=35&dbcode=cjfq&dbname=CJFD9902&filename=JSJC199902034	计算机工程	1999	1999年02期
基于客户/服务器模式的Socket网络编程	http://sso.cdclib.org/interlibSSO/goto/6/=06190596Z93/kns55/detail.aspx?QueryID=70&CurRec=36&dbcode=cjfq&dbname=CJFD9902&filename=JSJC199902035	计算机工程	1999	1999年02期
营造舒适的网络运行环境	http://sso.cdclib.org/interlibSSO/goto/6/=06190596Z93/kns55/detail.aspx?QueryID=70&CurRec=37&dbcode=cjfq&dbname=CJFD9902&filename=JSJC199902036	计算机工程	1999	1999年02期
MIS中不同FoxPro版本兼容问题的解决方法	http://sso.cdclib.org/interlibSSO/goto/6/=06190596Z93/kns55/detail.aspx?QueryID=70&CurRec=38&dbcode=cjfq&dbname=CJFD9902&filename=JSJC199902037	计算机工程	1999	1999年02期
计算机2000年问题的测试日期	http://sso.cdclib.org/interlibSSO/goto/6/=06190596Z93/kns55/detail.aspx?QueryID=70&CurRec=39&dbcode=cjfq&dbname=CJFD9902&filename=JSJC199902038	计算机工程	1999	1999年02期
量子计算机进入实验阶段	http://sso.cdclib.org/interlibSSO/goto/6/=06190596Z93/kns55/detail.aspx?QueryID=76&CurRec=1&dbcode=cjfq&dbname=CJFD9902&filename=JSJC199901000	计算机工程	1999	1999年01期
分布式虚拟环境软件开发平台YHVRP	http://sso.cdclib.org/interlibSSO/goto/6/=06190596Z93/kns55/detail.aspx?QueryID=76&CurRec=2&dbcode=cjfq&dbname=CJFD9902&filename=JSJC199901001	计算机工程	1999	1999年01期
开放式Java可视化用户界面开发系统的设计和实现	http://sso.cdclib.org/interlibSSO/goto/6/=06190596Z93/kns55/detail.aspx?QueryID=76&CurRec=3&dbcode=cjfq&dbname=CJFD9902&filename=JSJC199901002	计算机工程	1999	1999年01期
异构数据库互操作可视化界面的实现	http://sso.cdclib.org/interlibSSO/goto/6/=06190596Z93/kns55/detail.aspx?QueryID=76&CurRec=4&dbcode=cjfq&dbname=CJFD9902&filename=JSJC199901003	计算机工程	1999	1999年01期
关系表中联系规则挖掘的设计和实现	http://sso.cdclib.org/interlibSSO/goto/6/=06190596Z93/kns55/detail.aspx?QueryID=76&CurRec=5&dbcode=cjfq&dbname=CJFD9902&filename=JSJC199901004	计算机工程	1999	1999年01期
基于VHDL描述的时序电路测试方法探析	http://sso.cdclib.org/interlibSSO/goto/6/=06190596Z93/kns55/detail.aspx?QueryID=76&CurRec=6&dbcode=cjfq&dbname=CJFD9902&filename=JSJC199901005	计算机工程	1999	1999年01期
第一原理与启发式知识协同作用的故障诊断系统	http://sso.cdclib.org/interlibSSO/goto/6/=06190596Z93/kns55/detail.aspx?QueryID=76&CurRec=7&dbcode=cjfq&dbname=CJFD9902&filename=JSJC199901006	计算机工程	1999	1999年01期
基于推理网络的原因诊断	http://sso.cdclib.org/interlibSSO/goto/6/=06190596Z93/kns55/detail.aspx?QueryID=76&CurRec=8&dbcode=cjfq&dbname=CJFD9902&filename=JSJC199901007	计算机工程	1999	1999年01期
支持高速网络生存性的资源管理机制	http://sso.cdclib.org/interlibSSO/goto/6/=06190596Z93/kns55/detail.aspx?QueryID=76&CurRec=9&dbcode=cjfq&dbname=CJFD9902&filename=JSJC199901008	计算机工程	1999	1999年01期
Novell Netware IPX协议下实时通信的一种新的实现方案	http://sso.cdclib.org/interlibSSO/goto/6/=06190596Z93/kns55/detail.aspx?QueryID=76&CurRec=10&dbcode=cjfq&dbname=CJFD9902&filename=JSJC199901009	计算机工程	1999	1999年01期
移动通信业务综合管理系统的设计	http://sso.cdclib.org/interlibSSO/goto/6/=06190596Z93/kns55/detail.aspx?QueryID=76&CurRec=11&dbcode=cjfq&dbname=CJFD9902&filename=JSJC199901010	计算机工程	1999	1999年01期
Intranet/Extranet中的网络安全技术	http://sso.cdclib.org/interlibSSO/goto/6/=06190596Z93/kns55/detail.aspx?QueryID=76&CurRec=12&dbcode=cjfq&dbname=CJFD9902&filename=JSJC199901011	计算机工程	1999	1999年01期
面向对象的分布式系统OZ的加密与认证模型	http://sso.cdclib.org/interlibSSO/goto/6/=06190596Z93/kns55/detail.aspx?QueryID=76&CurRec=13&dbcode=cjfq&dbname=CJFD9902&filename=JSJC199901012	计算机工程	1999	1999年01期
基于PKI的电子商务安全密钥托管方案研究	http://sso.cdclib.org/interlibSSO/goto/6/=06190596Z93/kns55/detail.aspx?QueryID=76&CurRec=14&dbcode=cjfq&dbname=CJFD9902&filename=JSJC199901013	计算机工程	1999	1999年01期
DCE Web:安全的Web服务器	http://sso.cdclib.org/interlibSSO/goto/6/=06190596Z93/kns55/detail.aspx?QueryID=76&CurRec=15&dbcode=cjfq&dbname=CJFD9902&filename=JSJC199901014	计算机工程	1999	1999年01期
防止病毒入侵Novell Netware网络系统的研究	http://sso.cdclib.org/interlibSSO/goto/6/=06190596Z93/kns55/detail.aspx?QueryID=76&CurRec=16&dbcode=cjfq&dbname=CJFD9902&filename=JSJC199901015	计算机工程	1999	1999年01期
Internet网上保证多媒体信息实时传输的协议—RTP	http://sso.cdclib.org/interlibSSO/goto/6/=06190596Z93/kns55/detail.aspx?QueryID=76&CurRec=17&dbcode=cjfq&dbname=CJFD9902&filename=JSJC199901016	计算机工程	1999	1999年01期
多媒体数据基于内容的查询	http://sso.cdclib.org/interlibSSO/goto/6/=06190596Z93/kns55/detail.aspx?QueryID=76&CurRec=18&dbcode=cjfq&dbname=CJFD9902&filename=JSJC199901017	计算机工程	1999	1999年01期
DSA总线在VCD设计中的应用	http://sso.cdclib.org/interlibSSO/goto/6/=06190596Z93/kns55/detail.aspx?QueryID=76&CurRec=19&dbcode=cjfq&dbname=CJFD9902&filename=JSJC199901018	计算机工程	1999	1999年01期
在Foxpro for Windows环境下实现数据共亨的一种方法	http://sso.cdclib.org/interlibSSO/goto/6/=06190596Z93/kns55/detail.aspx?QueryID=76&CurRec=20&dbcode=cjfq&dbname=CJFD9902&filename=JSJC199901019	计算机工程	1999	1999年01期
在客户/服务器结构中利用ODBC访问数据库的两种方法	http://sso.cdclib.org/interlibSSO/goto/6/=06190596Z93/kns55/detail.aspx?QueryID=76&CurRec=21&dbcode=cjfq&dbname=CJFD9902&filename=JSJC199901020	计算机工程	1999	1999年01期
一个实用CAPP系统的开发和研究	http://sso.cdclib.org/interlibSSO/goto/6/=06190596Z93/kns55/detail.aspx?QueryID=76&CurRec=22&dbcode=cjfq&dbname=CJFD9902&filename=JSJC199901021	计算机工程	1999	1999年01期
智能报警系统的设计	http://sso.cdclib.org/interlibSSO/goto/6/=06190596Z93/kns55/detail.aspx?QueryID=76&CurRec=23&dbcode=cjfq&dbname=CJFD9902&filename=JSJC199901022	计算机工程	1999	1999年01期
基于Web和CORBA的新型远程教育系统	http://sso.cdclib.org/interlibSSO/goto/6/=06190596Z93/kns55/detail.aspx?QueryID=76&CurRec=24&dbcode=cjfq&dbname=CJFD9902&filename=JSJC199901023	计算机工程	1999	1999年01期
基于多总线的双口RAM技术在机器人中的应用	http://sso.cdclib.org/interlibSSO/goto/6/=06190596Z93/kns55/detail.aspx?QueryID=76&CurRec=25&dbcode=cjfq&dbname=CJFD9902&filename=JSJC199901024	计算机工程	1999	1999年01期
防潮闸多媒体综合监控系统	http://sso.cdclib.org/interlibSSO/goto/6/=06190596Z93/kns55/detail.aspx?QueryID=76&CurRec=26&dbcode=cjfq&dbname=CJFD9902&filename=JSJC199901025	计算机工程	1999	1999年01期
一个Novell无盘站局域网架设实例	http://sso.cdclib.org/interlibSSO/goto/6/=06190596Z93/kns55/detail.aspx?QueryID=76&CurRec=27&dbcode=cjfq&dbname=CJFD9902&filename=JSJC199901026	计算机工程	1999	1999年01期
使用ODBC扩展Foxpro的SQL功能	http://sso.cdclib.org/interlibSSO/goto/6/=06190596Z93/kns55/detail.aspx?QueryID=76&CurRec=28&dbcode=cjfq&dbname=CJFD9902&filename=JSJC199901027	计算机工程	1999	1999年01期
信用合作银行综台业务处理网络系统的设计与实现	http://sso.cdclib.org/interlibSSO/goto/6/=06190596Z93/kns55/detail.aspx?QueryID=76&CurRec=29&dbcode=cjfq&dbname=CJFD9902&filename=JSJC199901028	计算机工程	1999	1999年01期
图象处理新技术在科技档案中的应用	http://sso.cdclib.org/interlibSSO/goto/6/=06190596Z93/kns55/detail.aspx?QueryID=76&CurRec=30&dbcode=cjfq&dbname=CJFD9902&filename=JSJC199901029	计算机工程	1999	1999年01期
