长三角IT领域合作的机遇和使命	http://sso.cdclib.org/interlibSSO/goto/6/=06190596Z93/kns55/detail.aspx?QueryID=3&CurRec=1&dbcode=cjfq&dbname=CJFD0305&filename=JSJS200412000	计算机时代	2004	2004年12期
分布式计算技术综述	http://sso.cdclib.org/interlibSSO/goto/6/=06190596Z93/kns55/detail.aspx?QueryID=3&CurRec=2&dbcode=cjfq&dbname=CJFD0305&filename=JSJS200412001	计算机时代	2004	2004年12期
数据流关键技术研究	http://sso.cdclib.org/interlibSSO/goto/6/=06190596Z93/kns55/detail.aspx?QueryID=3&CurRec=3&dbcode=cjfq&dbname=CJFD0305&filename=JSJS200412002	计算机时代	2004	2004年12期
网格技术发展趋势及长三角应用对策	http://sso.cdclib.org/interlibSSO/goto/6/=06190596Z93/kns55/detail.aspx?QueryID=3&CurRec=4&dbcode=cjfq&dbname=CJFD0305&filename=JSJS200412003	计算机时代	2004	2004年12期
流媒体服务网格技术研究	http://sso.cdclib.org/interlibSSO/goto/6/=06190596Z93/kns55/detail.aspx?QueryID=3&CurRec=5&dbcode=cjfq&dbname=CJFD0305&filename=JSJS200412004	计算机时代	2004	2004年12期
分层隔离的安全操作系统内核结构研究	http://sso.cdclib.org/interlibSSO/goto/6/=06190596Z93/kns55/detail.aspx?QueryID=3&CurRec=6&dbcode=cjfq&dbname=CJFD0305&filename=JSJS200412005	计算机时代	2004	2004年12期
基于优先级的多Agent协同研究	http://sso.cdclib.org/interlibSSO/goto/6/=06190596Z93/kns55/detail.aspx?QueryID=3&CurRec=7&dbcode=cjfq&dbname=CJFD0305&filename=JSJS200412006	计算机时代	2004	2004年12期
网络教育关键技术及体系结构	http://sso.cdclib.org/interlibSSO/goto/6/=06190596Z93/kns55/detail.aspx?QueryID=3&CurRec=8&dbcode=cjfq&dbname=CJFD0305&filename=JSJS200412007	计算机时代	2004	2004年12期
基于Web Service的遗留系统包装平台的研究和实现	http://sso.cdclib.org/interlibSSO/goto/6/=06190596Z93/kns55/detail.aspx?QueryID=3&CurRec=9&dbcode=cjfq&dbname=CJFD0305&filename=JSJS200412008	计算机时代	2004	2004年12期
高速网络中的数据流信息提取模型	http://sso.cdclib.org/interlibSSO/goto/6/=06190596Z93/kns55/detail.aspx?QueryID=3&CurRec=10&dbcode=cjfq&dbname=CJFD0305&filename=JSJS200412009	计算机时代	2004	2004年12期
有线移动通信网	http://sso.cdclib.org/interlibSSO/goto/6/=06190596Z93/kns55/detail.aspx?QueryID=3&CurRec=11&dbcode=cjfq&dbname=CJFD0305&filename=JSJS200412010	计算机时代	2004	2004年12期
数据图像处理三大技术	http://sso.cdclib.org/interlibSSO/goto/6/=06190596Z93/kns55/detail.aspx?QueryID=3&CurRec=12&dbcode=cjfq&dbname=CJFD0305&filename=JSJS200412011	计算机时代	2004	2004年12期
移动代理在网格中的应用	http://sso.cdclib.org/interlibSSO/goto/6/=06190596Z93/kns55/detail.aspx?QueryID=3&CurRec=13&dbcode=cjfq&dbname=CJFD0305&filename=JSJS200412012	计算机时代	2004	2004年12期
高速网络流测量平台WATCH1.0处理器的结构设计	http://sso.cdclib.org/interlibSSO/goto/6/=06190596Z93/kns55/detail.aspx?QueryID=3&CurRec=14&dbcode=cjfq&dbname=CJFD0305&filename=JSJS200412013	计算机时代	2004	2004年12期
Linux环境下策略路由的实现	http://sso.cdclib.org/interlibSSO/goto/6/=06190596Z93/kns55/detail.aspx?QueryID=3&CurRec=15&dbcode=cjfq&dbname=CJFD0305&filename=JSJS200412014	计算机时代	2004	2004年12期
在线测试系统中自动组卷算法的探讨	http://sso.cdclib.org/interlibSSO/goto/6/=06190596Z93/kns55/detail.aspx?QueryID=3&CurRec=16&dbcode=cjfq&dbname=CJFD0305&filename=JSJS200412015	计算机时代	2004	2004年12期
校园网环境下的语音会议系统	http://sso.cdclib.org/interlibSSO/goto/6/=06190596Z93/kns55/detail.aspx?QueryID=3&CurRec=17&dbcode=cjfq&dbname=CJFD0305&filename=JSJS200412016	计算机时代	2004	2004年12期
主题作业驱动环境下的计算机基础知识整合	http://sso.cdclib.org/interlibSSO/goto/6/=06190596Z93/kns55/detail.aspx?QueryID=3&CurRec=18&dbcode=cjfq&dbname=CJFD0305&filename=JSJS200412017	计算机时代	2004	2004年12期
UML的扩展机制在Web开发建模中的应用	http://sso.cdclib.org/interlibSSO/goto/6/=06190596Z93/kns55/detail.aspx?QueryID=3&CurRec=19&dbcode=cjfq&dbname=CJFD0305&filename=JSJS200412018	计算机时代	2004	2004年12期
计算机时代2004年总目录	http://sso.cdclib.org/interlibSSO/goto/6/=06190596Z93/kns55/detail.aspx?QueryID=3&CurRec=20&dbcode=cjfq&dbname=CJFD0305&filename=JSJS200412019	计算机时代	2004	2004年12期
基于移动Agent的分布式仿真节点间通信机制的研究	http://sso.cdclib.org/interlibSSO/goto/6/=06190596Z93/kns55/detail.aspx?QueryID=8&CurRec=1&dbcode=cjfq&dbname=CJFD0305&filename=JSJS200411000	计算机时代	2004	2004年11期
对基于XML的新一代可扩展应用程序标记语言的研究	http://sso.cdclib.org/interlibSSO/goto/6/=06190596Z93/kns55/detail.aspx?QueryID=8&CurRec=2&dbcode=cjfq&dbname=CJFD0305&filename=JSJS200411001	计算机时代	2004	2004年11期
搜索引擎使用技巧	http://sso.cdclib.org/interlibSSO/goto/6/=06190596Z93/kns55/detail.aspx?QueryID=8&CurRec=3&dbcode=cjfq&dbname=CJFD0305&filename=JSJS200411002	计算机时代	2004	2004年11期
实现智能化服务的语义Web	http://sso.cdclib.org/interlibSSO/goto/6/=06190596Z93/kns55/detail.aspx?QueryID=8&CurRec=4&dbcode=cjfq&dbname=CJFD0305&filename=JSJS200411003	计算机时代	2004	2004年11期
VB编程领域知识的专家与新手比较	http://sso.cdclib.org/interlibSSO/goto/6/=06190596Z93/kns55/detail.aspx?QueryID=8&CurRec=5&dbcode=cjfq&dbname=CJFD0305&filename=JSJS200411004	计算机时代	2004	2004年11期
C++程序设计中动态内存使用技术探讨	http://sso.cdclib.org/interlibSSO/goto/6/=06190596Z93/kns55/detail.aspx?QueryID=8&CurRec=6&dbcode=cjfq&dbname=CJFD0305&filename=JSJS200411005	计算机时代	2004	2004年11期
全国计算机软件考试简讯	http://sso.cdclib.org/interlibSSO/goto/6/=06190596Z93/kns55/detail.aspx?QueryID=8&CurRec=7&dbcode=cjfq&dbname=CJFD0305&filename=JSJS200411006	计算机时代	2004	2004年11期
安全软件的持续风险管理模型(CRM)	http://sso.cdclib.org/interlibSSO/goto/6/=06190596Z93/kns55/detail.aspx?QueryID=8&CurRec=8&dbcode=cjfq&dbname=CJFD0305&filename=JSJS200411007	计算机时代	2004	2004年11期
对一种多重代理多重签名体制的改进	http://sso.cdclib.org/interlibSSO/goto/6/=06190596Z93/kns55/detail.aspx?QueryID=8&CurRec=9&dbcode=cjfq&dbname=CJFD0305&filename=JSJS200411008	计算机时代	2004	2004年11期
基于SVM的增量学习算法及其在网页分类中的应用	http://sso.cdclib.org/interlibSSO/goto/6/=06190596Z93/kns55/detail.aspx?QueryID=8&CurRec=10&dbcode=cjfq&dbname=CJFD0305&filename=JSJS200411009	计算机时代	2004	2004年11期
数字图像直方图均衡化的自适应校正研究	http://sso.cdclib.org/interlibSSO/goto/6/=06190596Z93/kns55/detail.aspx?QueryID=8&CurRec=11&dbcode=cjfq&dbname=CJFD0305&filename=JSJS200411010	计算机时代	2004	2004年11期
网上问卷调查系统生成器的使用与设计	http://sso.cdclib.org/interlibSSO/goto/6/=06190596Z93/kns55/detail.aspx?QueryID=8&CurRec=12&dbcode=cjfq&dbname=CJFD0305&filename=JSJS200411011	计算机时代	2004	2004年11期
通用弹药质量信息电子标签系统研究	http://sso.cdclib.org/interlibSSO/goto/6/=06190596Z93/kns55/detail.aspx?QueryID=8&CurRec=13&dbcode=cjfq&dbname=CJFD0305&filename=JSJS200411012	计算机时代	2004	2004年11期
基于数据库和中间件技术的数据中心建设	http://sso.cdclib.org/interlibSSO/goto/6/=06190596Z93/kns55/detail.aspx?QueryID=8&CurRec=14&dbcode=cjfq&dbname=CJFD0305&filename=JSJS200411013	计算机时代	2004	2004年11期
科学计算自由软件在物理教学中的应用	http://sso.cdclib.org/interlibSSO/goto/6/=06190596Z93/kns55/detail.aspx?QueryID=8&CurRec=15&dbcode=cjfq&dbname=CJFD0305&filename=JSJS200411014	计算机时代	2004	2004年11期
基于UML的综合教务管理系统的分析和设计	http://sso.cdclib.org/interlibSSO/goto/6/=06190596Z93/kns55/detail.aspx?QueryID=8&CurRec=16&dbcode=cjfq&dbname=CJFD0305&filename=JSJS200411015	计算机时代	2004	2004年11期
Web查询语言改进方案探究	http://sso.cdclib.org/interlibSSO/goto/6/=06190596Z93/kns55/detail.aspx?QueryID=8&CurRec=17&dbcode=cjfq&dbname=CJFD0305&filename=JSJS200411016	计算机时代	2004	2004年11期
基于ACT对数据层.NET组件性能测试	http://sso.cdclib.org/interlibSSO/goto/6/=06190596Z93/kns55/detail.aspx?QueryID=8&CurRec=18&dbcode=cjfq&dbname=CJFD0305&filename=JSJS200411017	计算机时代	2004	2004年11期
浅议数据库的完整性	http://sso.cdclib.org/interlibSSO/goto/6/=06190596Z93/kns55/detail.aspx?QueryID=8&CurRec=19&dbcode=cjfq&dbname=CJFD0305&filename=JSJS200411018	计算机时代	2004	2004年11期
投稿须知	http://sso.cdclib.org/interlibSSO/goto/6/=06190596Z93/kns55/detail.aspx?QueryID=8&CurRec=20&dbcode=cjfq&dbname=CJFD0305&filename=JSJS200411019	计算机时代	2004	2004年11期
基于模糊模式识别的中文邮件过滤探讨	http://sso.cdclib.org/interlibSSO/goto/6/=06190596Z93/kns55/detail.aspx?QueryID=8&CurRec=21&dbcode=cjfq&dbname=CJFD0305&filename=JSJS200411020	计算机时代	2004	2004年11期
IC卡通用存储OOP的PB设计	http://sso.cdclib.org/interlibSSO/goto/6/=06190596Z93/kns55/detail.aspx?QueryID=8&CurRec=22&dbcode=cjfq&dbname=CJFD0305&filename=JSJS200411021	计算机时代	2004	2004年11期
校园网几例特殊故障的处理	http://sso.cdclib.org/interlibSSO/goto/6/=06190596Z93/kns55/detail.aspx?QueryID=8&CurRec=23&dbcode=cjfq&dbname=CJFD0305&filename=JSJS200411022	计算机时代	2004	2004年11期
SQL Server中的空值问题	http://sso.cdclib.org/interlibSSO/goto/6/=06190596Z93/kns55/detail.aspx?QueryID=8&CurRec=24&dbcode=cjfq&dbname=CJFD0305&filename=JSJS200411023	计算机时代	2004	2004年11期
Linux渴望普及	http://sso.cdclib.org/interlibSSO/goto/6/=06190596Z93/kns55/detail.aspx?QueryID=8&CurRec=25&dbcode=cjfq&dbname=CJFD0305&filename=JSJS200411024	计算机时代	2004	2004年11期
一种新的数据存取权限管理模式	http://sso.cdclib.org/interlibSSO/goto/6/=06190596Z93/kns55/detail.aspx?QueryID=8&CurRec=26&dbcode=cjfq&dbname=CJFD0305&filename=JSJS200411025	计算机时代	2004	2004年11期
基于IP网络的会议电视信令技术	http://sso.cdclib.org/interlibSSO/goto/6/=06190596Z93/kns55/detail.aspx?QueryID=13&CurRec=1&dbcode=cjfq&dbname=CJFD0305&filename=JSJS200410000	计算机时代	2004	2004年10期
沉浸虚拟现实系统加速新产品开发、生产和销售	http://sso.cdclib.org/interlibSSO/goto/6/=06190596Z93/kns55/detail.aspx?QueryID=13&CurRec=2&dbcode=cjfq&dbname=CJFD0305&filename=JSJS200410001	计算机时代	2004	2004年10期
移动数据库技术研究与应用	http://sso.cdclib.org/interlibSSO/goto/6/=06190596Z93/kns55/detail.aspx?QueryID=13&CurRec=3&dbcode=cjfq&dbname=CJFD0305&filename=JSJS200410002	计算机时代	2004	2004年10期
基于信息融合的多传感器侦察技术	http://sso.cdclib.org/interlibSSO/goto/6/=06190596Z93/kns55/detail.aspx?QueryID=13&CurRec=4&dbcode=cjfq&dbname=CJFD0305&filename=JSJS200410003	计算机时代	2004	2004年10期
基于IPv6的计算机网络安全性问题及解决方案	http://sso.cdclib.org/interlibSSO/goto/6/=06190596Z93/kns55/detail.aspx?QueryID=13&CurRec=5&dbcode=cjfq&dbname=CJFD0305&filename=JSJS200410004	计算机时代	2004	2004年10期
Web服务中SOAP消息加密研究	http://sso.cdclib.org/interlibSSO/goto/6/=06190596Z93/kns55/detail.aspx?QueryID=13&CurRec=6&dbcode=cjfq&dbname=CJFD0305&filename=JSJS200410005	计算机时代	2004	2004年10期
2004年上半年程序员上午试题评析	http://sso.cdclib.org/interlibSSO/goto/6/=06190596Z93/kns55/detail.aspx?QueryID=13&CurRec=7&dbcode=cjfq&dbname=CJFD0305&filename=JSJS200410006	计算机时代	2004	2004年10期
软件设计师考试大纲的变化及复习重点	http://sso.cdclib.org/interlibSSO/goto/6/=06190596Z93/kns55/detail.aspx?QueryID=13&CurRec=8&dbcode=cjfq&dbname=CJFD0305&filename=JSJS200410007	计算机时代	2004	2004年10期
基于语义的关系数据到XML数据的转换	http://sso.cdclib.org/interlibSSO/goto/6/=06190596Z93/kns55/detail.aspx?QueryID=13&CurRec=9&dbcode=cjfq&dbname=CJFD0305&filename=JSJS200410008	计算机时代	2004	2004年10期
数控玻璃切割系统的开发	http://sso.cdclib.org/interlibSSO/goto/6/=06190596Z93/kns55/detail.aspx?QueryID=13&CurRec=10&dbcode=cjfq&dbname=CJFD0305&filename=JSJS200410009	计算机时代	2004	2004年10期
编程专家的编程过程认知模型	http://sso.cdclib.org/interlibSSO/goto/6/=06190596Z93/kns55/detail.aspx?QueryID=13&CurRec=11&dbcode=cjfq&dbname=CJFD0305&filename=JSJS200410010	计算机时代	2004	2004年10期
视觉处理在MPEG-7中的初步应用	http://sso.cdclib.org/interlibSSO/goto/6/=06190596Z93/kns55/detail.aspx?QueryID=13&CurRec=12&dbcode=cjfq&dbname=CJFD0305&filename=JSJS200410011	计算机时代	2004	2004年10期
基于Struts和Hibernate的J2EE架构	http://sso.cdclib.org/interlibSSO/goto/6/=06190596Z93/kns55/detail.aspx?QueryID=13&CurRec=13&dbcode=cjfq&dbname=CJFD0305&filename=JSJS200410012	计算机时代	2004	2004年10期
CAI课件辅助高等数学教学的分析与策略	http://sso.cdclib.org/interlibSSO/goto/6/=06190596Z93/kns55/detail.aspx?QueryID=13&CurRec=14&dbcode=cjfq&dbname=CJFD0305&filename=JSJS200410013	计算机时代	2004	2004年10期
基于Smallworld的配电网GIS数据建模	http://sso.cdclib.org/interlibSSO/goto/6/=06190596Z93/kns55/detail.aspx?QueryID=13&CurRec=15&dbcode=cjfq&dbname=CJFD0305&filename=JSJS200410014	计算机时代	2004	2004年10期
通用数据迁移工具的设计与实现	http://sso.cdclib.org/interlibSSO/goto/6/=06190596Z93/kns55/detail.aspx?QueryID=13&CurRec=16&dbcode=cjfq&dbname=CJFD0305&filename=JSJS200410015	计算机时代	2004	2004年10期
网络诊断技术研究	http://sso.cdclib.org/interlibSSO/goto/6/=06190596Z93/kns55/detail.aspx?QueryID=13&CurRec=17&dbcode=cjfq&dbname=CJFD0305&filename=JSJS200410016	计算机时代	2004	2004年10期
PFC事件和函数执行顺序分析	http://sso.cdclib.org/interlibSSO/goto/6/=06190596Z93/kns55/detail.aspx?QueryID=13&CurRec=18&dbcode=cjfq&dbname=CJFD0305&filename=JSJS200410017	计算机时代	2004	2004年10期
网络数据的备份	http://sso.cdclib.org/interlibSSO/goto/6/=06190596Z93/kns55/detail.aspx?QueryID=13&CurRec=19&dbcode=cjfq&dbname=CJFD0305&filename=JSJS200410018	计算机时代	2004	2004年10期
网络多媒体通信技术在网络教学系统中的应用	http://sso.cdclib.org/interlibSSO/goto/6/=06190596Z93/kns55/detail.aspx?QueryID=13&CurRec=20&dbcode=cjfq&dbname=CJFD0305&filename=JSJS200410019	计算机时代	2004	2004年10期
串行通信程序由DOS向Linux移植技术研究	http://sso.cdclib.org/interlibSSO/goto/6/=06190596Z93/kns55/detail.aspx?QueryID=13&CurRec=21&dbcode=cjfq&dbname=CJFD0305&filename=JSJS200410020	计算机时代	2004	2004年10期
应用系统日志守护程序的设计	http://sso.cdclib.org/interlibSSO/goto/6/=06190596Z93/kns55/detail.aspx?QueryID=13&CurRec=22&dbcode=cjfq&dbname=CJFD0305&filename=JSJS200410021	计算机时代	2004	2004年10期
基于可复用标准构件的企业建模方法研究	http://sso.cdclib.org/interlibSSO/goto/6/=06190596Z93/kns55/detail.aspx?QueryID=13&CurRec=23&dbcode=cjfq&dbname=CJFD0305&filename=JSJS200410022	计算机时代	2004	2004年10期
Web数据库与DNA	http://sso.cdclib.org/interlibSSO/goto/6/=06190596Z93/kns55/detail.aspx?QueryID=18&CurRec=1&dbcode=cjfq&dbname=CJFD0305&filename=JSJS200409000	计算机时代	2004	2004年09期
会思考的语义网格	http://sso.cdclib.org/interlibSSO/goto/6/=06190596Z93/kns55/detail.aspx?QueryID=18&CurRec=2&dbcode=cjfq&dbname=CJFD0305&filename=JSJS200409001	计算机时代	2004	2004年09期
基于联邦式作战仿真的高层体系结构及其应用	http://sso.cdclib.org/interlibSSO/goto/6/=06190596Z93/kns55/detail.aspx?QueryID=18&CurRec=3&dbcode=cjfq&dbname=CJFD0305&filename=JSJS200409002	计算机时代	2004	2004年09期
IP多播网络中的QoS控制技术	http://sso.cdclib.org/interlibSSO/goto/6/=06190596Z93/kns55/detail.aspx?QueryID=18&CurRec=4&dbcode=cjfq&dbname=CJFD0305&filename=JSJS200409003	计算机时代	2004	2004年09期
AT&T成为在中国金融行业SWIFT成员的首选网络服务商	http://sso.cdclib.org/interlibSSO/goto/6/=06190596Z93/kns55/detail.aspx?QueryID=18&CurRec=5&dbcode=cjfq&dbname=CJFD0305&filename=JSJS200409004	计算机时代	2004	2004年09期
利用Email协议传输大型文件	http://sso.cdclib.org/interlibSSO/goto/6/=06190596Z93/kns55/detail.aspx?QueryID=18&CurRec=6&dbcode=cjfq&dbname=CJFD0305&filename=JSJS200409005	计算机时代	2004	2004年09期
基于Win2000终端服务的图书馆远程光盘数据库检索系统	http://sso.cdclib.org/interlibSSO/goto/6/=06190596Z93/kns55/detail.aspx?QueryID=18&CurRec=7&dbcode=cjfq&dbname=CJFD0305&filename=JSJS200409006	计算机时代	2004	2004年09期
JDOM在数据库表单转换成XML文档中的应用研究	http://sso.cdclib.org/interlibSSO/goto/6/=06190596Z93/kns55/detail.aspx?QueryID=18&CurRec=8&dbcode=cjfq&dbname=CJFD0305&filename=JSJS200409007	计算机时代	2004	2004年09期
XML在CRM开发中的应用	http://sso.cdclib.org/interlibSSO/goto/6/=06190596Z93/kns55/detail.aspx?QueryID=18&CurRec=9&dbcode=cjfq&dbname=CJFD0305&filename=JSJS200409008	计算机时代	2004	2004年09期
基于PB和VBA的组卷软件开发	http://sso.cdclib.org/interlibSSO/goto/6/=06190596Z93/kns55/detail.aspx?QueryID=18&CurRec=10&dbcode=cjfq&dbname=CJFD0305&filename=JSJS200409009	计算机时代	2004	2004年09期
JAAS的分析和应用	http://sso.cdclib.org/interlibSSO/goto/6/=06190596Z93/kns55/detail.aspx?QueryID=18&CurRec=11&dbcode=cjfq&dbname=CJFD0305&filename=JSJS200409010	计算机时代	2004	2004年09期
分布式数据库中的不确定数据处理	http://sso.cdclib.org/interlibSSO/goto/6/=06190596Z93/kns55/detail.aspx?QueryID=18&CurRec=12&dbcode=cjfq&dbname=CJFD0305&filename=JSJS200409011	计算机时代	2004	2004年09期
基于MapX控件的车辆导航系统的开发	http://sso.cdclib.org/interlibSSO/goto/6/=06190596Z93/kns55/detail.aspx?QueryID=18&CurRec=13&dbcode=cjfq&dbname=CJFD0305&filename=JSJS200409012	计算机时代	2004	2004年09期
邮件合并技术在航道行政执法管理系统中的应用	http://sso.cdclib.org/interlibSSO/goto/6/=06190596Z93/kns55/detail.aspx?QueryID=18&CurRec=14&dbcode=cjfq&dbname=CJFD0305&filename=JSJS200409013	计算机时代	2004	2004年09期
.NET架构下的新生报到注册系统的设计与实现	http://sso.cdclib.org/interlibSSO/goto/6/=06190596Z93/kns55/detail.aspx?QueryID=18&CurRec=15&dbcode=cjfq&dbname=CJFD0305&filename=JSJS200409014	计算机时代	2004	2004年09期
多层分布式体系实现探索	http://sso.cdclib.org/interlibSSO/goto/6/=06190596Z93/kns55/detail.aspx?QueryID=18&CurRec=16&dbcode=cjfq&dbname=CJFD0305&filename=JSJS200409015	计算机时代	2004	2004年09期
一种有效的聚类分析算法的研究	http://sso.cdclib.org/interlibSSO/goto/6/=06190596Z93/kns55/detail.aspx?QueryID=18&CurRec=17&dbcode=cjfq&dbname=CJFD0305&filename=JSJS200409016	计算机时代	2004	2004年09期
用Delphi处理格式化的文本文件	http://sso.cdclib.org/interlibSSO/goto/6/=06190596Z93/kns55/detail.aspx?QueryID=18&CurRec=18&dbcode=cjfq&dbname=CJFD0305&filename=JSJS200409017	计算机时代	2004	2004年09期
J2EE Web应用性能调优	http://sso.cdclib.org/interlibSSO/goto/6/=06190596Z93/kns55/detail.aspx?QueryID=18&CurRec=19&dbcode=cjfq&dbname=CJFD0305&filename=JSJS200409018	计算机时代	2004	2004年09期
高校计算机教学服务器的管理	http://sso.cdclib.org/interlibSSO/goto/6/=06190596Z93/kns55/detail.aspx?QueryID=18&CurRec=20&dbcode=cjfq&dbname=CJFD0305&filename=JSJS200409019	计算机时代	2004	2004年09期
基于Web的多媒体课件设计与开发	http://sso.cdclib.org/interlibSSO/goto/6/=06190596Z93/kns55/detail.aspx?QueryID=18&CurRec=21&dbcode=cjfq&dbname=CJFD0305&filename=JSJS200409020	计算机时代	2004	2004年09期
BIOS与CMOS及其BIOS个性化	http://sso.cdclib.org/interlibSSO/goto/6/=06190596Z93/kns55/detail.aspx?QueryID=18&CurRec=22&dbcode=cjfq&dbname=CJFD0305&filename=JSJS200409021	计算机时代	2004	2004年09期
VBA for Project编程及其应用	http://sso.cdclib.org/interlibSSO/goto/6/=06190596Z93/kns55/detail.aspx?QueryID=18&CurRec=23&dbcode=cjfq&dbname=CJFD0305&filename=JSJS200409022	计算机时代	2004	2004年09期
在Delphi中使用控件数组	http://sso.cdclib.org/interlibSSO/goto/6/=06190596Z93/kns55/detail.aspx?QueryID=18&CurRec=24&dbcode=cjfq&dbname=CJFD0305&filename=JSJS200409023	计算机时代	2004	2004年09期
压力容器行业系统中BOM的设计及应用	http://sso.cdclib.org/interlibSSO/goto/6/=06190596Z93/kns55/detail.aspx?QueryID=18&CurRec=25&dbcode=cjfq&dbname=CJFD0305&filename=JSJS200409024	计算机时代	2004	2004年09期
软件复用在C++中的主要实现机制	http://sso.cdclib.org/interlibSSO/goto/6/=06190596Z93/kns55/detail.aspx?QueryID=23&CurRec=1&dbcode=cjfq&dbname=CJFD0305&filename=JSJS200408000	计算机时代	2004	2004年08期
面向过程的软件项目估算	http://sso.cdclib.org/interlibSSO/goto/6/=06190596Z93/kns55/detail.aspx?QueryID=23&CurRec=2&dbcode=cjfq&dbname=CJFD0305&filename=JSJS200408001	计算机时代	2004	2004年08期
一种识别汽车牌照的字符分割技术	http://sso.cdclib.org/interlibSSO/goto/6/=06190596Z93/kns55/detail.aspx?QueryID=23&CurRec=3&dbcode=cjfq&dbname=CJFD0305&filename=JSJS200408002	计算机时代	2004	2004年08期
人事部公布2004年上半年全国计算机软件资格(水平)考试合格标准	http://sso.cdclib.org/interlibSSO/goto/6/=06190596Z93/kns55/detail.aspx?QueryID=23&CurRec=4&dbcode=cjfq&dbname=CJFD0305&filename=JSJS200408003	计算机时代	2004	2004年08期
基于解释的学习的一般性与操作性研究	http://sso.cdclib.org/interlibSSO/goto/6/=06190596Z93/kns55/detail.aspx?QueryID=23&CurRec=5&dbcode=cjfq&dbname=CJFD0305&filename=JSJS200408004	计算机时代	2004	2004年08期
校园网网络计费系统的设计与实现	http://sso.cdclib.org/interlibSSO/goto/6/=06190596Z93/kns55/detail.aspx?QueryID=23&CurRec=6&dbcode=cjfq&dbname=CJFD0305&filename=JSJS200408005	计算机时代	2004	2004年08期
如何从IPv4过渡到IPv6	http://sso.cdclib.org/interlibSSO/goto/6/=06190596Z93/kns55/detail.aspx?QueryID=23&CurRec=7&dbcode=cjfq&dbname=CJFD0305&filename=JSJS200408006	计算机时代	2004	2004年08期
存储走向虚拟	http://sso.cdclib.org/interlibSSO/goto/6/=06190596Z93/kns55/detail.aspx?QueryID=23&CurRec=8&dbcode=cjfq&dbname=CJFD0305&filename=JSJS200408007	计算机时代	2004	2004年08期
远程网络虚拟实验室支持技术的分析与比较	http://sso.cdclib.org/interlibSSO/goto/6/=06190596Z93/kns55/detail.aspx?QueryID=23&CurRec=9&dbcode=cjfq&dbname=CJFD0305&filename=JSJS200408008	计算机时代	2004	2004年08期
浅谈网络安全隔离与信息交换系统	http://sso.cdclib.org/interlibSSO/goto/6/=06190596Z93/kns55/detail.aspx?QueryID=23&CurRec=10&dbcode=cjfq&dbname=CJFD0305&filename=JSJS200408009	计算机时代	2004	2004年08期
校园网安全技术及应用	http://sso.cdclib.org/interlibSSO/goto/6/=06190596Z93/kns55/detail.aspx?QueryID=23&CurRec=11&dbcode=cjfq&dbname=CJFD0305&filename=JSJS200408010	计算机时代	2004	2004年08期
基于ASP技术构建网上陶瓷商务	http://sso.cdclib.org/interlibSSO/goto/6/=06190596Z93/kns55/detail.aspx?QueryID=23&CurRec=12&dbcode=cjfq&dbname=CJFD0305&filename=JSJS200408011	计算机时代	2004	2004年08期
基于PHP、MYSQL、Apache的人事管理系统的设计与实现	http://sso.cdclib.org/interlibSSO/goto/6/=06190596Z93/kns55/detail.aspx?QueryID=23&CurRec=13&dbcode=cjfq&dbname=CJFD0305&filename=JSJS200408012	计算机时代	2004	2004年08期
数据清理技术在软件开发中的应用研究	http://sso.cdclib.org/interlibSSO/goto/6/=06190596Z93/kns55/detail.aspx?QueryID=23&CurRec=14&dbcode=cjfq&dbname=CJFD0305&filename=JSJS200408013	计算机时代	2004	2004年08期
C/S的MIS向B/S多层体系结构过渡的一种方法	http://sso.cdclib.org/interlibSSO/goto/6/=06190596Z93/kns55/detail.aspx?QueryID=23&CurRec=15&dbcode=cjfq&dbname=CJFD0305&filename=JSJS200408014	计算机时代	2004	2004年08期
基于netgraph机制的内容过滤防火墙体系架构	http://sso.cdclib.org/interlibSSO/goto/6/=06190596Z93/kns55/detail.aspx?QueryID=23&CurRec=16&dbcode=cjfq&dbname=CJFD0305&filename=JSJS200408015	计算机时代	2004	2004年08期
“C程序设计语言”智能辅导系统原型的设计与开发	http://sso.cdclib.org/interlibSSO/goto/6/=06190596Z93/kns55/detail.aspx?QueryID=23&CurRec=17&dbcode=cjfq&dbname=CJFD0305&filename=JSJS200408016	计算机时代	2004	2004年08期
媒体资产管理技术在电视台的应用	http://sso.cdclib.org/interlibSSO/goto/6/=06190596Z93/kns55/detail.aspx?QueryID=23&CurRec=18&dbcode=cjfq&dbname=CJFD0305&filename=JSJS200408017	计算机时代	2004	2004年08期
个性化远程教育平台的研究与实现	http://sso.cdclib.org/interlibSSO/goto/6/=06190596Z93/kns55/detail.aspx?QueryID=23&CurRec=19&dbcode=cjfq&dbname=CJFD0305&filename=JSJS200408018	计算机时代	2004	2004年08期
程序员资格(水平)考试题例分析	http://sso.cdclib.org/interlibSSO/goto/6/=06190596Z93/kns55/detail.aspx?QueryID=23&CurRec=20&dbcode=cjfq&dbname=CJFD0305&filename=JSJS200408019	计算机时代	2004	2004年08期
在VB中利用控件实现条形码批量打印	http://sso.cdclib.org/interlibSSO/goto/6/=06190596Z93/kns55/detail.aspx?QueryID=23&CurRec=21&dbcode=cjfq&dbname=CJFD0305&filename=JSJS200408020	计算机时代	2004	2004年08期
在Struts应用程序中显示中文问题的解决方案	http://sso.cdclib.org/interlibSSO/goto/6/=06190596Z93/kns55/detail.aspx?QueryID=23&CurRec=22&dbcode=cjfq&dbname=CJFD0305&filename=JSJS200408021	计算机时代	2004	2004年08期
异质网络操作系统的互联共享	http://sso.cdclib.org/interlibSSO/goto/6/=06190596Z93/kns55/detail.aspx?QueryID=23&CurRec=23&dbcode=cjfq&dbname=CJFD0305&filename=JSJS200408022	计算机时代	2004	2004年08期
利用BSR实现呼叫中心的最佳业务路由	http://sso.cdclib.org/interlibSSO/goto/6/=06190596Z93/kns55/detail.aspx?QueryID=23&CurRec=24&dbcode=cjfq&dbname=CJFD0305&filename=JSJS200408023	计算机时代	2004	2004年08期
在MFC列表控件中实现动态操作数据库	http://sso.cdclib.org/interlibSSO/goto/6/=06190596Z93/kns55/detail.aspx?QueryID=23&CurRec=25&dbcode=cjfq&dbname=CJFD0305&filename=JSJS200408024	计算机时代	2004	2004年08期
Windows环境下Fortran程序的调用	http://sso.cdclib.org/interlibSSO/goto/6/=06190596Z93/kns55/detail.aspx?QueryID=23&CurRec=26&dbcode=cjfq&dbname=CJFD0305&filename=JSJS200408025	计算机时代	2004	2004年08期
异构管理软件系统集成风险与防范	http://sso.cdclib.org/interlibSSO/goto/6/=06190596Z93/kns55/detail.aspx?QueryID=23&CurRec=27&dbcode=cjfq&dbname=CJFD0305&filename=JSJS200408026	计算机时代	2004	2004年08期
HI-IMPACTTM系统——恶劣环境中完整的布线解决方案	http://sso.cdclib.org/interlibSSO/goto/6/=06190596Z93/kns55/detail.aspx?QueryID=23&CurRec=28&dbcode=cjfq&dbname=CJFD0305&filename=JSJS200408027	计算机时代	2004	2004年08期
基于Java的DOM解析技术	http://sso.cdclib.org/interlibSSO/goto/6/=06190596Z93/kns55/detail.aspx?QueryID=28&CurRec=1&dbcode=cjfq&dbname=CJFD0305&filename=JSJS200407000	计算机时代	2004	2004年07期
网络环境下数据库的一致性研究	http://sso.cdclib.org/interlibSSO/goto/6/=06190596Z93/kns55/detail.aspx?QueryID=28&CurRec=2&dbcode=cjfq&dbname=CJFD0305&filename=JSJS200407001	计算机时代	2004	2004年07期
网络站点的负载均衡技术探索	http://sso.cdclib.org/interlibSSO/goto/6/=06190596Z93/kns55/detail.aspx?QueryID=28&CurRec=3&dbcode=cjfq&dbname=CJFD0305&filename=JSJS200407002	计算机时代	2004	2004年07期
计算机科学发展史上的里程碑	http://sso.cdclib.org/interlibSSO/goto/6/=06190596Z93/kns55/detail.aspx?QueryID=28&CurRec=4&dbcode=cjfq&dbname=CJFD0305&filename=JSJS200407003	计算机时代	2004	2004年07期
什么是微网格技术	http://sso.cdclib.org/interlibSSO/goto/6/=06190596Z93/kns55/detail.aspx?QueryID=28&CurRec=5&dbcode=cjfq&dbname=CJFD0305&filename=JSJS200407004	计算机时代	2004	2004年07期
信息系统工程监理势在必行	http://sso.cdclib.org/interlibSSO/goto/6/=06190596Z93/kns55/detail.aspx?QueryID=28&CurRec=6&dbcode=cjfq&dbname=CJFD0305&filename=JSJS200407005	计算机时代	2004	2004年07期
在二叉查找树上删除结点的算法与实现	http://sso.cdclib.org/interlibSSO/goto/6/=06190596Z93/kns55/detail.aspx?QueryID=28&CurRec=7&dbcode=cjfq&dbname=CJFD0305&filename=JSJS200407006	计算机时代	2004	2004年07期
PBIDS系统的研究与设计	http://sso.cdclib.org/interlibSSO/goto/6/=06190596Z93/kns55/detail.aspx?QueryID=28&CurRec=8&dbcode=cjfq&dbname=CJFD0305&filename=JSJS200407007	计算机时代	2004	2004年07期
ActiveX控件在数字证书安全认证系统中的应用	http://sso.cdclib.org/interlibSSO/goto/6/=06190596Z93/kns55/detail.aspx?QueryID=28&CurRec=9&dbcode=cjfq&dbname=CJFD0305&filename=JSJS200407008	计算机时代	2004	2004年07期
基于口令的加密及其实现	http://sso.cdclib.org/interlibSSO/goto/6/=06190596Z93/kns55/detail.aspx?QueryID=28&CurRec=10&dbcode=cjfq&dbname=CJFD0305&filename=JSJS200407009	计算机时代	2004	2004年07期
基于共享密钥机制的微支付系统的研究	http://sso.cdclib.org/interlibSSO/goto/6/=06190596Z93/kns55/detail.aspx?QueryID=28&CurRec=11&dbcode=cjfq&dbname=CJFD0305&filename=JSJS200407010	计算机时代	2004	2004年07期
用Delphi设计网络监视器实现计算机监考	http://sso.cdclib.org/interlibSSO/goto/6/=06190596Z93/kns55/detail.aspx?QueryID=28&CurRec=12&dbcode=cjfq&dbname=CJFD0305&filename=JSJS200407011	计算机时代	2004	2004年07期
网络时代的DAS、NAS和SAN技术	http://sso.cdclib.org/interlibSSO/goto/6/=06190596Z93/kns55/detail.aspx?QueryID=28&CurRec=13&dbcode=cjfq&dbname=CJFD0305&filename=JSJS200407012	计算机时代	2004	2004年07期
银行MPLS/VPN网络方案的设计与实现	http://sso.cdclib.org/interlibSSO/goto/6/=06190596Z93/kns55/detail.aspx?QueryID=28&CurRec=14&dbcode=cjfq&dbname=CJFD0305&filename=JSJS200407013	计算机时代	2004	2004年07期
基于TCP/IP协议的WinSock网络编程及应用	http://sso.cdclib.org/interlibSSO/goto/6/=06190596Z93/kns55/detail.aspx?QueryID=28&CurRec=15&dbcode=cjfq&dbname=CJFD0305&filename=JSJS200407014	计算机时代	2004	2004年07期
基于OpenGL的自然树木三维模拟生成技术	http://sso.cdclib.org/interlibSSO/goto/6/=06190596Z93/kns55/detail.aspx?QueryID=28&CurRec=16&dbcode=cjfq&dbname=CJFD0305&filename=JSJS200407015	计算机时代	2004	2004年07期
一种移动Agent的无缝切换的通信机制	http://sso.cdclib.org/interlibSSO/goto/6/=06190596Z93/kns55/detail.aspx?QueryID=28&CurRec=17&dbcode=cjfq&dbname=CJFD0305&filename=JSJS200407016	计算机时代	2004	2004年07期
计量经济学多媒体CAI系统的开发	http://sso.cdclib.org/interlibSSO/goto/6/=06190596Z93/kns55/detail.aspx?QueryID=28&CurRec=18&dbcode=cjfq&dbname=CJFD0305&filename=JSJS200407017	计算机时代	2004	2004年07期
信息门户在企业信息建设中的应用	http://sso.cdclib.org/interlibSSO/goto/6/=06190596Z93/kns55/detail.aspx?QueryID=28&CurRec=19&dbcode=cjfq&dbname=CJFD0305&filename=JSJS200407018	计算机时代	2004	2004年07期
在Visual Basic中实现与Oracle数据库的多种访问方式	http://sso.cdclib.org/interlibSSO/goto/6/=06190596Z93/kns55/detail.aspx?QueryID=28&CurRec=20&dbcode=cjfq&dbname=CJFD0305&filename=JSJS200407019	计算机时代	2004	2004年07期
电脑死机的原因和解决方法	http://sso.cdclib.org/interlibSSO/goto/6/=06190596Z93/kns55/detail.aspx?QueryID=28&CurRec=21&dbcode=cjfq&dbname=CJFD0305&filename=JSJS200407020	计算机时代	2004	2004年07期
略论几种Office应用程序中收藏夹的使用	http://sso.cdclib.org/interlibSSO/goto/6/=06190596Z93/kns55/detail.aspx?QueryID=28&CurRec=22&dbcode=cjfq&dbname=CJFD0305&filename=JSJS200407021	计算机时代	2004	2004年07期
Delphi中几种数据报表的生成方法	http://sso.cdclib.org/interlibSSO/goto/6/=06190596Z93/kns55/detail.aspx?QueryID=28&CurRec=23&dbcode=cjfq&dbname=CJFD0305&filename=JSJS200407022	计算机时代	2004	2004年07期
2004年下半年全国计算机软件考试11月6日举行	http://sso.cdclib.org/interlibSSO/goto/6/=06190596Z93/kns55/detail.aspx?QueryID=28&CurRec=24&dbcode=cjfq&dbname=CJFD0305&filename=JSJS200407023	计算机时代	2004	2004年07期
用VB6的Data控件存取数据库图片的新方法	http://sso.cdclib.org/interlibSSO/goto/6/=06190596Z93/kns55/detail.aspx?QueryID=28&CurRec=25&dbcode=cjfq&dbname=CJFD0305&filename=JSJS200407024	计算机时代	2004	2004年07期
电子商务时代ERP的应用与实施	http://sso.cdclib.org/interlibSSO/goto/6/=06190596Z93/kns55/detail.aspx?QueryID=28&CurRec=26&dbcode=cjfq&dbname=CJFD0305&filename=JSJS200407025	计算机时代	2004	2004年07期
蚁群算法的理论及其应用	http://sso.cdclib.org/interlibSSO/goto/6/=06190596Z93/kns55/detail.aspx?QueryID=33&CurRec=1&dbcode=cjfq&dbname=CJFD0305&filename=JSJS200406000	计算机时代	2004	2004年06期
Oracle基于磁盘竞争的解决方案	http://sso.cdclib.org/interlibSSO/goto/6/=06190596Z93/kns55/detail.aspx?QueryID=33&CurRec=2&dbcode=cjfq&dbname=CJFD0305&filename=JSJS200406001	计算机时代	2004	2004年06期
分布式技术及其应用概述	http://sso.cdclib.org/interlibSSO/goto/6/=06190596Z93/kns55/detail.aspx?QueryID=33&CurRec=3&dbcode=cjfq&dbname=CJFD0305&filename=JSJS200406002	计算机时代	2004	2004年06期
积件在教学软件中的应用	http://sso.cdclib.org/interlibSSO/goto/6/=06190596Z93/kns55/detail.aspx?QueryID=33&CurRec=4&dbcode=cjfq&dbname=CJFD0305&filename=JSJS200406003	计算机时代	2004	2004年06期
基于MPLS和IPSec的虚拟专用网的研究和比较	http://sso.cdclib.org/interlibSSO/goto/6/=06190596Z93/kns55/detail.aspx?QueryID=33&CurRec=5&dbcode=cjfq&dbname=CJFD0305&filename=JSJS200406004	计算机时代	2004	2004年06期
基于JMX的入侵检测系统	http://sso.cdclib.org/interlibSSO/goto/6/=06190596Z93/kns55/detail.aspx?QueryID=33&CurRec=6&dbcode=cjfq&dbname=CJFD0305&filename=JSJS200406005	计算机时代	2004	2004年06期
变电站操作票采用数字签名初步方案	http://sso.cdclib.org/interlibSSO/goto/6/=06190596Z93/kns55/detail.aspx?QueryID=33&CurRec=7&dbcode=cjfq&dbname=CJFD0305&filename=JSJS200406006	计算机时代	2004	2004年06期
一个应用于IPSec的综合鉴别模型	http://sso.cdclib.org/interlibSSO/goto/6/=06190596Z93/kns55/detail.aspx?QueryID=33&CurRec=8&dbcode=cjfq&dbname=CJFD0305&filename=JSJS200406007	计算机时代	2004	2004年06期
病毒常用激活伎俩	http://sso.cdclib.org/interlibSSO/goto/6/=06190596Z93/kns55/detail.aspx?QueryID=33&CurRec=9&dbcode=cjfq&dbname=CJFD0305&filename=JSJS200406008	计算机时代	2004	2004年06期
基于HART协议的智能流量仪表的研究与实现	http://sso.cdclib.org/interlibSSO/goto/6/=06190596Z93/kns55/detail.aspx?QueryID=33&CurRec=10&dbcode=cjfq&dbname=CJFD0305&filename=JSJS200406009	计算机时代	2004	2004年06期
产品全生命周期设计的信息表达与研究	http://sso.cdclib.org/interlibSSO/goto/6/=06190596Z93/kns55/detail.aspx?QueryID=33&CurRec=11&dbcode=cjfq&dbname=CJFD0305&filename=JSJS200406010	计算机时代	2004	2004年06期
Matlab在数学建模竞赛中的应用	http://sso.cdclib.org/interlibSSO/goto/6/=06190596Z93/kns55/detail.aspx?QueryID=33&CurRec=12&dbcode=cjfq&dbname=CJFD0305&filename=JSJS200406011	计算机时代	2004	2004年06期
实时操作系统RTLinux的分析与性能测试	http://sso.cdclib.org/interlibSSO/goto/6/=06190596Z93/kns55/detail.aspx?QueryID=33&CurRec=13&dbcode=cjfq&dbname=CJFD0305&filename=JSJS200406012	计算机时代	2004	2004年06期
用COM组件技术实现数字地图的自动接边	http://sso.cdclib.org/interlibSSO/goto/6/=06190596Z93/kns55/detail.aspx?QueryID=33&CurRec=14&dbcode=cjfq&dbname=CJFD0305&filename=JSJS200406013	计算机时代	2004	2004年06期
利用ADO.NET技术实现远程数据的管理	http://sso.cdclib.org/interlibSSO/goto/6/=06190596Z93/kns55/detail.aspx?QueryID=33&CurRec=15&dbcode=cjfq&dbname=CJFD0305&filename=JSJS200406014	计算机时代	2004	2004年06期
Linux平台下DNS服务器的实现与应用	http://sso.cdclib.org/interlibSSO/goto/6/=06190596Z93/kns55/detail.aspx?QueryID=33&CurRec=16&dbcode=cjfq&dbname=CJFD0305&filename=JSJS200406015	计算机时代	2004	2004年06期
使用Java编写Oracle存储过程	http://sso.cdclib.org/interlibSSO/goto/6/=06190596Z93/kns55/detail.aspx?QueryID=33&CurRec=17&dbcode=cjfq&dbname=CJFD0305&filename=JSJS200406016	计算机时代	2004	2004年06期
文本录入差错率统计的一种简易算法	http://sso.cdclib.org/interlibSSO/goto/6/=06190596Z93/kns55/detail.aspx?QueryID=33&CurRec=18&dbcode=cjfq&dbname=CJFD0305&filename=JSJS200406017	计算机时代	2004	2004年06期
在Web页中实现Windows网络驱动器映射	http://sso.cdclib.org/interlibSSO/goto/6/=06190596Z93/kns55/detail.aspx?QueryID=33&CurRec=19&dbcode=cjfq&dbname=CJFD0305&filename=JSJS200406018	计算机时代	2004	2004年06期
JSP应用中的几个技术问题	http://sso.cdclib.org/interlibSSO/goto/6/=06190596Z93/kns55/detail.aspx?QueryID=33&CurRec=20&dbcode=cjfq&dbname=CJFD0305&filename=JSJS200406019	计算机时代	2004	2004年06期
2004年上半年全国计算机技术与软件专业技术资格(水平)考试5月23日	http://sso.cdclib.org/interlibSSO/goto/6/=06190596Z93/kns55/detail.aspx?QueryID=33&CurRec=21&dbcode=cjfq&dbname=CJFD0305&filename=JSJS200406020	计算机时代	2004	2004年06期
浅谈医院信息网络安全管理	http://sso.cdclib.org/interlibSSO/goto/6/=06190596Z93/kns55/detail.aspx?QueryID=33&CurRec=22&dbcode=cjfq&dbname=CJFD0305&filename=JSJS200406021	计算机时代	2004	2004年06期
ERP应用的三种模式及案例	http://sso.cdclib.org/interlibSSO/goto/6/=06190596Z93/kns55/detail.aspx?QueryID=33&CurRec=23&dbcode=cjfq&dbname=CJFD0305&filename=JSJS200406022	计算机时代	2004	2004年06期
加速体绘制技术研究	http://sso.cdclib.org/interlibSSO/goto/6/=06190596Z93/kns55/detail.aspx?QueryID=38&CurRec=1&dbcode=cjfq&dbname=CJFD0305&filename=JSJS200405000	计算机时代	2004	2004年05期
单点登录技术研究	http://sso.cdclib.org/interlibSSO/goto/6/=06190596Z93/kns55/detail.aspx?QueryID=38&CurRec=2&dbcode=cjfq&dbname=CJFD0305&filename=JSJS200405001	计算机时代	2004	2004年05期
组件式GIS的矢量图形系统架构研究与实现	http://sso.cdclib.org/interlibSSO/goto/6/=06190596Z93/kns55/detail.aspx?QueryID=38&CurRec=3&dbcode=cjfq&dbname=CJFD0305&filename=JSJS200405002	计算机时代	2004	2004年05期
计算机网络安全的法律保护	http://sso.cdclib.org/interlibSSO/goto/6/=06190596Z93/kns55/detail.aspx?QueryID=38&CurRec=4&dbcode=cjfq&dbname=CJFD0305&filename=JSJS200405003	计算机时代	2004	2004年05期
浅谈访问控制技术	http://sso.cdclib.org/interlibSSO/goto/6/=06190596Z93/kns55/detail.aspx?QueryID=38&CurRec=5&dbcode=cjfq&dbname=CJFD0305&filename=JSJS200405004	计算机时代	2004	2004年05期
网络个性化信息服务综述	http://sso.cdclib.org/interlibSSO/goto/6/=06190596Z93/kns55/detail.aspx?QueryID=38&CurRec=6&dbcode=cjfq&dbname=CJFD0305&filename=JSJS200405005	计算机时代	2004	2004年05期
内容分发网络初探	http://sso.cdclib.org/interlibSSO/goto/6/=06190596Z93/kns55/detail.aspx?QueryID=38&CurRec=7&dbcode=cjfq&dbname=CJFD0305&filename=JSJS200405006	计算机时代	2004	2004年05期
2003年全国程序员考试上午试题评析	http://sso.cdclib.org/interlibSSO/goto/6/=06190596Z93/kns55/detail.aspx?QueryID=38&CurRec=8&dbcode=cjfq&dbname=CJFD0305&filename=JSJS200405007	计算机时代	2004	2004年05期
同等学力计算机硕士学位综合考试应考心得	http://sso.cdclib.org/interlibSSO/goto/6/=06190596Z93/kns55/detail.aspx?QueryID=38&CurRec=9&dbcode=cjfq&dbname=CJFD0305&filename=JSJS200405008	计算机时代	2004	2004年05期
基于Domino/Notes架构的区域电子政务系统解决方案	http://sso.cdclib.org/interlibSSO/goto/6/=06190596Z93/kns55/detail.aspx?QueryID=38&CurRec=10&dbcode=cjfq&dbname=CJFD0305&filename=JSJS200405009	计算机时代	2004	2004年05期
中间件TUXEDO在跨银行交易转接系统中的应用	http://sso.cdclib.org/interlibSSO/goto/6/=06190596Z93/kns55/detail.aspx?QueryID=38&CurRec=11&dbcode=cjfq&dbname=CJFD0305&filename=JSJS200405010	计算机时代	2004	2004年05期
综合布线系统的测试方法和过程	http://sso.cdclib.org/interlibSSO/goto/6/=06190596Z93/kns55/detail.aspx?QueryID=38&CurRec=12&dbcode=cjfq&dbname=CJFD0305&filename=JSJS200405011	计算机时代	2004	2004年05期
视频采集在医疗影像系统的应用	http://sso.cdclib.org/interlibSSO/goto/6/=06190596Z93/kns55/detail.aspx?QueryID=38&CurRec=13&dbcode=cjfq&dbname=CJFD0305&filename=JSJS200405012	计算机时代	2004	2004年05期
西湖龙井茶基地地理信息系统的开发	http://sso.cdclib.org/interlibSSO/goto/6/=06190596Z93/kns55/detail.aspx?QueryID=38&CurRec=14&dbcode=cjfq&dbname=CJFD0305&filename=JSJS200405013	计算机时代	2004	2004年05期
基于Agent的电力市场竞价交易系统	http://sso.cdclib.org/interlibSSO/goto/6/=06190596Z93/kns55/detail.aspx?QueryID=38&CurRec=15&dbcode=cjfq&dbname=CJFD0305&filename=JSJS200405014	计算机时代	2004	2004年05期
基于Web的汽车售后服务系统设计	http://sso.cdclib.org/interlibSSO/goto/6/=06190596Z93/kns55/detail.aspx?QueryID=38&CurRec=16&dbcode=cjfq&dbname=CJFD0305&filename=JSJS200405015	计算机时代	2004	2004年05期
计算机房的软件维护技术	http://sso.cdclib.org/interlibSSO/goto/6/=06190596Z93/kns55/detail.aspx?QueryID=38&CurRec=17&dbcode=cjfq&dbname=CJFD0305&filename=JSJS200405016	计算机时代	2004	2004年05期
动态生成PDF文档的Java实现	http://sso.cdclib.org/interlibSSO/goto/6/=06190596Z93/kns55/detail.aspx?QueryID=38&CurRec=18&dbcode=cjfq&dbname=CJFD0305&filename=JSJS200405017	计算机时代	2004	2004年05期
Power Builder中随机选号的实现	http://sso.cdclib.org/interlibSSO/goto/6/=06190596Z93/kns55/detail.aspx?QueryID=38&CurRec=19&dbcode=cjfq&dbname=CJFD0305&filename=JSJS200405018	计算机时代	2004	2004年05期
在Windows下实现配置FTP服务器	http://sso.cdclib.org/interlibSSO/goto/6/=06190596Z93/kns55/detail.aspx?QueryID=38&CurRec=20&dbcode=cjfq&dbname=CJFD0305&filename=JSJS200405019	计算机时代	2004	2004年05期
Java线程同步及其内存模型	http://sso.cdclib.org/interlibSSO/goto/6/=06190596Z93/kns55/detail.aspx?QueryID=38&CurRec=21&dbcode=cjfq&dbname=CJFD0305&filename=JSJS200405020	计算机时代	2004	2004年05期
基于Java的Web应用中动态图像的生成技术	http://sso.cdclib.org/interlibSSO/goto/6/=06190596Z93/kns55/detail.aspx?QueryID=38&CurRec=22&dbcode=cjfq&dbname=CJFD0305&filename=JSJS200405021	计算机时代	2004	2004年05期
当前软件过程改进模型与标准的比较分析	http://sso.cdclib.org/interlibSSO/goto/6/=06190596Z93/kns55/detail.aspx?QueryID=43&CurRec=1&dbcode=cjfq&dbname=CJFD0305&filename=JSJS200404000	计算机时代	2004	2004年04期
征稿启事	http://sso.cdclib.org/interlibSSO/goto/6/=06190596Z93/kns55/detail.aspx?QueryID=43&CurRec=2&dbcode=cjfq&dbname=CJFD0305&filename=JSJS200404001	计算机时代	2004	2004年04期
多源空间数据融合分析技术	http://sso.cdclib.org/interlibSSO/goto/6/=06190596Z93/kns55/detail.aspx?QueryID=43&CurRec=3&dbcode=cjfq&dbname=CJFD0305&filename=JSJS200404002	计算机时代	2004	2004年04期
分形图像压缩编码技术介绍	http://sso.cdclib.org/interlibSSO/goto/6/=06190596Z93/kns55/detail.aspx?QueryID=43&CurRec=4&dbcode=cjfq&dbname=CJFD0305&filename=JSJS200404003	计算机时代	2004	2004年04期
小型分布式系统中进程同步的实现	http://sso.cdclib.org/interlibSSO/goto/6/=06190596Z93/kns55/detail.aspx?QueryID=43&CurRec=5&dbcode=cjfq&dbname=CJFD0305&filename=JSJS200404004	计算机时代	2004	2004年04期
基于网格计算的安全体系结构分析	http://sso.cdclib.org/interlibSSO/goto/6/=06190596Z93/kns55/detail.aspx?QueryID=43&CurRec=6&dbcode=cjfq&dbname=CJFD0305&filename=JSJS200404005	计算机时代	2004	2004年04期
浅析防火墙的缺陷及安全隐患	http://sso.cdclib.org/interlibSSO/goto/6/=06190596Z93/kns55/detail.aspx?QueryID=43&CurRec=7&dbcode=cjfq&dbname=CJFD0305&filename=JSJS200404006	计算机时代	2004	2004年04期
加密算法在智能抄表系统中的应用	http://sso.cdclib.org/interlibSSO/goto/6/=06190596Z93/kns55/detail.aspx?QueryID=43&CurRec=8&dbcode=cjfq&dbname=CJFD0305&filename=JSJS200404007	计算机时代	2004	2004年04期
SET协议分析及改进的方案	http://sso.cdclib.org/interlibSSO/goto/6/=06190596Z93/kns55/detail.aspx?QueryID=43&CurRec=9&dbcode=cjfq&dbname=CJFD0305&filename=JSJS200404008	计算机时代	2004	2004年04期
数据挖掘与商业银行客户关系管理	http://sso.cdclib.org/interlibSSO/goto/6/=06190596Z93/kns55/detail.aspx?QueryID=43&CurRec=10&dbcode=cjfq&dbname=CJFD0305&filename=JSJS200404009	计算机时代	2004	2004年04期
CSCW环境下基于角色的并发控制策略	http://sso.cdclib.org/interlibSSO/goto/6/=06190596Z93/kns55/detail.aspx?QueryID=43&CurRec=11&dbcode=cjfq&dbname=CJFD0305&filename=JSJS200404010	计算机时代	2004	2004年04期
神经网络在企业信用评估中的应用研究	http://sso.cdclib.org/interlibSSO/goto/6/=06190596Z93/kns55/detail.aspx?QueryID=43&CurRec=12&dbcode=cjfq&dbname=CJFD0305&filename=JSJS200404011	计算机时代	2004	2004年04期
高校后勤采配物流系统的开发	http://sso.cdclib.org/interlibSSO/goto/6/=06190596Z93/kns55/detail.aspx?QueryID=43&CurRec=13&dbcode=cjfq&dbname=CJFD0305&filename=JSJS200404012	计算机时代	2004	2004年04期
SSR路由器的安全管理	http://sso.cdclib.org/interlibSSO/goto/6/=06190596Z93/kns55/detail.aspx?QueryID=43&CurRec=14&dbcode=cjfq&dbname=CJFD0305&filename=JSJS200404013	计算机时代	2004	2004年04期
一种高压缩比网络课件的生成及传输系统	http://sso.cdclib.org/interlibSSO/goto/6/=06190596Z93/kns55/detail.aspx?QueryID=43&CurRec=15&dbcode=cjfq&dbname=CJFD0305&filename=JSJS200404014	计算机时代	2004	2004年04期
用Delphi面向对象开发模式实现Matlab的调用	http://sso.cdclib.org/interlibSSO/goto/6/=06190596Z93/kns55/detail.aspx?QueryID=43&CurRec=16&dbcode=cjfq&dbname=CJFD0305&filename=JSJS200404015	计算机时代	2004	2004年04期
将应用程序Web化	http://sso.cdclib.org/interlibSSO/goto/6/=06190596Z93/kns55/detail.aspx?QueryID=43&CurRec=17&dbcode=cjfq&dbname=CJFD0305&filename=JSJS200404016	计算机时代	2004	2004年04期
利用Excel解决人力资源规划问题	http://sso.cdclib.org/interlibSSO/goto/6/=06190596Z93/kns55/detail.aspx?QueryID=43&CurRec=18&dbcode=cjfq&dbname=CJFD0305&filename=JSJS200404017	计算机时代	2004	2004年04期
Protel99中的常见问题及解决方法	http://sso.cdclib.org/interlibSSO/goto/6/=06190596Z93/kns55/detail.aspx?QueryID=43&CurRec=19&dbcode=cjfq&dbname=CJFD0305&filename=JSJS200404018	计算机时代	2004	2004年04期
浅论计算机系统中的虚拟资源与物理资源	http://sso.cdclib.org/interlibSSO/goto/6/=06190596Z93/kns55/detail.aspx?QueryID=43&CurRec=20&dbcode=cjfq&dbname=CJFD0305&filename=JSJS200404019	计算机时代	2004	2004年04期
基于J2ME的手机游戏程序的几个实现技巧	http://sso.cdclib.org/interlibSSO/goto/6/=06190596Z93/kns55/detail.aspx?QueryID=43&CurRec=21&dbcode=cjfq&dbname=CJFD0305&filename=JSJS200404020	计算机时代	2004	2004年04期
利用Matlab神经网络工具箱在VC++中进行形状识别	http://sso.cdclib.org/interlibSSO/goto/6/=06190596Z93/kns55/detail.aspx?QueryID=43&CurRec=22&dbcode=cjfq&dbname=CJFD0305&filename=JSJS200404021	计算机时代	2004	2004年04期
2003年度高级程序员试题及解答情况分析	http://sso.cdclib.org/interlibSSO/goto/6/=06190596Z93/kns55/detail.aspx?QueryID=43&CurRec=23&dbcode=cjfq&dbname=CJFD0305&filename=JSJS200404022	计算机时代	2004	2004年04期
国际计算机使用执照(ICDL)考试简介	http://sso.cdclib.org/interlibSSO/goto/6/=06190596Z93/kns55/detail.aspx?QueryID=43&CurRec=24&dbcode=cjfq&dbname=CJFD0305&filename=JSJS200404023	计算机时代	2004	2004年04期
拒绝垃圾邮件的一个方法	http://sso.cdclib.org/interlibSSO/goto/6/=06190596Z93/kns55/detail.aspx?QueryID=43&CurRec=25&dbcode=cjfq&dbname=CJFD0305&filename=JSJS200404024	计算机时代	2004	2004年04期
用敏捷型开发方法延长软件的生命周期	http://sso.cdclib.org/interlibSSO/goto/6/=06190596Z93/kns55/detail.aspx?QueryID=48&CurRec=1&dbcode=cjfq&dbname=CJFD0305&filename=JSJS200403000	计算机时代	2004	2004年03期
浅谈生物认证技术—指纹识别	http://sso.cdclib.org/interlibSSO/goto/6/=06190596Z93/kns55/detail.aspx?QueryID=48&CurRec=2&dbcode=cjfq&dbname=CJFD0305&filename=JSJS200403001	计算机时代	2004	2004年03期
网络信息安全技术——虚拟专用网	http://sso.cdclib.org/interlibSSO/goto/6/=06190596Z93/kns55/detail.aspx?QueryID=48&CurRec=3&dbcode=cjfq&dbname=CJFD0305&filename=JSJS200403002	计算机时代	2004	2004年03期
2004年全国计算机软件考试将执行新的暂行规定和实施办法	http://sso.cdclib.org/interlibSSO/goto/6/=06190596Z93/kns55/detail.aspx?QueryID=48&CurRec=4&dbcode=cjfq&dbname=CJFD0305&filename=JSJS200403003	计算机时代	2004	2004年03期
基于Netware平台的网络安全管理探析	http://sso.cdclib.org/interlibSSO/goto/6/=06190596Z93/kns55/detail.aspx?QueryID=48&CurRec=5&dbcode=cjfq&dbname=CJFD0305&filename=JSJS200403004	计算机时代	2004	2004年03期
一种新的网络数据加密方案	http://sso.cdclib.org/interlibSSO/goto/6/=06190596Z93/kns55/detail.aspx?QueryID=48&CurRec=6&dbcode=cjfq&dbname=CJFD0305&filename=JSJS200403005	计算机时代	2004	2004年03期
在J2ME上实现对数据的DES加密	http://sso.cdclib.org/interlibSSO/goto/6/=06190596Z93/kns55/detail.aspx?QueryID=48&CurRec=7&dbcode=cjfq&dbname=CJFD0305&filename=JSJS200403006	计算机时代	2004	2004年03期
数字指纹与数字签名的Java实现及应用	http://sso.cdclib.org/interlibSSO/goto/6/=06190596Z93/kns55/detail.aspx?QueryID=48&CurRec=8&dbcode=cjfq&dbname=CJFD0305&filename=JSJS200403007	计算机时代	2004	2004年03期
公交乘换分析的数据库设计及算法实现	http://sso.cdclib.org/interlibSSO/goto/6/=06190596Z93/kns55/detail.aspx?QueryID=48&CurRec=9&dbcode=cjfq&dbname=CJFD0305&filename=JSJS200403008	计算机时代	2004	2004年03期
虚拟企业CRM的功能模块和信息流分析	http://sso.cdclib.org/interlibSSO/goto/6/=06190596Z93/kns55/detail.aspx?QueryID=48&CurRec=10&dbcode=cjfq&dbname=CJFD0305&filename=JSJS200403009	计算机时代	2004	2004年03期
SET协议的分析与改进	http://sso.cdclib.org/interlibSSO/goto/6/=06190596Z93/kns55/detail.aspx?QueryID=48&CurRec=11&dbcode=cjfq&dbname=CJFD0305&filename=JSJS200403010	计算机时代	2004	2004年03期
C++中对象实现问题的探讨	http://sso.cdclib.org/interlibSSO/goto/6/=06190596Z93/kns55/detail.aspx?QueryID=48&CurRec=12&dbcode=cjfq&dbname=CJFD0305&filename=JSJS200403011	计算机时代	2004	2004年03期
用Perl实现对Zip压缩文档的处理	http://sso.cdclib.org/interlibSSO/goto/6/=06190596Z93/kns55/detail.aspx?QueryID=48&CurRec=13&dbcode=cjfq&dbname=CJFD0305&filename=JSJS200403012	计算机时代	2004	2004年03期
基于ADO技术的数据库转换系统	http://sso.cdclib.org/interlibSSO/goto/6/=06190596Z93/kns55/detail.aspx?QueryID=48&CurRec=14&dbcode=cjfq&dbname=CJFD0305&filename=JSJS200403013	计算机时代	2004	2004年03期
C/S结构进销存系统的设计与实现	http://sso.cdclib.org/interlibSSO/goto/6/=06190596Z93/kns55/detail.aspx?QueryID=48&CurRec=15&dbcode=cjfq&dbname=CJFD0305&filename=JSJS200403014	计算机时代	2004	2004年03期
Hard Word测试系统的分析与实现	http://sso.cdclib.org/interlibSSO/goto/6/=06190596Z93/kns55/detail.aspx?QueryID=48&CurRec=16&dbcode=cjfq&dbname=CJFD0305&filename=JSJS200403015	计算机时代	2004	2004年03期
通用试卷评价系统的设计与开发	http://sso.cdclib.org/interlibSSO/goto/6/=06190596Z93/kns55/detail.aspx?QueryID=48&CurRec=17&dbcode=cjfq&dbname=CJFD0305&filename=JSJS200403016	计算机时代	2004	2004年03期
银行客户经理考核系统的设计与实现	http://sso.cdclib.org/interlibSSO/goto/6/=06190596Z93/kns55/detail.aspx?QueryID=48&CurRec=18&dbcode=cjfq&dbname=CJFD0305&filename=JSJS200403017	计算机时代	2004	2004年03期
数据备份系统中自定义协议实现网络通信	http://sso.cdclib.org/interlibSSO/goto/6/=06190596Z93/kns55/detail.aspx?QueryID=48&CurRec=19&dbcode=cjfq&dbname=CJFD0305&filename=JSJS200403018	计算机时代	2004	2004年03期
网上投票技术安全性探讨	http://sso.cdclib.org/interlibSSO/goto/6/=06190596Z93/kns55/detail.aspx?QueryID=48&CurRec=20&dbcode=cjfq&dbname=CJFD0305&filename=JSJS200403019	计算机时代	2004	2004年03期
探索中国C2C网站的发展道路	http://sso.cdclib.org/interlibSSO/goto/6/=06190596Z93/kns55/detail.aspx?QueryID=48&CurRec=21&dbcode=cjfq&dbname=CJFD0305&filename=JSJS200403020	计算机时代	2004	2004年03期
产品型专用应用软件的用户维护	http://sso.cdclib.org/interlibSSO/goto/6/=06190596Z93/kns55/detail.aspx?QueryID=48&CurRec=22&dbcode=cjfq&dbname=CJFD0305&filename=JSJS200403021	计算机时代	2004	2004年03期
网络参数配置技巧	http://sso.cdclib.org/interlibSSO/goto/6/=06190596Z93/kns55/detail.aspx?QueryID=48&CurRec=23&dbcode=cjfq&dbname=CJFD0305&filename=JSJS200403022	计算机时代	2004	2004年03期
2003年度程序员试题及解答情况分析	http://sso.cdclib.org/interlibSSO/goto/6/=06190596Z93/kns55/detail.aspx?QueryID=48&CurRec=24&dbcode=cjfq&dbname=CJFD0305&filename=JSJS200403023	计算机时代	2004	2004年03期
现代密码理论新动向	http://sso.cdclib.org/interlibSSO/goto/6/=06190596Z93/kns55/detail.aspx?QueryID=53&CurRec=1&dbcode=cjfq&dbname=CJFD0305&filename=JSJS200402000	计算机时代	2004	2004年02期
可穿戴计算机军事应用研究	http://sso.cdclib.org/interlibSSO/goto/6/=06190596Z93/kns55/detail.aspx?QueryID=53&CurRec=2&dbcode=cjfq&dbname=CJFD0305&filename=JSJS200402001	计算机时代	2004	2004年02期
软件能力成熟度模型CMM的探讨	http://sso.cdclib.org/interlibSSO/goto/6/=06190596Z93/kns55/detail.aspx?QueryID=53&CurRec=3&dbcode=cjfq&dbname=CJFD0305&filename=JSJS200402002	计算机时代	2004	2004年02期
增强Web Services消息级别的安全性	http://sso.cdclib.org/interlibSSO/goto/6/=06190596Z93/kns55/detail.aspx?QueryID=53&CurRec=4&dbcode=cjfq&dbname=CJFD0305&filename=JSJS200402003	计算机时代	2004	2004年02期
基于Sybase数据库的安全技术研究	http://sso.cdclib.org/interlibSSO/goto/6/=06190596Z93/kns55/detail.aspx?QueryID=53&CurRec=5&dbcode=cjfq&dbname=CJFD0305&filename=JSJS200402004	计算机时代	2004	2004年02期
组件式GIS的研究与开发	http://sso.cdclib.org/interlibSSO/goto/6/=06190596Z93/kns55/detail.aspx?QueryID=53&CurRec=6&dbcode=cjfq&dbname=CJFD0305&filename=JSJS200402005	计算机时代	2004	2004年02期
基于Linux远程调试技术的分析	http://sso.cdclib.org/interlibSSO/goto/6/=06190596Z93/kns55/detail.aspx?QueryID=53&CurRec=7&dbcode=cjfq&dbname=CJFD0305&filename=JSJS200402006	计算机时代	2004	2004年02期
2003年度全国计算机软件专业技术资格和水平考试合格标准	http://sso.cdclib.org/interlibSSO/goto/6/=06190596Z93/kns55/detail.aspx?QueryID=53&CurRec=8&dbcode=cjfq&dbname=CJFD0305&filename=JSJS200402007	计算机时代	2004	2004年02期
CORBA中基于角色访问控制的实现	http://sso.cdclib.org/interlibSSO/goto/6/=06190596Z93/kns55/detail.aspx?QueryID=53&CurRec=9&dbcode=cjfq&dbname=CJFD0305&filename=JSJS200402008	计算机时代	2004	2004年02期
求解TSP问题的遗传算法实现	http://sso.cdclib.org/interlibSSO/goto/6/=06190596Z93/kns55/detail.aspx?QueryID=53&CurRec=10&dbcode=cjfq&dbname=CJFD0305&filename=JSJS200402009	计算机时代	2004	2004年02期
基于减小教室流动性的排课算法研究	http://sso.cdclib.org/interlibSSO/goto/6/=06190596Z93/kns55/detail.aspx?QueryID=53&CurRec=11&dbcode=cjfq&dbname=CJFD0305&filename=JSJS200402010	计算机时代	2004	2004年02期
利用Delphi实现数据库应用系统中Excel数据的处理	http://sso.cdclib.org/interlibSSO/goto/6/=06190596Z93/kns55/detail.aspx?QueryID=53&CurRec=12&dbcode=cjfq&dbname=CJFD0305&filename=JSJS200402011	计算机时代	2004	2004年02期
嵌套关系表的表达问题	http://sso.cdclib.org/interlibSSO/goto/6/=06190596Z93/kns55/detail.aspx?QueryID=53&CurRec=13&dbcode=cjfq&dbname=CJFD0305&filename=JSJS200402012	计算机时代	2004	2004年02期
LRU算法的研究及实现	http://sso.cdclib.org/interlibSSO/goto/6/=06190596Z93/kns55/detail.aspx?QueryID=53&CurRec=14&dbcode=cjfq&dbname=CJFD0305&filename=JSJS200402013	计算机时代	2004	2004年02期
电子商务中安全支付协议的对比及应用	http://sso.cdclib.org/interlibSSO/goto/6/=06190596Z93/kns55/detail.aspx?QueryID=53&CurRec=15&dbcode=cjfq&dbname=CJFD0305&filename=JSJS200402014	计算机时代	2004	2004年02期
浅谈计算机校园网设计	http://sso.cdclib.org/interlibSSO/goto/6/=06190596Z93/kns55/detail.aspx?QueryID=53&CurRec=16&dbcode=cjfq&dbname=CJFD0305&filename=JSJS200402015	计算机时代	2004	2004年02期
局域网上实现上网和电子邮件的教学	http://sso.cdclib.org/interlibSSO/goto/6/=06190596Z93/kns55/detail.aspx?QueryID=53&CurRec=17&dbcode=cjfq&dbname=CJFD0305&filename=JSJS200402016	计算机时代	2004	2004年02期
2003年度初级程序员试题及陕西省解答情况分析	http://sso.cdclib.org/interlibSSO/goto/6/=06190596Z93/kns55/detail.aspx?QueryID=53&CurRec=18&dbcode=cjfq&dbname=CJFD0305&filename=JSJS200402017	计算机时代	2004	2004年02期
温岭市企业信息化ERP应用与发展探讨	http://sso.cdclib.org/interlibSSO/goto/6/=06190596Z93/kns55/detail.aspx?QueryID=53&CurRec=19&dbcode=cjfq&dbname=CJFD0305&filename=JSJS200402018	计算机时代	2004	2004年02期
网络远程教学中流媒体技术的应用	http://sso.cdclib.org/interlibSSO/goto/6/=06190596Z93/kns55/detail.aspx?QueryID=53&CurRec=20&dbcode=cjfq&dbname=CJFD0305&filename=JSJS200402019	计算机时代	2004	2004年02期
API函数在PB中的应用	http://sso.cdclib.org/interlibSSO/goto/6/=06190596Z93/kns55/detail.aspx?QueryID=53&CurRec=21&dbcode=cjfq&dbname=CJFD0305&filename=JSJS200402020	计算机时代	2004	2004年02期
Windows2000终端服务的安全性探讨与研究	http://sso.cdclib.org/interlibSSO/goto/6/=06190596Z93/kns55/detail.aspx?QueryID=53&CurRec=22&dbcode=cjfq&dbname=CJFD0305&filename=JSJS200402021	计算机时代	2004	2004年02期
WinCE系统中多种图像的显示及其问题的解决	http://sso.cdclib.org/interlibSSO/goto/6/=06190596Z93/kns55/detail.aspx?QueryID=53&CurRec=23&dbcode=cjfq&dbname=CJFD0305&filename=JSJS200402022	计算机时代	2004	2004年02期
WAP技术及其在GPRS网上的实现	http://sso.cdclib.org/interlibSSO/goto/6/=06190596Z93/kns55/detail.aspx?QueryID=58&CurRec=1&dbcode=cjfq&dbname=CJFD0305&filename=JSJS200401000	计算机时代	2004	2004年01期
SQL多媒体及应用包(SQL/MM)	http://sso.cdclib.org/interlibSSO/goto/6/=06190596Z93/kns55/detail.aspx?QueryID=58&CurRec=2&dbcode=cjfq&dbname=CJFD0305&filename=JSJS200401001	计算机时代	2004	2004年01期
UML信息系统建模问题初探	http://sso.cdclib.org/interlibSSO/goto/6/=06190596Z93/kns55/detail.aspx?QueryID=58&CurRec=3&dbcode=cjfq&dbname=CJFD0305&filename=JSJS200401002	计算机时代	2004	2004年01期
网页可用性及其原则的理解	http://sso.cdclib.org/interlibSSO/goto/6/=06190596Z93/kns55/detail.aspx?QueryID=58&CurRec=4&dbcode=cjfq&dbname=CJFD0305&filename=JSJS200401003	计算机时代	2004	2004年01期
机群系统网络通信性能的研究	http://sso.cdclib.org/interlibSSO/goto/6/=06190596Z93/kns55/detail.aspx?QueryID=58&CurRec=5&dbcode=cjfq&dbname=CJFD0305&filename=JSJS200401004	计算机时代	2004	2004年01期
网上书店的设计与实施	http://sso.cdclib.org/interlibSSO/goto/6/=06190596Z93/kns55/detail.aspx?QueryID=58&CurRec=6&dbcode=cjfq&dbname=CJFD0305&filename=JSJS200401005	计算机时代	2004	2004年01期
基于J2ME的手机电子商务技术分析	http://sso.cdclib.org/interlibSSO/goto/6/=06190596Z93/kns55/detail.aspx?QueryID=58&CurRec=7&dbcode=cjfq&dbname=CJFD0305&filename=JSJS200401006	计算机时代	2004	2004年01期
浅谈计算机网络犯罪	http://sso.cdclib.org/interlibSSO/goto/6/=06190596Z93/kns55/detail.aspx?QueryID=58&CurRec=8&dbcode=cjfq&dbname=CJFD0305&filename=JSJS200401007	计算机时代	2004	2004年01期
数据库权限管理的一种新模式	http://sso.cdclib.org/interlibSSO/goto/6/=06190596Z93/kns55/detail.aspx?QueryID=58&CurRec=9&dbcode=cjfq&dbname=CJFD0305&filename=JSJS200401008	计算机时代	2004	2004年01期
基于UML的光盘管理系统的设计与实现	http://sso.cdclib.org/interlibSSO/goto/6/=06190596Z93/kns55/detail.aspx?QueryID=58&CurRec=10&dbcode=cjfq&dbname=CJFD0305&filename=JSJS200401009	计算机时代	2004	2004年01期
基于J2EE的GIS与企业应用系统集成方案探讨	http://sso.cdclib.org/interlibSSO/goto/6/=06190596Z93/kns55/detail.aspx?QueryID=58&CurRec=11&dbcode=cjfq&dbname=CJFD0305&filename=JSJS200401010	计算机时代	2004	2004年01期
线程池数据库服务器的设计与实现	http://sso.cdclib.org/interlibSSO/goto/6/=06190596Z93/kns55/detail.aspx?QueryID=58&CurRec=12&dbcode=cjfq&dbname=CJFD0305&filename=JSJS200401011	计算机时代	2004	2004年01期
基于C/S的多路实时数据通信的研究	http://sso.cdclib.org/interlibSSO/goto/6/=06190596Z93/kns55/detail.aspx?QueryID=58&CurRec=13&dbcode=cjfq&dbname=CJFD0305&filename=JSJS200401012	计算机时代	2004	2004年01期
生产调度与遗传算法	http://sso.cdclib.org/interlibSSO/goto/6/=06190596Z93/kns55/detail.aspx?QueryID=58&CurRec=14&dbcode=cjfq&dbname=CJFD0305&filename=JSJS200401013	计算机时代	2004	2004年01期
实现基于WinXP+Win98双系统下IE资源共享的方法	http://sso.cdclib.org/interlibSSO/goto/6/=06190596Z93/kns55/detail.aspx?QueryID=58&CurRec=15&dbcode=cjfq&dbname=CJFD0305&filename=JSJS200401014	计算机时代	2004	2004年01期
用JDBC-ODBC桥接器连接Access数据库的方法探析	http://sso.cdclib.org/interlibSSO/goto/6/=06190596Z93/kns55/detail.aspx?QueryID=58&CurRec=16&dbcode=cjfq&dbname=CJFD0305&filename=JSJS200401015	计算机时代	2004	2004年01期
基于XML的EDI单证研究与开发	http://sso.cdclib.org/interlibSSO/goto/6/=06190596Z93/kns55/detail.aspx?QueryID=58&CurRec=17&dbcode=cjfq&dbname=CJFD0305&filename=JSJS200401016	计算机时代	2004	2004年01期
随意绘图的电子教学白板软件的实现	http://sso.cdclib.org/interlibSSO/goto/6/=06190596Z93/kns55/detail.aspx?QueryID=58&CurRec=18&dbcode=cjfq&dbname=CJFD0305&filename=JSJS200401017	计算机时代	2004	2004年01期
巧用台式DVD刻录机定制笔记本系统DVD引导型恢复盘	http://sso.cdclib.org/interlibSSO/goto/6/=06190596Z93/kns55/detail.aspx?QueryID=58&CurRec=19&dbcode=cjfq&dbname=CJFD0305&filename=JSJS200401018	计算机时代	2004	2004年01期
用Flash设计基于Web的多媒体课件	http://sso.cdclib.org/interlibSSO/goto/6/=06190596Z93/kns55/detail.aspx?QueryID=58&CurRec=20&dbcode=cjfq&dbname=CJFD0305&filename=JSJS200401019	计算机时代	2004	2004年01期
使用Visual C++编程演示曼德布罗分形图	http://sso.cdclib.org/interlibSSO/goto/6/=06190596Z93/kns55/detail.aspx?QueryID=58&CurRec=21&dbcode=cjfq&dbname=CJFD0305&filename=JSJS200401020	计算机时代	2004	2004年01期
CRM在电信行业中的应用与技术	http://sso.cdclib.org/interlibSSO/goto/6/=06190596Z93/kns55/detail.aspx?QueryID=58&CurRec=22&dbcode=cjfq&dbname=CJFD0305&filename=JSJS200401021	计算机时代	2004	2004年01期
