简讯	http://sso.cdclib.org/interlibSSO/goto/6/=06190596Z93/kns55/detail.aspx?QueryID=3&CurRec=1&dbcode=cjfq&dbname=CJFD0305&filename=XDJS200312000	现代计算机(专业版)	2003	2003年12期
一个通用的OLAP体系结构	http://sso.cdclib.org/interlibSSO/goto/6/=06190596Z93/kns55/detail.aspx?QueryID=3&CurRec=2&dbcode=cjfq&dbname=CJFD0305&filename=XDJS200312001	现代计算机(专业版)	2003	2003年12期
Linux内核动态更新机制的分析与应用	http://sso.cdclib.org/interlibSSO/goto/6/=06190596Z93/kns55/detail.aspx?QueryID=3&CurRec=3&dbcode=cjfq&dbname=CJFD0305&filename=XDJS200312002	现代计算机(专业版)	2003	2003年12期
数据挖掘在PACS系统中的应用	http://sso.cdclib.org/interlibSSO/goto/6/=06190596Z93/kns55/detail.aspx?QueryID=3&CurRec=4&dbcode=cjfq&dbname=CJFD0305&filename=XDJS200312003	现代计算机(专业版)	2003	2003年12期
基于净室规则的CMM及其应用	http://sso.cdclib.org/interlibSSO/goto/6/=06190596Z93/kns55/detail.aspx?QueryID=3&CurRec=5&dbcode=cjfq&dbname=CJFD0305&filename=XDJS200312004	现代计算机(专业版)	2003	2003年12期
基于CORBA的SNMP中间件模型的研究	http://sso.cdclib.org/interlibSSO/goto/6/=06190596Z93/kns55/detail.aspx?QueryID=3&CurRec=6&dbcode=cjfq&dbname=CJFD0305&filename=XDJS200312005	现代计算机(专业版)	2003	2003年12期
SNMP Trap机制在网络故障管理中的应用	http://sso.cdclib.org/interlibSSO/goto/6/=06190596Z93/kns55/detail.aspx?QueryID=3&CurRec=7&dbcode=cjfq&dbname=CJFD0305&filename=XDJS200312006	现代计算机(专业版)	2003	2003年12期
Web服务安全策略研究	http://sso.cdclib.org/interlibSSO/goto/6/=06190596Z93/kns55/detail.aspx?QueryID=3&CurRec=8&dbcode=cjfq&dbname=CJFD0305&filename=XDJS200312007	现代计算机(专业版)	2003	2003年12期
猜测TCP序列号攻击的原理与对策	http://sso.cdclib.org/interlibSSO/goto/6/=06190596Z93/kns55/detail.aspx?QueryID=3&CurRec=9&dbcode=cjfq&dbname=CJFD0305&filename=XDJS200312008	现代计算机(专业版)	2003	2003年12期
一种决策模型的自动生成及管理系统	http://sso.cdclib.org/interlibSSO/goto/6/=06190596Z93/kns55/detail.aspx?QueryID=3&CurRec=10&dbcode=cjfq&dbname=CJFD0305&filename=XDJS200312009	现代计算机(专业版)	2003	2003年12期
基于.NET平台和B/S结构的第三方客户端物流管理系统的设计	http://sso.cdclib.org/interlibSSO/goto/6/=06190596Z93/kns55/detail.aspx?QueryID=3&CurRec=11&dbcode=cjfq&dbname=CJFD0305&filename=XDJS200312010	现代计算机(专业版)	2003	2003年12期
IP骨干网交换机的选型分析	http://sso.cdclib.org/interlibSSO/goto/6/=06190596Z93/kns55/detail.aspx?QueryID=3&CurRec=12&dbcode=cjfq&dbname=CJFD0305&filename=XDJS200312011	现代计算机(专业版)	2003	2003年12期
企业管理的业务流程重组	http://sso.cdclib.org/interlibSSO/goto/6/=06190596Z93/kns55/detail.aspx?QueryID=3&CurRec=13&dbcode=cjfq&dbname=CJFD0305&filename=XDJS200312012	现代计算机(专业版)	2003	2003年12期
新型USB移动存储的应用	http://sso.cdclib.org/interlibSSO/goto/6/=06190596Z93/kns55/detail.aspx?QueryID=3&CurRec=14&dbcode=cjfq&dbname=CJFD0305&filename=XDJS200312013	现代计算机(专业版)	2003	2003年12期
关于《软件工程》课程教学中条件覆盖方法的讨论	http://sso.cdclib.org/interlibSSO/goto/6/=06190596Z93/kns55/detail.aspx?QueryID=3&CurRec=15&dbcode=cjfq&dbname=CJFD0305&filename=XDJS200312014	现代计算机(专业版)	2003	2003年12期
科学与创新——计算机专业基础课教学的改革思路	http://sso.cdclib.org/interlibSSO/goto/6/=06190596Z93/kns55/detail.aspx?QueryID=3&CurRec=16&dbcode=cjfq&dbname=CJFD0305&filename=XDJS200312015	现代计算机(专业版)	2003	2003年12期
带头结点的双向链表算法讨论	http://sso.cdclib.org/interlibSSO/goto/6/=06190596Z93/kns55/detail.aspx?QueryID=3&CurRec=17&dbcode=cjfq&dbname=CJFD0305&filename=XDJS200312016	现代计算机(专业版)	2003	2003年12期
编译环境可视化中数组动态可视化算法的实现	http://sso.cdclib.org/interlibSSO/goto/6/=06190596Z93/kns55/detail.aspx?QueryID=3&CurRec=18&dbcode=cjfq&dbname=CJFD0305&filename=XDJS200312017	现代计算机(专业版)	2003	2003年12期
重排九宫问题的分析与实现	http://sso.cdclib.org/interlibSSO/goto/6/=06190596Z93/kns55/detail.aspx?QueryID=3&CurRec=19&dbcode=cjfq&dbname=CJFD0305&filename=XDJS200312018	现代计算机(专业版)	2003	2003年12期
数据仓库中的数据集成转换	http://sso.cdclib.org/interlibSSO/goto/6/=06190596Z93/kns55/detail.aspx?QueryID=3&CurRec=20&dbcode=cjfq&dbname=CJFD0305&filename=XDJS200312019	现代计算机(专业版)	2003	2003年12期
应用程序中地图操作的处理和编程方法	http://sso.cdclib.org/interlibSSO/goto/6/=06190596Z93/kns55/detail.aspx?QueryID=3&CurRec=21&dbcode=cjfq&dbname=CJFD0305&filename=XDJS200312020	现代计算机(专业版)	2003	2003年12期
MIS系统中不同数据平台数据集成技术的实现	http://sso.cdclib.org/interlibSSO/goto/6/=06190596Z93/kns55/detail.aspx?QueryID=3&CurRec=22&dbcode=cjfq&dbname=CJFD0305&filename=XDJS200312021	现代计算机(专业版)	2003	2003年12期
用TTS技术开发具有文本朗读功能的应用程序	http://sso.cdclib.org/interlibSSO/goto/6/=06190596Z93/kns55/detail.aspx?QueryID=3&CurRec=23&dbcode=cjfq&dbname=CJFD0305&filename=XDJS200312022	现代计算机(专业版)	2003	2003年12期
用Google Web API实现网页搜索	http://sso.cdclib.org/interlibSSO/goto/6/=06190596Z93/kns55/detail.aspx?QueryID=3&CurRec=24&dbcode=cjfq&dbname=CJFD0305&filename=XDJS200312023	现代计算机(专业版)	2003	2003年12期
现代计算机2003年全年目录一览表	http://sso.cdclib.org/interlibSSO/goto/6/=06190596Z93/kns55/detail.aspx?QueryID=3&CurRec=25&dbcode=cjfq&dbname=CJFD0305&filename=XDJS200312024	现代计算机(专业版)	2003	2003年12期
简讯	http://sso.cdclib.org/interlibSSO/goto/6/=06190596Z93/kns55/detail.aspx?QueryID=8&CurRec=1&dbcode=cjfq&dbname=CJFD0305&filename=XDJS200311000	现代计算机(专业版)	2003	2003年11期
数据集成中的一种数据合并技术	http://sso.cdclib.org/interlibSSO/goto/6/=06190596Z93/kns55/detail.aspx?QueryID=8&CurRec=2&dbcode=cjfq&dbname=CJFD0305&filename=XDJS200311001	现代计算机(专业版)	2003	2003年11期
基于决策树的税务数据分析	http://sso.cdclib.org/interlibSSO/goto/6/=06190596Z93/kns55/detail.aspx?QueryID=8&CurRec=3&dbcode=cjfq&dbname=CJFD0305&filename=XDJS200311002	现代计算机(专业版)	2003	2003年11期
XML在分布式数据同步中的应用研究	http://sso.cdclib.org/interlibSSO/goto/6/=06190596Z93/kns55/detail.aspx?QueryID=8&CurRec=4&dbcode=cjfq&dbname=CJFD0305&filename=XDJS200311003	现代计算机(专业版)	2003	2003年11期
活动目录在分布式设备管理中的应用	http://sso.cdclib.org/interlibSSO/goto/6/=06190596Z93/kns55/detail.aspx?QueryID=8&CurRec=5&dbcode=cjfq&dbname=CJFD0305&filename=XDJS200311004	现代计算机(专业版)	2003	2003年11期
基于TMS320C67xxDSP的软件开发及优化	http://sso.cdclib.org/interlibSSO/goto/6/=06190596Z93/kns55/detail.aspx?QueryID=8&CurRec=6&dbcode=cjfq&dbname=CJFD0305&filename=XDJS200311005	现代计算机(专业版)	2003	2003年11期
CAX软件的数据交换技术	http://sso.cdclib.org/interlibSSO/goto/6/=06190596Z93/kns55/detail.aspx?QueryID=8&CurRec=7&dbcode=cjfq&dbname=CJFD0305&filename=XDJS200311006	现代计算机(专业版)	2003	2003年11期
数学形态学流域分割算法在遥感影像水系图图像分割中的应用	http://sso.cdclib.org/interlibSSO/goto/6/=06190596Z93/kns55/detail.aspx?QueryID=8&CurRec=8&dbcode=cjfq&dbname=CJFD0305&filename=XDJS200311007	现代计算机(专业版)	2003	2003年11期
基于画圆算法的简单弧形贴图算法	http://sso.cdclib.org/interlibSSO/goto/6/=06190596Z93/kns55/detail.aspx?QueryID=8&CurRec=9&dbcode=cjfq&dbname=CJFD0305&filename=XDJS200311008	现代计算机(专业版)	2003	2003年11期
基于内容的音频检索关键技术研究	http://sso.cdclib.org/interlibSSO/goto/6/=06190596Z93/kns55/detail.aspx?QueryID=8&CurRec=10&dbcode=cjfq&dbname=CJFD0305&filename=XDJS200311009	现代计算机(专业版)	2003	2003年11期
智能光网络及其发展方向	http://sso.cdclib.org/interlibSSO/goto/6/=06190596Z93/kns55/detail.aspx?QueryID=8&CurRec=11&dbcode=cjfq&dbname=CJFD0305&filename=XDJS200311010	现代计算机(专业版)	2003	2003年11期
I_IDEA算法设计及性能分析	http://sso.cdclib.org/interlibSSO/goto/6/=06190596Z93/kns55/detail.aspx?QueryID=8&CurRec=12&dbcode=cjfq&dbname=CJFD0305&filename=XDJS200311011	现代计算机(专业版)	2003	2003年11期
建立在Microsoft.NET框架基础上移动Agent系统的安全模型及其实现	http://sso.cdclib.org/interlibSSO/goto/6/=06190596Z93/kns55/detail.aspx?QueryID=8&CurRec=13&dbcode=cjfq&dbname=CJFD0305&filename=XDJS200311012	现代计算机(专业版)	2003	2003年11期
Web认证及802.1x认证的比较	http://sso.cdclib.org/interlibSSO/goto/6/=06190596Z93/kns55/detail.aspx?QueryID=8&CurRec=14&dbcode=cjfq&dbname=CJFD0305&filename=XDJS200311013	现代计算机(专业版)	2003	2003年11期
基于Windows 2000 Web访问控制的探讨	http://sso.cdclib.org/interlibSSO/goto/6/=06190596Z93/kns55/detail.aspx?QueryID=8&CurRec=15&dbcode=cjfq&dbname=CJFD0305&filename=XDJS200311014	现代计算机(专业版)	2003	2003年11期
智能多媒体网络CAI课件的设计开发	http://sso.cdclib.org/interlibSSO/goto/6/=06190596Z93/kns55/detail.aspx?QueryID=8&CurRec=16&dbcode=cjfq&dbname=CJFD0305&filename=XDJS200311015	现代计算机(专业版)	2003	2003年11期
端到端移动数据业务质量评估系统的实现	http://sso.cdclib.org/interlibSSO/goto/6/=06190596Z93/kns55/detail.aspx?QueryID=8&CurRec=17&dbcode=cjfq&dbname=CJFD0305&filename=XDJS200311016	现代计算机(专业版)	2003	2003年11期
一种基于校园网考试系统的设计及实现	http://sso.cdclib.org/interlibSSO/goto/6/=06190596Z93/kns55/detail.aspx?QueryID=8&CurRec=18&dbcode=cjfq&dbname=CJFD0305&filename=XDJS200311017	现代计算机(专业版)	2003	2003年11期
B/S模式教学管理信息系统的实现	http://sso.cdclib.org/interlibSSO/goto/6/=06190596Z93/kns55/detail.aspx?QueryID=8&CurRec=19&dbcode=cjfq&dbname=CJFD0305&filename=XDJS200311018	现代计算机(专业版)	2003	2003年11期
基于Oracle9i Spatial空间数据库的设计与实现	http://sso.cdclib.org/interlibSSO/goto/6/=06190596Z93/kns55/detail.aspx?QueryID=8&CurRec=20&dbcode=cjfq&dbname=CJFD0305&filename=XDJS200311019	现代计算机(专业版)	2003	2003年11期
基于MapBasic和VisualC++的模拟航运导航预警系统的实现	http://sso.cdclib.org/interlibSSO/goto/6/=06190596Z93/kns55/detail.aspx?QueryID=8&CurRec=21&dbcode=cjfq&dbname=CJFD0305&filename=XDJS200311020	现代计算机(专业版)	2003	2003年11期
使用XML进行异构数据库间数据传送	http://sso.cdclib.org/interlibSSO/goto/6/=06190596Z93/kns55/detail.aspx?QueryID=8&CurRec=22&dbcode=cjfq&dbname=CJFD0305&filename=XDJS200311021	现代计算机(专业版)	2003	2003年11期
用VC++开发管理从事过程控制大型数据库的应用程序	http://sso.cdclib.org/interlibSSO/goto/6/=06190596Z93/kns55/detail.aspx?QueryID=8&CurRec=23&dbcode=cjfq&dbname=CJFD0305&filename=XDJS200311022	现代计算机(专业版)	2003	2003年11期
构造基于Iframe的ASP数据处理方式	http://sso.cdclib.org/interlibSSO/goto/6/=06190596Z93/kns55/detail.aspx?QueryID=8&CurRec=24&dbcode=cjfq&dbname=CJFD0305&filename=XDJS200311023	现代计算机(专业版)	2003	2003年11期
地球运动与季节变换立体动画设计	http://sso.cdclib.org/interlibSSO/goto/6/=06190596Z93/kns55/detail.aspx?QueryID=8&CurRec=25&dbcode=cjfq&dbname=CJFD0305&filename=XDJS200311024	现代计算机(专业版)	2003	2003年11期
编译技术在排版的应用	http://sso.cdclib.org/interlibSSO/goto/6/=06190596Z93/kns55/detail.aspx?QueryID=8&CurRec=26&dbcode=cjfq&dbname=CJFD0305&filename=XDJS200311025	现代计算机(专业版)	2003	2003年11期
浅析Delphi中串行通信的实现	http://sso.cdclib.org/interlibSSO/goto/6/=06190596Z93/kns55/detail.aspx?QueryID=8&CurRec=27&dbcode=cjfq&dbname=CJFD0305&filename=XDJS200311026	现代计算机(专业版)	2003	2003年11期
简讯	http://sso.cdclib.org/interlibSSO/goto/6/=06190596Z93/kns55/detail.aspx?QueryID=13&CurRec=1&dbcode=cjfq&dbname=CJFD0305&filename=XDJS200310000	现代计算机(专业版)	2003	2003年10期
关系代数操作符的时态扩展	http://sso.cdclib.org/interlibSSO/goto/6/=06190596Z93/kns55/detail.aspx?QueryID=13&CurRec=2&dbcode=cjfq&dbname=CJFD0305&filename=XDJS200310001	现代计算机(专业版)	2003	2003年10期
体视化中体数据的内存调度与管理	http://sso.cdclib.org/interlibSSO/goto/6/=06190596Z93/kns55/detail.aspx?QueryID=13&CurRec=3&dbcode=cjfq&dbname=CJFD0305&filename=XDJS200310002	现代计算机(专业版)	2003	2003年10期
软件配置管理与ClearCase	http://sso.cdclib.org/interlibSSO/goto/6/=06190596Z93/kns55/detail.aspx?QueryID=13&CurRec=4&dbcode=cjfq&dbname=CJFD0305&filename=XDJS200310003	现代计算机(专业版)	2003	2003年10期
基于EJB和Web服务的企业应用集成	http://sso.cdclib.org/interlibSSO/goto/6/=06190596Z93/kns55/detail.aspx?QueryID=13&CurRec=5&dbcode=cjfq&dbname=CJFD0305&filename=XDJS200310004	现代计算机(专业版)	2003	2003年10期
Oracle9i数据库性能调整方法之研究	http://sso.cdclib.org/interlibSSO/goto/6/=06190596Z93/kns55/detail.aspx?QueryID=13&CurRec=6&dbcode=cjfq&dbname=CJFD0305&filename=XDJS200310005	现代计算机(专业版)	2003	2003年10期
基于等高线的三维地形造型和可视化技术研究	http://sso.cdclib.org/interlibSSO/goto/6/=06190596Z93/kns55/detail.aspx?QueryID=13&CurRec=7&dbcode=cjfq&dbname=CJFD0305&filename=XDJS200310006	现代计算机(专业版)	2003	2003年10期
一种基于立方单元体的三维模型的构造方法及算法分析	http://sso.cdclib.org/interlibSSO/goto/6/=06190596Z93/kns55/detail.aspx?QueryID=13&CurRec=8&dbcode=cjfq&dbname=CJFD0305&filename=XDJS200310007	现代计算机(专业版)	2003	2003年10期
分布式过程监控与仿真中的远程数据通信设计及实现	http://sso.cdclib.org/interlibSSO/goto/6/=06190596Z93/kns55/detail.aspx?QueryID=13&CurRec=9&dbcode=cjfq&dbname=CJFD0305&filename=XDJS200310008	现代计算机(专业版)	2003	2003年10期
实施区级政府电子政务应用支撑平台初探	http://sso.cdclib.org/interlibSSO/goto/6/=06190596Z93/kns55/detail.aspx?QueryID=13&CurRec=10&dbcode=cjfq&dbname=CJFD0305&filename=XDJS200310009	现代计算机(专业版)	2003	2003年10期
基于千兆以太网的数字视频监控系统在地铁中的应用	http://sso.cdclib.org/interlibSSO/goto/6/=06190596Z93/kns55/detail.aspx?QueryID=13&CurRec=11&dbcode=cjfq&dbname=CJFD0305&filename=XDJS200310010	现代计算机(专业版)	2003	2003年10期
基于ADO数据访问技术的监狱管理系统	http://sso.cdclib.org/interlibSSO/goto/6/=06190596Z93/kns55/detail.aspx?QueryID=13&CurRec=12&dbcode=cjfq&dbname=CJFD0305&filename=XDJS200310011	现代计算机(专业版)	2003	2003年10期
网络负载均衡的企业应用	http://sso.cdclib.org/interlibSSO/goto/6/=06190596Z93/kns55/detail.aspx?QueryID=13&CurRec=13&dbcode=cjfq&dbname=CJFD0305&filename=XDJS200310012	现代计算机(专业版)	2003	2003年10期
防火墙技术及其改进	http://sso.cdclib.org/interlibSSO/goto/6/=06190596Z93/kns55/detail.aspx?QueryID=13&CurRec=14&dbcode=cjfq&dbname=CJFD0305&filename=XDJS200310013	现代计算机(专业版)	2003	2003年10期
分布式多媒体信息系统的安全控制	http://sso.cdclib.org/interlibSSO/goto/6/=06190596Z93/kns55/detail.aspx?QueryID=13&CurRec=15&dbcode=cjfq&dbname=CJFD0305&filename=XDJS200310014	现代计算机(专业版)	2003	2003年10期
移动电子商务框架及其应用要件	http://sso.cdclib.org/interlibSSO/goto/6/=06190596Z93/kns55/detail.aspx?QueryID=13&CurRec=16&dbcode=cjfq&dbname=CJFD0305&filename=XDJS200310015	现代计算机(专业版)	2003	2003年10期
以太网物理拓扑发现的研究及实现	http://sso.cdclib.org/interlibSSO/goto/6/=06190596Z93/kns55/detail.aspx?QueryID=13&CurRec=17&dbcode=cjfq&dbname=CJFD0305&filename=XDJS200310016	现代计算机(专业版)	2003	2003年10期
个性化Web页教材动态构建的初步研究	http://sso.cdclib.org/interlibSSO/goto/6/=06190596Z93/kns55/detail.aspx?QueryID=13&CurRec=18&dbcode=cjfq&dbname=CJFD0305&filename=XDJS200310017	现代计算机(专业版)	2003	2003年10期
浅论新一代CAI软件——积件	http://sso.cdclib.org/interlibSSO/goto/6/=06190596Z93/kns55/detail.aspx?QueryID=13&CurRec=19&dbcode=cjfq&dbname=CJFD0305&filename=XDJS200310018	现代计算机(专业版)	2003	2003年10期
基于eZ publish的网站实现方法	http://sso.cdclib.org/interlibSSO/goto/6/=06190596Z93/kns55/detail.aspx?QueryID=13&CurRec=20&dbcode=cjfq&dbname=CJFD0305&filename=XDJS200310019	现代计算机(专业版)	2003	2003年10期
基于MATLAB优化工具箱的最优投资方案的设计与实现	http://sso.cdclib.org/interlibSSO/goto/6/=06190596Z93/kns55/detail.aspx?QueryID=13&CurRec=21&dbcode=cjfq&dbname=CJFD0305&filename=XDJS200310020	现代计算机(专业版)	2003	2003年10期
在C++Builder中使用Microsoft Agent技术	http://sso.cdclib.org/interlibSSO/goto/6/=06190596Z93/kns55/detail.aspx?QueryID=13&CurRec=22&dbcode=cjfq&dbname=CJFD0305&filename=XDJS200310021	现代计算机(专业版)	2003	2003年10期
一个用Delphi实现的文件夹实时监控系统	http://sso.cdclib.org/interlibSSO/goto/6/=06190596Z93/kns55/detail.aspx?QueryID=13&CurRec=23&dbcode=cjfq&dbname=CJFD0305&filename=XDJS200310022	现代计算机(专业版)	2003	2003年10期
ADV611芯片在视频压缩系统中的应用	http://sso.cdclib.org/interlibSSO/goto/6/=06190596Z93/kns55/detail.aspx?QueryID=13&CurRec=24&dbcode=cjfq&dbname=CJFD0305&filename=XDJS200310023	现代计算机(专业版)	2003	2003年10期
利用Speech SDK实现中英文全文朗读	http://sso.cdclib.org/interlibSSO/goto/6/=06190596Z93/kns55/detail.aspx?QueryID=13&CurRec=25&dbcode=cjfq&dbname=CJFD0305&filename=XDJS200310024	现代计算机(专业版)	2003	2003年10期
网络技术在市政管理局中的应用	http://sso.cdclib.org/interlibSSO/goto/6/=06190596Z93/kns55/detail.aspx?QueryID=13&CurRec=26&dbcode=cjfq&dbname=CJFD0305&filename=XDJS200310025	现代计算机(专业版)	2003	2003年10期
基于GIS的交通问路系统	http://sso.cdclib.org/interlibSSO/goto/6/=06190596Z93/kns55/detail.aspx?QueryID=13&CurRec=27&dbcode=cjfq&dbname=CJFD0305&filename=XDJS200310026	现代计算机(专业版)	2003	2003年10期
简讯	http://sso.cdclib.org/interlibSSO/goto/6/=06190596Z93/kns55/detail.aspx?QueryID=18&CurRec=1&dbcode=cjfq&dbname=CJFD0305&filename=XDJS200309000	现代计算机(专业版)	2003	2003年09期
基于优化分割重建图像的文本无关笔迹鉴定	http://sso.cdclib.org/interlibSSO/goto/6/=06190596Z93/kns55/detail.aspx?QueryID=18&CurRec=2&dbcode=cjfq&dbname=CJFD0305&filename=XDJS200309001	现代计算机(专业版)	2003	2003年09期
简单多边形可见核的扫描线填充算法	http://sso.cdclib.org/interlibSSO/goto/6/=06190596Z93/kns55/detail.aspx?QueryID=18&CurRec=3&dbcode=cjfq&dbname=CJFD0305&filename=XDJS200309002	现代计算机(专业版)	2003	2003年09期
一种优化的VOD资源分割存储策略	http://sso.cdclib.org/interlibSSO/goto/6/=06190596Z93/kns55/detail.aspx?QueryID=18&CurRec=4&dbcode=cjfq&dbname=CJFD0305&filename=XDJS200309003	现代计算机(专业版)	2003	2003年09期
通用高速数据库访问优化研究	http://sso.cdclib.org/interlibSSO/goto/6/=06190596Z93/kns55/detail.aspx?QueryID=18&CurRec=5&dbcode=cjfq&dbname=CJFD0305&filename=XDJS200309004	现代计算机(专业版)	2003	2003年09期
Linux审计功能的分析和扩展	http://sso.cdclib.org/interlibSSO/goto/6/=06190596Z93/kns55/detail.aspx?QueryID=18&CurRec=6&dbcode=cjfq&dbname=CJFD0305&filename=XDJS200309005	现代计算机(专业版)	2003	2003年09期
基于数据挖掘的三层入侵检测分析模型	http://sso.cdclib.org/interlibSSO/goto/6/=06190596Z93/kns55/detail.aspx?QueryID=18&CurRec=7&dbcode=cjfq&dbname=CJFD0305&filename=XDJS200309006	现代计算机(专业版)	2003	2003年09期
计算机网络安全处理方法	http://sso.cdclib.org/interlibSSO/goto/6/=06190596Z93/kns55/detail.aspx?QueryID=18&CurRec=8&dbcode=cjfq&dbname=CJFD0305&filename=XDJS200309007	现代计算机(专业版)	2003	2003年09期
PACS应用研究	http://sso.cdclib.org/interlibSSO/goto/6/=06190596Z93/kns55/detail.aspx?QueryID=18&CurRec=9&dbcode=cjfq&dbname=CJFD0305&filename=XDJS200309008	现代计算机(专业版)	2003	2003年09期
论网络入侵诱骗系统honeypot	http://sso.cdclib.org/interlibSSO/goto/6/=06190596Z93/kns55/detail.aspx?QueryID=18&CurRec=10&dbcode=cjfq&dbname=CJFD0305&filename=XDJS200309009	现代计算机(专业版)	2003	2003年09期
异构网络环境中跨平台共享数据存取的解决方案	http://sso.cdclib.org/interlibSSO/goto/6/=06190596Z93/kns55/detail.aspx?QueryID=18&CurRec=11&dbcode=cjfq&dbname=CJFD0305&filename=XDJS200309010	现代计算机(专业版)	2003	2003年09期
基于Web/Java技术的SNMP网络性能管理的研究	http://sso.cdclib.org/interlibSSO/goto/6/=06190596Z93/kns55/detail.aspx?QueryID=18&CurRec=12&dbcode=cjfq&dbname=CJFD0305&filename=XDJS200309011	现代计算机(专业版)	2003	2003年09期
基于TCP/IP网络负载平衡的研究	http://sso.cdclib.org/interlibSSO/goto/6/=06190596Z93/kns55/detail.aspx?QueryID=18&CurRec=13&dbcode=cjfq&dbname=CJFD0305&filename=XDJS200309012	现代计算机(专业版)	2003	2003年09期
人口与车辆交通地理信息库的建立模式探讨	http://sso.cdclib.org/interlibSSO/goto/6/=06190596Z93/kns55/detail.aspx?QueryID=18&CurRec=14&dbcode=cjfq&dbname=CJFD0305&filename=XDJS200309013	现代计算机(专业版)	2003	2003年09期
基于中间件技术构建电力营销管理系统的应用研究	http://sso.cdclib.org/interlibSSO/goto/6/=06190596Z93/kns55/detail.aspx?QueryID=18&CurRec=15&dbcode=cjfq&dbname=CJFD0305&filename=XDJS200309014	现代计算机(专业版)	2003	2003年09期
银行业务档案缩微管理系统的设计与实现	http://sso.cdclib.org/interlibSSO/goto/6/=06190596Z93/kns55/detail.aspx?QueryID=18&CurRec=16&dbcode=cjfq&dbname=CJFD0305&filename=XDJS200309015	现代计算机(专业版)	2003	2003年09期
OLAP及数据挖掘在移动通信决策支持系统中的应用	http://sso.cdclib.org/interlibSSO/goto/6/=06190596Z93/kns55/detail.aspx?QueryID=18&CurRec=17&dbcode=cjfq&dbname=CJFD0305&filename=XDJS200309016	现代计算机(专业版)	2003	2003年09期
构建基于数据仓库的劳动力服务决策系统	http://sso.cdclib.org/interlibSSO/goto/6/=06190596Z93/kns55/detail.aspx?QueryID=18&CurRec=18&dbcode=cjfq&dbname=CJFD0305&filename=XDJS200309017	现代计算机(专业版)	2003	2003年09期
专业市场电子商务系统研究	http://sso.cdclib.org/interlibSSO/goto/6/=06190596Z93/kns55/detail.aspx?QueryID=18&CurRec=19&dbcode=cjfq&dbname=CJFD0305&filename=XDJS200309018	现代计算机(专业版)	2003	2003年09期
利用SMIL轻松制作网络多媒体演示课件	http://sso.cdclib.org/interlibSSO/goto/6/=06190596Z93/kns55/detail.aspx?QueryID=18&CurRec=20&dbcode=cjfq&dbname=CJFD0305&filename=XDJS200309019	现代计算机(专业版)	2003	2003年09期
基于Java语言的图形信息优化存储	http://sso.cdclib.org/interlibSSO/goto/6/=06190596Z93/kns55/detail.aspx?QueryID=18&CurRec=21&dbcode=cjfq&dbname=CJFD0305&filename=XDJS200309020	现代计算机(专业版)	2003	2003年09期
非常规入侵技术	http://sso.cdclib.org/interlibSSO/goto/6/=06190596Z93/kns55/detail.aspx?QueryID=18&CurRec=22&dbcode=cjfq&dbname=CJFD0305&filename=XDJS200309021	现代计算机(专业版)	2003	2003年09期
Linux的IP伪装技术	http://sso.cdclib.org/interlibSSO/goto/6/=06190596Z93/kns55/detail.aspx?QueryID=18&CurRec=23&dbcode=cjfq&dbname=CJFD0305&filename=XDJS200309022	现代计算机(专业版)	2003	2003年09期
多操作系统共存的分析与实现	http://sso.cdclib.org/interlibSSO/goto/6/=06190596Z93/kns55/detail.aspx?QueryID=18&CurRec=24&dbcode=cjfq&dbname=CJFD0305&filename=XDJS200309023	现代计算机(专业版)	2003	2003年09期
WindowsNT网络的管理与维护	http://sso.cdclib.org/interlibSSO/goto/6/=06190596Z93/kns55/detail.aspx?QueryID=18&CurRec=25&dbcode=cjfq&dbname=CJFD0305&filename=XDJS200309024	现代计算机(专业版)	2003	2003年09期
如何在Windows2000下运行“DOS程序”	http://sso.cdclib.org/interlibSSO/goto/6/=06190596Z93/kns55/detail.aspx?QueryID=18&CurRec=26&dbcode=cjfq&dbname=CJFD0305&filename=XDJS200309025	现代计算机(专业版)	2003	2003年09期
Authorware中数据库存贮技术的探讨	http://sso.cdclib.org/interlibSSO/goto/6/=06190596Z93/kns55/detail.aspx?QueryID=18&CurRec=27&dbcode=cjfq&dbname=CJFD0305&filename=XDJS200309026	现代计算机(专业版)	2003	2003年09期
3COM交换机技术及应用	http://sso.cdclib.org/interlibSSO/goto/6/=06190596Z93/kns55/detail.aspx?QueryID=18&CurRec=28&dbcode=cjfq&dbname=CJFD0305&filename=XDJS200309027	现代计算机(专业版)	2003	2003年09期
简讯	http://sso.cdclib.org/interlibSSO/goto/6/=06190596Z93/kns55/detail.aspx?QueryID=23&CurRec=1&dbcode=cjfq&dbname=CJFD0305&filename=XDJS200308000	现代计算机(专业版)	2003	2003年08期
“中国针炙虚拟穴位人”的三维表面重建	http://sso.cdclib.org/interlibSSO/goto/6/=06190596Z93/kns55/detail.aspx?QueryID=23&CurRec=2&dbcode=cjfq&dbname=CJFD0305&filename=XDJS200308001	现代计算机(专业版)	2003	2003年08期
关于“蠕虫”	http://sso.cdclib.org/interlibSSO/goto/6/=06190596Z93/kns55/detail.aspx?QueryID=23&CurRec=3&dbcode=cjfq&dbname=CJFD0305&filename=XDJS200308002	现代计算机(专业版)	2003	2003年08期
企业数据仓库工具的研究与实现	http://sso.cdclib.org/interlibSSO/goto/6/=06190596Z93/kns55/detail.aspx?QueryID=23&CurRec=4&dbcode=cjfq&dbname=CJFD0305&filename=XDJS200308003	现代计算机(专业版)	2003	2003年08期
基于Agent的UDDI研究	http://sso.cdclib.org/interlibSSO/goto/6/=06190596Z93/kns55/detail.aspx?QueryID=23&CurRec=5&dbcode=cjfq&dbname=CJFD0305&filename=XDJS200308004	现代计算机(专业版)	2003	2003年08期
内核对象的跨进程引用	http://sso.cdclib.org/interlibSSO/goto/6/=06190596Z93/kns55/detail.aspx?QueryID=23&CurRec=6&dbcode=cjfq&dbname=CJFD0305&filename=XDJS200308005	现代计算机(专业版)	2003	2003年08期
软件开发项目中的风险管理和危机管理	http://sso.cdclib.org/interlibSSO/goto/6/=06190596Z93/kns55/detail.aspx?QueryID=23&CurRec=7&dbcode=cjfq&dbname=CJFD0305&filename=XDJS200308006	现代计算机(专业版)	2003	2003年08期
论下一代DVD的技术标准	http://sso.cdclib.org/interlibSSO/goto/6/=06190596Z93/kns55/detail.aspx?QueryID=23&CurRec=8&dbcode=cjfq&dbname=CJFD0305&filename=XDJS200308007	现代计算机(专业版)	2003	2003年08期
广播电视数字视频分析	http://sso.cdclib.org/interlibSSO/goto/6/=06190596Z93/kns55/detail.aspx?QueryID=23&CurRec=9&dbcode=cjfq&dbname=CJFD0305&filename=XDJS200308008	现代计算机(专业版)	2003	2003年08期
浅析虚拟存储技术及其IP SAN实现方式	http://sso.cdclib.org/interlibSSO/goto/6/=06190596Z93/kns55/detail.aspx?QueryID=23&CurRec=10&dbcode=cjfq&dbname=CJFD0305&filename=XDJS200308009	现代计算机(专业版)	2003	2003年08期
Linux路由功能与共享上网的实现	http://sso.cdclib.org/interlibSSO/goto/6/=06190596Z93/kns55/detail.aspx?QueryID=23&CurRec=11&dbcode=cjfq&dbname=CJFD0305&filename=XDJS200308010	现代计算机(专业版)	2003	2003年08期
基于遗传算法的成卷策略的设计与实现	http://sso.cdclib.org/interlibSSO/goto/6/=06190596Z93/kns55/detail.aspx?QueryID=23&CurRec=12&dbcode=cjfq&dbname=CJFD0305&filename=XDJS200308011	现代计算机(专业版)	2003	2003年08期
计算机远程自动考试系统的改进	http://sso.cdclib.org/interlibSSO/goto/6/=06190596Z93/kns55/detail.aspx?QueryID=23&CurRec=13&dbcode=cjfq&dbname=CJFD0305&filename=XDJS200308012	现代计算机(专业版)	2003	2003年08期
安全、可靠的故障信息管理系统初探	http://sso.cdclib.org/interlibSSO/goto/6/=06190596Z93/kns55/detail.aspx?QueryID=23&CurRec=14&dbcode=cjfq&dbname=CJFD0305&filename=XDJS200308013	现代计算机(专业版)	2003	2003年08期
基于MVC模式开发电子政务交互平台软件	http://sso.cdclib.org/interlibSSO/goto/6/=06190596Z93/kns55/detail.aspx?QueryID=23&CurRec=15&dbcode=cjfq&dbname=CJFD0305&filename=XDJS200308014	现代计算机(专业版)	2003	2003年08期
基于散列表存储结构的两关系自然连接算法设计	http://sso.cdclib.org/interlibSSO/goto/6/=06190596Z93/kns55/detail.aspx?QueryID=23&CurRec=16&dbcode=cjfq&dbname=CJFD0305&filename=XDJS200308015	现代计算机(专业版)	2003	2003年08期
“数据结构”教学探讨	http://sso.cdclib.org/interlibSSO/goto/6/=06190596Z93/kns55/detail.aspx?QueryID=23&CurRec=17&dbcode=cjfq&dbname=CJFD0305&filename=XDJS200308016	现代计算机(专业版)	2003	2003年08期
移植Linux技术分析	http://sso.cdclib.org/interlibSSO/goto/6/=06190596Z93/kns55/detail.aspx?QueryID=23&CurRec=18&dbcode=cjfq&dbname=CJFD0305&filename=XDJS200308017	现代计算机(专业版)	2003	2003年08期
基于VB的CAN总线测试软件设计	http://sso.cdclib.org/interlibSSO/goto/6/=06190596Z93/kns55/detail.aspx?QueryID=23&CurRec=19&dbcode=cjfq&dbname=CJFD0305&filename=XDJS200308018	现代计算机(专业版)	2003	2003年08期
ActiveX技术下Authorware数据库功能拓展的探讨	http://sso.cdclib.org/interlibSSO/goto/6/=06190596Z93/kns55/detail.aspx?QueryID=23&CurRec=20&dbcode=cjfq&dbname=CJFD0305&filename=XDJS200308019	现代计算机(专业版)	2003	2003年08期
用Flash制作交互式的C语言远程教育课件	http://sso.cdclib.org/interlibSSO/goto/6/=06190596Z93/kns55/detail.aspx?QueryID=23&CurRec=21&dbcode=cjfq&dbname=CJFD0305&filename=XDJS200308020	现代计算机(专业版)	2003	2003年08期
MVC模式在Java中的应用	http://sso.cdclib.org/interlibSSO/goto/6/=06190596Z93/kns55/detail.aspx?QueryID=23&CurRec=22&dbcode=cjfq&dbname=CJFD0305&filename=XDJS200308021	现代计算机(专业版)	2003	2003年08期
北京13万孩子上网成瘾专家称影响大脑发育	http://sso.cdclib.org/interlibSSO/goto/6/=06190596Z93/kns55/detail.aspx?QueryID=23&CurRec=23&dbcode=cjfq&dbname=CJFD0305&filename=XDJS200308022	现代计算机(专业版)	2003	2003年08期
RadioGroup控件在多维分析中的应用	http://sso.cdclib.org/interlibSSO/goto/6/=06190596Z93/kns55/detail.aspx?QueryID=23&CurRec=24&dbcode=cjfq&dbname=CJFD0305&filename=XDJS200308023	现代计算机(专业版)	2003	2003年08期
用VC制作便捷的多类型文件查看器	http://sso.cdclib.org/interlibSSO/goto/6/=06190596Z93/kns55/detail.aspx?QueryID=23&CurRec=25&dbcode=cjfq&dbname=CJFD0305&filename=XDJS200308024	现代计算机(专业版)	2003	2003年08期
在LabVIEW中调用库函数的一种方法	http://sso.cdclib.org/interlibSSO/goto/6/=06190596Z93/kns55/detail.aspx?QueryID=23&CurRec=26&dbcode=cjfq&dbname=CJFD0305&filename=XDJS200308025	现代计算机(专业版)	2003	2003年08期
基于Lotus Notes的档案管理系统打印功能设计	http://sso.cdclib.org/interlibSSO/goto/6/=06190596Z93/kns55/detail.aspx?QueryID=23&CurRec=27&dbcode=cjfq&dbname=CJFD0305&filename=XDJS200308026	现代计算机(专业版)	2003	2003年08期
中医针灸多媒体网络课件的开发	http://sso.cdclib.org/interlibSSO/goto/6/=06190596Z93/kns55/detail.aspx?QueryID=23&CurRec=28&dbcode=cjfq&dbname=CJFD0305&filename=XDJS200308027	现代计算机(专业版)	2003	2003年08期
利用JavaScript进行Web的动态导航	http://sso.cdclib.org/interlibSSO/goto/6/=06190596Z93/kns55/detail.aspx?QueryID=23&CurRec=29&dbcode=cjfq&dbname=CJFD0305&filename=XDJS200308028	现代计算机(专业版)	2003	2003年08期
多媒体软件中“小助手”的设计与实现	http://sso.cdclib.org/interlibSSO/goto/6/=06190596Z93/kns55/detail.aspx?QueryID=23&CurRec=30&dbcode=cjfq&dbname=CJFD0305&filename=XDJS200308029	现代计算机(专业版)	2003	2003年08期
C++Builder创建单实例应用程序的几种方法	http://sso.cdclib.org/interlibSSO/goto/6/=06190596Z93/kns55/detail.aspx?QueryID=23&CurRec=31&dbcode=cjfq&dbname=CJFD0305&filename=XDJS200308030	现代计算机(专业版)	2003	2003年08期
简讯	http://sso.cdclib.org/interlibSSO/goto/6/=06190596Z93/kns55/detail.aspx?QueryID=28&CurRec=1&dbcode=cjfq&dbname=CJFD0305&filename=XDJS200307000	现代计算机(专业版)	2003	2003年07期
子程优先Cache的设计与探讨	http://sso.cdclib.org/interlibSSO/goto/6/=06190596Z93/kns55/detail.aspx?QueryID=28&CurRec=2&dbcode=cjfq&dbname=CJFD0305&filename=XDJS200307001	现代计算机(专业版)	2003	2003年07期
基于RPC的Agent通信模型及其实现	http://sso.cdclib.org/interlibSSO/goto/6/=06190596Z93/kns55/detail.aspx?QueryID=28&CurRec=3&dbcode=cjfq&dbname=CJFD0305&filename=XDJS200307002	现代计算机(专业版)	2003	2003年07期
一种基于XML的数据仓库无数据表示模型	http://sso.cdclib.org/interlibSSO/goto/6/=06190596Z93/kns55/detail.aspx?QueryID=28&CurRec=4&dbcode=cjfq&dbname=CJFD0305&filename=XDJS200307003	现代计算机(专业版)	2003	2003年07期
MBone网络技术的发展与应用	http://sso.cdclib.org/interlibSSO/goto/6/=06190596Z93/kns55/detail.aspx?QueryID=28&CurRec=5&dbcode=cjfq&dbname=CJFD0305&filename=XDJS200307004	现代计算机(专业版)	2003	2003年07期
ADO.NET:Web时代的新型数据存取技术	http://sso.cdclib.org/interlibSSO/goto/6/=06190596Z93/kns55/detail.aspx?QueryID=28&CurRec=6&dbcode=cjfq&dbname=CJFD0305&filename=XDJS200307005	现代计算机(专业版)	2003	2003年07期
IPSec的探讨及改进	http://sso.cdclib.org/interlibSSO/goto/6/=06190596Z93/kns55/detail.aspx?QueryID=28&CurRec=7&dbcode=cjfq&dbname=CJFD0305&filename=XDJS200307006	现代计算机(专业版)	2003	2003年07期
PKI体系的分析	http://sso.cdclib.org/interlibSSO/goto/6/=06190596Z93/kns55/detail.aspx?QueryID=28&CurRec=8&dbcode=cjfq&dbname=CJFD0305&filename=XDJS200307007	现代计算机(专业版)	2003	2003年07期
移动式电子商务的交易模型和事务处理程序的需求和性能	http://sso.cdclib.org/interlibSSO/goto/6/=06190596Z93/kns55/detail.aspx?QueryID=28&CurRec=9&dbcode=cjfq&dbname=CJFD0305&filename=XDJS200307008	现代计算机(专业版)	2003	2003年07期
怎样用IPSec技术在公网中建立VPN	http://sso.cdclib.org/interlibSSO/goto/6/=06190596Z93/kns55/detail.aspx?QueryID=28&CurRec=10&dbcode=cjfq&dbname=CJFD0305&filename=XDJS200307009	现代计算机(专业版)	2003	2003年07期
校园网机房的NAT解决方案	http://sso.cdclib.org/interlibSSO/goto/6/=06190596Z93/kns55/detail.aspx?QueryID=28&CurRec=11&dbcode=cjfq&dbname=CJFD0305&filename=XDJS200307010	现代计算机(专业版)	2003	2003年07期
香港和内地高校计算机审计之比较	http://sso.cdclib.org/interlibSSO/goto/6/=06190596Z93/kns55/detail.aspx?QueryID=28&CurRec=12&dbcode=cjfq&dbname=CJFD0305&filename=XDJS200307011	现代计算机(专业版)	2003	2003年07期
WebGIS的基本原理及在广东省三防信息查询系统中的应用	http://sso.cdclib.org/interlibSSO/goto/6/=06190596Z93/kns55/detail.aspx?QueryID=28&CurRec=13&dbcode=cjfq&dbname=CJFD0305&filename=XDJS200307012	现代计算机(专业版)	2003	2003年07期
广州电子政务中信息交换系统设计	http://sso.cdclib.org/interlibSSO/goto/6/=06190596Z93/kns55/detail.aspx?QueryID=28&CurRec=14&dbcode=cjfq&dbname=CJFD0305&filename=XDJS200307013	现代计算机(专业版)	2003	2003年07期
基于GSM短消息的GPS汽车驾驶导引系统	http://sso.cdclib.org/interlibSSO/goto/6/=06190596Z93/kns55/detail.aspx?QueryID=28&CurRec=15&dbcode=cjfq&dbname=CJFD0305&filename=XDJS200307014	现代计算机(专业版)	2003	2003年07期
C/C++运算求值顺序的缺陷分析	http://sso.cdclib.org/interlibSSO/goto/6/=06190596Z93/kns55/detail.aspx?QueryID=28&CurRec=16&dbcode=cjfq&dbname=CJFD0305&filename=XDJS200307015	现代计算机(专业版)	2003	2003年07期
RSView32组态软件在教学实验中的应用	http://sso.cdclib.org/interlibSSO/goto/6/=06190596Z93/kns55/detail.aspx?QueryID=28&CurRec=17&dbcode=cjfq&dbname=CJFD0305&filename=XDJS200307016	现代计算机(专业版)	2003	2003年07期
Windows环境下对DOS程序的二次开发	http://sso.cdclib.org/interlibSSO/goto/6/=06190596Z93/kns55/detail.aspx?QueryID=28&CurRec=18&dbcode=cjfq&dbname=CJFD0305&filename=XDJS200307017	现代计算机(专业版)	2003	2003年07期
基于Web页面的Media Player设计	http://sso.cdclib.org/interlibSSO/goto/6/=06190596Z93/kns55/detail.aspx?QueryID=28&CurRec=19&dbcode=cjfq&dbname=CJFD0305&filename=XDJS200307018	现代计算机(专业版)	2003	2003年07期
用PB8的Web Data Window DTC开发Web应用	http://sso.cdclib.org/interlibSSO/goto/6/=06190596Z93/kns55/detail.aspx?QueryID=28&CurRec=20&dbcode=cjfq&dbname=CJFD0305&filename=XDJS200307019	现代计算机(专业版)	2003	2003年07期
多媒体电子邮件技术及其应用实例	http://sso.cdclib.org/interlibSSO/goto/6/=06190596Z93/kns55/detail.aspx?QueryID=28&CurRec=21&dbcode=cjfq&dbname=CJFD0305&filename=XDJS200307020	现代计算机(专业版)	2003	2003年07期
基于Notes的两种开发方法	http://sso.cdclib.org/interlibSSO/goto/6/=06190596Z93/kns55/detail.aspx?QueryID=28&CurRec=22&dbcode=cjfq&dbname=CJFD0305&filename=XDJS200307021	现代计算机(专业版)	2003	2003年07期
用VB6制作软件封面	http://sso.cdclib.org/interlibSSO/goto/6/=06190596Z93/kns55/detail.aspx?QueryID=28&CurRec=23&dbcode=cjfq&dbname=CJFD0305&filename=XDJS200307022	现代计算机(专业版)	2003	2003年07期
一种新的矩阵式键盘结构	http://sso.cdclib.org/interlibSSO/goto/6/=06190596Z93/kns55/detail.aspx?QueryID=28&CurRec=24&dbcode=cjfq&dbname=CJFD0305&filename=XDJS200307023	现代计算机(专业版)	2003	2003年07期
《数据库原理与应用教程》	http://sso.cdclib.org/interlibSSO/goto/6/=06190596Z93/kns55/detail.aspx?QueryID=28&CurRec=25&dbcode=cjfq&dbname=CJFD0305&filename=XDJS200307024	现代计算机(专业版)	2003	2003年07期
《计算机网络》网上出卷系统的设计	http://sso.cdclib.org/interlibSSO/goto/6/=06190596Z93/kns55/detail.aspx?QueryID=28&CurRec=26&dbcode=cjfq&dbname=CJFD0305&filename=XDJS200307025	现代计算机(专业版)	2003	2003年07期
Linux系统中按字节显示文件内容的方法	http://sso.cdclib.org/interlibSSO/goto/6/=06190596Z93/kns55/detail.aspx?QueryID=28&CurRec=27&dbcode=cjfq&dbname=CJFD0305&filename=XDJS200307026	现代计算机(专业版)	2003	2003年07期
.NET平台下的数据库间的数据传输	http://sso.cdclib.org/interlibSSO/goto/6/=06190596Z93/kns55/detail.aspx?QueryID=28&CurRec=28&dbcode=cjfq&dbname=CJFD0305&filename=XDJS200307027	现代计算机(专业版)	2003	2003年07期
FK6-700低弹机上的微机监测控制系统	http://sso.cdclib.org/interlibSSO/goto/6/=06190596Z93/kns55/detail.aspx?QueryID=28&CurRec=29&dbcode=cjfq&dbname=CJFD0305&filename=XDJS200307028	现代计算机(专业版)	2003	2003年07期
磁盘碎片对计算机系统性能的影响	http://sso.cdclib.org/interlibSSO/goto/6/=06190596Z93/kns55/detail.aspx?QueryID=28&CurRec=30&dbcode=cjfq&dbname=CJFD0305&filename=XDJS200307029	现代计算机(专业版)	2003	2003年07期
简讯	http://sso.cdclib.org/interlibSSO/goto/6/=06190596Z93/kns55/detail.aspx?QueryID=33&CurRec=1&dbcode=cjfq&dbname=CJFD0305&filename=XDJS200306000	现代计算机(专业版)	2003	2003年06期
数据挖掘技术及工具研究	http://sso.cdclib.org/interlibSSO/goto/6/=06190596Z93/kns55/detail.aspx?QueryID=33&CurRec=2&dbcode=cjfq&dbname=CJFD0305&filename=XDJS200306001	现代计算机(专业版)	2003	2003年06期
移动电子政务数据同步问题研究	http://sso.cdclib.org/interlibSSO/goto/6/=06190596Z93/kns55/detail.aspx?QueryID=33&CurRec=3&dbcode=cjfq&dbname=CJFD0305&filename=XDJS200306002	现代计算机(专业版)	2003	2003年06期
新一代动态Web应用开发技术——ASP.NET	http://sso.cdclib.org/interlibSSO/goto/6/=06190596Z93/kns55/detail.aspx?QueryID=33&CurRec=4&dbcode=cjfq&dbname=CJFD0305&filename=XDJS200306003	现代计算机(专业版)	2003	2003年06期
网络数据存储技术的分析和应用	http://sso.cdclib.org/interlibSSO/goto/6/=06190596Z93/kns55/detail.aspx?QueryID=33&CurRec=5&dbcode=cjfq&dbname=CJFD0305&filename=XDJS200306004	现代计算机(专业版)	2003	2003年06期
基于软交换的下一代网络技术	http://sso.cdclib.org/interlibSSO/goto/6/=06190596Z93/kns55/detail.aspx?QueryID=33&CurRec=6&dbcode=cjfq&dbname=CJFD0305&filename=XDJS200306005	现代计算机(专业版)	2003	2003年06期
数据的安全保障技术分析	http://sso.cdclib.org/interlibSSO/goto/6/=06190596Z93/kns55/detail.aspx?QueryID=33&CurRec=7&dbcode=cjfq&dbname=CJFD0305&filename=XDJS200306007	现代计算机(专业版)	2003	2003年06期
UML建模工具的比较——ROSE,Visio和PowerDesigner	http://sso.cdclib.org/interlibSSO/goto/6/=06190596Z93/kns55/detail.aspx?QueryID=33&CurRec=8&dbcode=cjfq&dbname=CJFD0305&filename=XDJS200306008	现代计算机(专业版)	2003	2003年06期
推进城市信息化,全面建设小康社会	http://sso.cdclib.org/interlibSSO/goto/6/=06190596Z93/kns55/detail.aspx?QueryID=33&CurRec=9&dbcode=cjfq&dbname=CJFD0305&filename=XDJS200306009	现代计算机(专业版)	2003	2003年06期
基于通用家庭网关的智能家庭网络	http://sso.cdclib.org/interlibSSO/goto/6/=06190596Z93/kns55/detail.aspx?QueryID=33&CurRec=10&dbcode=cjfq&dbname=CJFD0305&filename=XDJS200306010	现代计算机(专业版)	2003	2003年06期
CAN总线技术及其在汽车控制中的应用	http://sso.cdclib.org/interlibSSO/goto/6/=06190596Z93/kns55/detail.aspx?QueryID=33&CurRec=11&dbcode=cjfq&dbname=CJFD0305&filename=XDJS200306011	现代计算机(专业版)	2003	2003年06期
分层式防火墙	http://sso.cdclib.org/interlibSSO/goto/6/=06190596Z93/kns55/detail.aspx?QueryID=33&CurRec=12&dbcode=cjfq&dbname=CJFD0305&filename=XDJS200306012	现代计算机(专业版)	2003	2003年06期
基于SNMP的以太网交换机监测和管理	http://sso.cdclib.org/interlibSSO/goto/6/=06190596Z93/kns55/detail.aspx?QueryID=33&CurRec=13&dbcode=cjfq&dbname=CJFD0305&filename=XDJS200306013	现代计算机(专业版)	2003	2003年06期
光纤接入网技术及其发展	http://sso.cdclib.org/interlibSSO/goto/6/=06190596Z93/kns55/detail.aspx?QueryID=33&CurRec=14&dbcode=cjfq&dbname=CJFD0305&filename=XDJS200306014	现代计算机(专业版)	2003	2003年06期
网络安全分析与VPN的关键技术	http://sso.cdclib.org/interlibSSO/goto/6/=06190596Z93/kns55/detail.aspx?QueryID=33&CurRec=15&dbcode=cjfq&dbname=CJFD0305&filename=XDJS200306015	现代计算机(专业版)	2003	2003年06期
NAT技术及其在图书馆局域网中的应用	http://sso.cdclib.org/interlibSSO/goto/6/=06190596Z93/kns55/detail.aspx?QueryID=33&CurRec=16&dbcode=cjfq&dbname=CJFD0305&filename=XDJS200306016	现代计算机(专业版)	2003	2003年06期
CDMA2000系统中的分组交换数据业务	http://sso.cdclib.org/interlibSSO/goto/6/=06190596Z93/kns55/detail.aspx?QueryID=33&CurRec=17&dbcode=cjfq&dbname=CJFD0305&filename=XDJS200306017	现代计算机(专业版)	2003	2003年06期
校园网环境下如何开展大学生思想政治工作	http://sso.cdclib.org/interlibSSO/goto/6/=06190596Z93/kns55/detail.aspx?QueryID=33&CurRec=18&dbcode=cjfq&dbname=CJFD0305&filename=XDJS200306018	现代计算机(专业版)	2003	2003年06期
3D游戏引擎构架概述	http://sso.cdclib.org/interlibSSO/goto/6/=06190596Z93/kns55/detail.aspx?QueryID=33&CurRec=19&dbcode=cjfq&dbname=CJFD0305&filename=XDJS200306019	现代计算机(专业版)	2003	2003年06期
一种面积守恒的曲线平滑	http://sso.cdclib.org/interlibSSO/goto/6/=06190596Z93/kns55/detail.aspx?QueryID=33&CurRec=20&dbcode=cjfq&dbname=CJFD0305&filename=XDJS200306020	现代计算机(专业版)	2003	2003年06期
基于B/S模型的智能卡登录系统的设计与实现	http://sso.cdclib.org/interlibSSO/goto/6/=06190596Z93/kns55/detail.aspx?QueryID=33&CurRec=21&dbcode=cjfq&dbname=CJFD0305&filename=XDJS200306021	现代计算机(专业版)	2003	2003年06期
MapGis二次开发中动态比例尺的技术实现方案	http://sso.cdclib.org/interlibSSO/goto/6/=06190596Z93/kns55/detail.aspx?QueryID=33&CurRec=22&dbcode=cjfq&dbname=CJFD0305&filename=XDJS200306022	现代计算机(专业版)	2003	2003年06期
颁发和验证X.509v1数字证书的JavaBean	http://sso.cdclib.org/interlibSSO/goto/6/=06190596Z93/kns55/detail.aspx?QueryID=33&CurRec=23&dbcode=cjfq&dbname=CJFD0305&filename=XDJS200306023	现代计算机(专业版)	2003	2003年06期
Windows低级音频函数剖析及应用	http://sso.cdclib.org/interlibSSO/goto/6/=06190596Z93/kns55/detail.aspx?QueryID=33&CurRec=24&dbcode=cjfq&dbname=CJFD0305&filename=XDJS200306024	现代计算机(专业版)	2003	2003年06期
用Delphi实现数据库的自动筛选	http://sso.cdclib.org/interlibSSO/goto/6/=06190596Z93/kns55/detail.aspx?QueryID=33&CurRec=25&dbcode=cjfq&dbname=CJFD0305&filename=XDJS200306025	现代计算机(专业版)	2003	2003年06期
财务软件中XML接口的设计	http://sso.cdclib.org/interlibSSO/goto/6/=06190596Z93/kns55/detail.aspx?QueryID=33&CurRec=26&dbcode=cjfq&dbname=CJFD0305&filename=XDJS200306026	现代计算机(专业版)	2003	2003年06期
谈字表软件在教学管理中的应用技巧	http://sso.cdclib.org/interlibSSO/goto/6/=06190596Z93/kns55/detail.aspx?QueryID=33&CurRec=27&dbcode=cjfq&dbname=CJFD0305&filename=XDJS200306027	现代计算机(专业版)	2003	2003年06期
简讯	http://sso.cdclib.org/interlibSSO/goto/6/=06190596Z93/kns55/detail.aspx?QueryID=38&CurRec=1&dbcode=cjfq&dbname=CJFD0305&filename=XDJS200305000	现代计算机(专业版)	2003	2003年05期
一种高可控性和高扩展性的工作流模型	http://sso.cdclib.org/interlibSSO/goto/6/=06190596Z93/kns55/detail.aspx?QueryID=38&CurRec=2&dbcode=cjfq&dbname=CJFD0305&filename=XDJS200305001	现代计算机(专业版)	2003	2003年05期
视景仿真技术在疏浚作业训练系统中的应用研究	http://sso.cdclib.org/interlibSSO/goto/6/=06190596Z93/kns55/detail.aspx?QueryID=38&CurRec=3&dbcode=cjfq&dbname=CJFD0305&filename=XDJS200305002	现代计算机(专业版)	2003	2003年05期
基于A*算法的八数码问题的程序求解	http://sso.cdclib.org/interlibSSO/goto/6/=06190596Z93/kns55/detail.aspx?QueryID=38&CurRec=4&dbcode=cjfq&dbname=CJFD0305&filename=XDJS200305003	现代计算机(专业版)	2003	2003年05期
基于RTAI-Linux的实时操作系统的分析与研究	http://sso.cdclib.org/interlibSSO/goto/6/=06190596Z93/kns55/detail.aspx?QueryID=38&CurRec=5&dbcode=cjfq&dbname=CJFD0305&filename=XDJS200305004	现代计算机(专业版)	2003	2003年05期
基于IP-DECT的移动网络互联体系结构	http://sso.cdclib.org/interlibSSO/goto/6/=06190596Z93/kns55/detail.aspx?QueryID=38&CurRec=6&dbcode=cjfq&dbname=CJFD0305&filename=XDJS200305005	现代计算机(专业版)	2003	2003年05期
基于数据仓库技术的CRM系统结构探讨	http://sso.cdclib.org/interlibSSO/goto/6/=06190596Z93/kns55/detail.aspx?QueryID=38&CurRec=7&dbcode=cjfq&dbname=CJFD0305&filename=XDJS200305006	现代计算机(专业版)	2003	2003年05期
数据库同步复制技术在移动计算环境中的应用	http://sso.cdclib.org/interlibSSO/goto/6/=06190596Z93/kns55/detail.aspx?QueryID=38&CurRec=8&dbcode=cjfq&dbname=CJFD0305&filename=XDJS200305007	现代计算机(专业版)	2003	2003年05期
浅谈对Sybase数据库系统的性能优化	http://sso.cdclib.org/interlibSSO/goto/6/=06190596Z93/kns55/detail.aspx?QueryID=38&CurRec=9&dbcode=cjfq&dbname=CJFD0305&filename=XDJS200305008	现代计算机(专业版)	2003	2003年05期
有关P2P的应用及其发展方向	http://sso.cdclib.org/interlibSSO/goto/6/=06190596Z93/kns55/detail.aspx?QueryID=38&CurRec=10&dbcode=cjfq&dbname=CJFD0305&filename=XDJS200305009	现代计算机(专业版)	2003	2003年05期
自动化软件测试案例设计的质量保证	http://sso.cdclib.org/interlibSSO/goto/6/=06190596Z93/kns55/detail.aspx?QueryID=38&CurRec=11&dbcode=cjfq&dbname=CJFD0305&filename=XDJS200305010	现代计算机(专业版)	2003	2003年05期
基于Internet电子商务网站多层结构Web的实现	http://sso.cdclib.org/interlibSSO/goto/6/=06190596Z93/kns55/detail.aspx?QueryID=38&CurRec=12&dbcode=cjfq&dbname=CJFD0305&filename=XDJS200305011	现代计算机(专业版)	2003	2003年05期
IPSec与NAT在虚拟专用网中的互操作方案研究	http://sso.cdclib.org/interlibSSO/goto/6/=06190596Z93/kns55/detail.aspx?QueryID=38&CurRec=13&dbcode=cjfq&dbname=CJFD0305&filename=XDJS200305012	现代计算机(专业版)	2003	2003年05期
通过TCP/IP栈指纹探测远程主机操作系统	http://sso.cdclib.org/interlibSSO/goto/6/=06190596Z93/kns55/detail.aspx?QueryID=38&CurRec=14&dbcode=cjfq&dbname=CJFD0305&filename=XDJS200305014	现代计算机(专业版)	2003	2003年05期
移动计算中的无线网络解决方案	http://sso.cdclib.org/interlibSSO/goto/6/=06190596Z93/kns55/detail.aspx?QueryID=38&CurRec=15&dbcode=cjfq&dbname=CJFD0305&filename=XDJS200305015	现代计算机(专业版)	2003	2003年05期
基于远程教育校园网的安全系统构建	http://sso.cdclib.org/interlibSSO/goto/6/=06190596Z93/kns55/detail.aspx?QueryID=38&CurRec=16&dbcode=cjfq&dbname=CJFD0305&filename=XDJS200305016	现代计算机(专业版)	2003	2003年05期
XML数据加密的Diffie-Hellman密钥协商实现	http://sso.cdclib.org/interlibSSO/goto/6/=06190596Z93/kns55/detail.aspx?QueryID=38&CurRec=17&dbcode=cjfq&dbname=CJFD0305&filename=XDJS200305017	现代计算机(专业版)	2003	2003年05期
基于Agent的入侵检测系统体系结构	http://sso.cdclib.org/interlibSSO/goto/6/=06190596Z93/kns55/detail.aspx?QueryID=38&CurRec=18&dbcode=cjfq&dbname=CJFD0305&filename=XDJS200305018	现代计算机(专业版)	2003	2003年05期
基于Servlet/JSP和XML技术的远程教学系统的研究与实现	http://sso.cdclib.org/interlibSSO/goto/6/=06190596Z93/kns55/detail.aspx?QueryID=38&CurRec=19&dbcode=cjfq&dbname=CJFD0305&filename=XDJS200305019	现代计算机(专业版)	2003	2003年05期
基于Weblogic多层结构的网上录取系统总体设计与应用	http://sso.cdclib.org/interlibSSO/goto/6/=06190596Z93/kns55/detail.aspx?QueryID=38&CurRec=20&dbcode=cjfq&dbname=CJFD0305&filename=XDJS200305020	现代计算机(专业版)	2003	2003年05期
流媒体技术及其在网络教学中的应用	http://sso.cdclib.org/interlibSSO/goto/6/=06190596Z93/kns55/detail.aspx?QueryID=38&CurRec=21&dbcode=cjfq&dbname=CJFD0305&filename=XDJS200305021	现代计算机(专业版)	2003	2003年05期
计算机辅助《思想道德修养》教学模式研究	http://sso.cdclib.org/interlibSSO/goto/6/=06190596Z93/kns55/detail.aspx?QueryID=38&CurRec=22&dbcode=cjfq&dbname=CJFD0305&filename=XDJS200305022	现代计算机(专业版)	2003	2003年05期
基于H.323协议的视频会议的软件实现	http://sso.cdclib.org/interlibSSO/goto/6/=06190596Z93/kns55/detail.aspx?QueryID=38&CurRec=23&dbcode=cjfq&dbname=CJFD0305&filename=XDJS200305023	现代计算机(专业版)	2003	2003年05期
城市路灯监控系统中日出日落时间算法的实现	http://sso.cdclib.org/interlibSSO/goto/6/=06190596Z93/kns55/detail.aspx?QueryID=38&CurRec=24&dbcode=cjfq&dbname=CJFD0305&filename=XDJS200305024	现代计算机(专业版)	2003	2003年05期
动态创建ODBC数据源的应用技术	http://sso.cdclib.org/interlibSSO/goto/6/=06190596Z93/kns55/detail.aspx?QueryID=38&CurRec=25&dbcode=cjfq&dbname=CJFD0305&filename=XDJS200305025	现代计算机(专业版)	2003	2003年05期
PHP Session处理及应用实例	http://sso.cdclib.org/interlibSSO/goto/6/=06190596Z93/kns55/detail.aspx?QueryID=38&CurRec=26&dbcode=cjfq&dbname=CJFD0305&filename=XDJS200305026	现代计算机(专业版)	2003	2003年05期
LON技术中神经元芯片的并口I/O模式及其应用	http://sso.cdclib.org/interlibSSO/goto/6/=06190596Z93/kns55/detail.aspx?QueryID=38&CurRec=27&dbcode=cjfq&dbname=CJFD0305&filename=XDJS200305027	现代计算机(专业版)	2003	2003年05期
多帐号智能拨号器	http://sso.cdclib.org/interlibSSO/goto/6/=06190596Z93/kns55/detail.aspx?QueryID=38&CurRec=28&dbcode=cjfq&dbname=CJFD0305&filename=XDJS200305028	现代计算机(专业版)	2003	2003年05期
在局域网上架构BBS	http://sso.cdclib.org/interlibSSO/goto/6/=06190596Z93/kns55/detail.aspx?QueryID=38&CurRec=29&dbcode=cjfq&dbname=CJFD0305&filename=XDJS200305029	现代计算机(专业版)	2003	2003年05期
简讯	http://sso.cdclib.org/interlibSSO/goto/6/=06190596Z93/kns55/detail.aspx?QueryID=43&CurRec=1&dbcode=cjfq&dbname=CJFD0305&filename=XDJS200304000	现代计算机(专业版)	2003	2003年04期
基于效率函数求解单件车间调度问题算法的软件实现和实例分析	http://sso.cdclib.org/interlibSSO/goto/6/=06190596Z93/kns55/detail.aspx?QueryID=43&CurRec=2&dbcode=cjfq&dbname=CJFD0305&filename=XDJS200304001	现代计算机(专业版)	2003	2003年04期
多层交换技术	http://sso.cdclib.org/interlibSSO/goto/6/=06190596Z93/kns55/detail.aspx?QueryID=43&CurRec=3&dbcode=cjfq&dbname=CJFD0305&filename=XDJS200304002	现代计算机(专业版)	2003	2003年04期
基于CompactPCI的应用与分析	http://sso.cdclib.org/interlibSSO/goto/6/=06190596Z93/kns55/detail.aspx?QueryID=43&CurRec=4&dbcode=cjfq&dbname=CJFD0305&filename=XDJS200304003	现代计算机(专业版)	2003	2003年04期
基于层级模型的软件开发过程管理	http://sso.cdclib.org/interlibSSO/goto/6/=06190596Z93/kns55/detail.aspx?QueryID=43&CurRec=5&dbcode=cjfq&dbname=CJFD0305&filename=XDJS200304004	现代计算机(专业版)	2003	2003年04期
简析Web Service	http://sso.cdclib.org/interlibSSO/goto/6/=06190596Z93/kns55/detail.aspx?QueryID=43&CurRec=6&dbcode=cjfq&dbname=CJFD0305&filename=XDJS200304005	现代计算机(专业版)	2003	2003年04期
MPI并行编程环境的研究	http://sso.cdclib.org/interlibSSO/goto/6/=06190596Z93/kns55/detail.aspx?QueryID=43&CurRec=7&dbcode=cjfq&dbname=CJFD0305&filename=XDJS200304006	现代计算机(专业版)	2003	2003年04期
OSPF路由协议中邻居状态机的实现技术	http://sso.cdclib.org/interlibSSO/goto/6/=06190596Z93/kns55/detail.aspx?QueryID=43&CurRec=8&dbcode=cjfq&dbname=CJFD0305&filename=XDJS200304007	现代计算机(专业版)	2003	2003年04期
Linux与自由软件	http://sso.cdclib.org/interlibSSO/goto/6/=06190596Z93/kns55/detail.aspx?QueryID=43&CurRec=9&dbcode=cjfq&dbname=CJFD0305&filename=XDJS200304008	现代计算机(专业版)	2003	2003年04期
基于Web的Java并行计算	http://sso.cdclib.org/interlibSSO/goto/6/=06190596Z93/kns55/detail.aspx?QueryID=43&CurRec=10&dbcode=cjfq&dbname=CJFD0305&filename=XDJS200304009	现代计算机(专业版)	2003	2003年04期
浅析计算机审计的风险问题	http://sso.cdclib.org/interlibSSO/goto/6/=06190596Z93/kns55/detail.aspx?QueryID=43&CurRec=11&dbcode=cjfq&dbname=CJFD0305&filename=XDJS200304010	现代计算机(专业版)	2003	2003年04期
拒绝服务攻击与防范	http://sso.cdclib.org/interlibSSO/goto/6/=06190596Z93/kns55/detail.aspx?QueryID=43&CurRec=12&dbcode=cjfq&dbname=CJFD0305&filename=XDJS200304011	现代计算机(专业版)	2003	2003年04期
关于在LAN环境中应用IEEE 802.1X Standard的安全性分析	http://sso.cdclib.org/interlibSSO/goto/6/=06190596Z93/kns55/detail.aspx?QueryID=43&CurRec=13&dbcode=cjfq&dbname=CJFD0305&filename=XDJS200304012	现代计算机(专业版)	2003	2003年04期
网络信息安全技术概述	http://sso.cdclib.org/interlibSSO/goto/6/=06190596Z93/kns55/detail.aspx?QueryID=43&CurRec=14&dbcode=cjfq&dbname=CJFD0305&filename=XDJS200304013	现代计算机(专业版)	2003	2003年04期
一种基于整体拓扑结构的对地图中线对象的细化算法	http://sso.cdclib.org/interlibSSO/goto/6/=06190596Z93/kns55/detail.aspx?QueryID=43&CurRec=15&dbcode=cjfq&dbname=CJFD0305&filename=XDJS200304014	现代计算机(专业版)	2003	2003年04期
PACS开发和应用中的关键问题和技术	http://sso.cdclib.org/interlibSSO/goto/6/=06190596Z93/kns55/detail.aspx?QueryID=43&CurRec=16&dbcode=cjfq&dbname=CJFD0305&filename=XDJS200304015	现代计算机(专业版)	2003	2003年04期
基于Visual InterDev和SQL Server的动态信息发布系统	http://sso.cdclib.org/interlibSSO/goto/6/=06190596Z93/kns55/detail.aspx?QueryID=43&CurRec=17&dbcode=cjfq&dbname=CJFD0305&filename=XDJS200304016	现代计算机(专业版)	2003	2003年04期
基于Web的地学数字博物馆矿物展厅系统的设计与实现	http://sso.cdclib.org/interlibSSO/goto/6/=06190596Z93/kns55/detail.aspx?QueryID=43&CurRec=18&dbcode=cjfq&dbname=CJFD0305&filename=XDJS200304017	现代计算机(专业版)	2003	2003年04期
一种办公自动化系统的研究与开发	http://sso.cdclib.org/interlibSSO/goto/6/=06190596Z93/kns55/detail.aspx?QueryID=43&CurRec=19&dbcode=cjfq&dbname=CJFD0305&filename=XDJS200304018	现代计算机(专业版)	2003	2003年04期
基于Windows CE的手持GPS车辆导航系统的设计	http://sso.cdclib.org/interlibSSO/goto/6/=06190596Z93/kns55/detail.aspx?QueryID=43&CurRec=20&dbcode=cjfq&dbname=CJFD0305&filename=XDJS200304019	现代计算机(专业版)	2003	2003年04期
UML在IC卡管理系统中的应用	http://sso.cdclib.org/interlibSSO/goto/6/=06190596Z93/kns55/detail.aspx?QueryID=43&CurRec=21&dbcode=cjfq&dbname=CJFD0305&filename=XDJS200304020	现代计算机(专业版)	2003	2003年04期
同步、异步数据容灾的性能分析	http://sso.cdclib.org/interlibSSO/goto/6/=06190596Z93/kns55/detail.aspx?QueryID=43&CurRec=22&dbcode=cjfq&dbname=CJFD0305&filename=XDJS200304021	现代计算机(专业版)	2003	2003年04期
ADO在VC++中的基本应用	http://sso.cdclib.org/interlibSSO/goto/6/=06190596Z93/kns55/detail.aspx?QueryID=43&CurRec=23&dbcode=cjfq&dbname=CJFD0305&filename=XDJS200304022	现代计算机(专业版)	2003	2003年04期
基于Delphi的自定制信息的嵌入技术	http://sso.cdclib.org/interlibSSO/goto/6/=06190596Z93/kns55/detail.aspx?QueryID=43&CurRec=24&dbcode=cjfq&dbname=CJFD0305&filename=XDJS200304023	现代计算机(专业版)	2003	2003年04期
构筑Cisco515E PIX防火墙系统	http://sso.cdclib.org/interlibSSO/goto/6/=06190596Z93/kns55/detail.aspx?QueryID=43&CurRec=25&dbcode=cjfq&dbname=CJFD0305&filename=XDJS200304024	现代计算机(专业版)	2003	2003年04期
使用XML数据岛实现数据库查询的分页显示	http://sso.cdclib.org/interlibSSO/goto/6/=06190596Z93/kns55/detail.aspx?QueryID=43&CurRec=26&dbcode=cjfq&dbname=CJFD0305&filename=XDJS200304025	现代计算机(专业版)	2003	2003年04期
简讯	http://sso.cdclib.org/interlibSSO/goto/6/=06190596Z93/kns55/detail.aspx?QueryID=48&CurRec=1&dbcode=cjfq&dbname=CJFD0305&filename=XDJS200303000	现代计算机(专业版)	2003	2003年03期
基于效率函数求解单件车间调度问题算法的完善	http://sso.cdclib.org/interlibSSO/goto/6/=06190596Z93/kns55/detail.aspx?QueryID=48&CurRec=2&dbcode=cjfq&dbname=CJFD0305&filename=XDJS200303001	现代计算机(专业版)	2003	2003年03期
手机人机界面(MMI)软件的PC模拟开发环境设计与实现	http://sso.cdclib.org/interlibSSO/goto/6/=06190596Z93/kns55/detail.aspx?QueryID=48&CurRec=3&dbcode=cjfq&dbname=CJFD0305&filename=XDJS200303002	现代计算机(专业版)	2003	2003年03期
一个双机系统的设计与实现	http://sso.cdclib.org/interlibSSO/goto/6/=06190596Z93/kns55/detail.aspx?QueryID=48&CurRec=4&dbcode=cjfq&dbname=CJFD0305&filename=XDJS200303003	现代计算机(专业版)	2003	2003年03期
基于JMX网络管理体系结构	http://sso.cdclib.org/interlibSSO/goto/6/=06190596Z93/kns55/detail.aspx?QueryID=48&CurRec=5&dbcode=cjfq&dbname=CJFD0305&filename=XDJS200303004	现代计算机(专业版)	2003	2003年03期
Web挖掘及其应用研究	http://sso.cdclib.org/interlibSSO/goto/6/=06190596Z93/kns55/detail.aspx?QueryID=48&CurRec=6&dbcode=cjfq&dbname=CJFD0305&filename=XDJS200303005	现代计算机(专业版)	2003	2003年03期
分形图像编码的改进算法	http://sso.cdclib.org/interlibSSO/goto/6/=06190596Z93/kns55/detail.aspx?QueryID=48&CurRec=7&dbcode=cjfq&dbname=CJFD0305&filename=XDJS200303006	现代计算机(专业版)	2003	2003年03期
山区信息化中的若干问题研究	http://sso.cdclib.org/interlibSSO/goto/6/=06190596Z93/kns55/detail.aspx?QueryID=48&CurRec=8&dbcode=cjfq&dbname=CJFD0305&filename=XDJS200303007	现代计算机(专业版)	2003	2003年03期
基于信息集成技术的数字矿区研究	http://sso.cdclib.org/interlibSSO/goto/6/=06190596Z93/kns55/detail.aspx?QueryID=48&CurRec=9&dbcode=cjfq&dbname=CJFD0305&filename=XDJS200303008	现代计算机(专业版)	2003	2003年03期
基于XML/SOAP的校园Web服务体系构架	http://sso.cdclib.org/interlibSSO/goto/6/=06190596Z93/kns55/detail.aspx?QueryID=48&CurRec=10&dbcode=cjfq&dbname=CJFD0305&filename=XDJS200303009	现代计算机(专业版)	2003	2003年03期
网络实时管理在Applet客户端的实现	http://sso.cdclib.org/interlibSSO/goto/6/=06190596Z93/kns55/detail.aspx?QueryID=48&CurRec=11&dbcode=cjfq&dbname=CJFD0305&filename=XDJS200303010	现代计算机(专业版)	2003	2003年03期
电子商务的基石——Web Services	http://sso.cdclib.org/interlibSSO/goto/6/=06190596Z93/kns55/detail.aspx?QueryID=48&CurRec=12&dbcode=cjfq&dbname=CJFD0305&filename=XDJS200303011	现代计算机(专业版)	2003	2003年03期
CDMA2000-1X分组域原理概述	http://sso.cdclib.org/interlibSSO/goto/6/=06190596Z93/kns55/detail.aspx?QueryID=48&CurRec=13&dbcode=cjfq&dbname=CJFD0305&filename=XDJS200303012	现代计算机(专业版)	2003	2003年03期
在IP上实现QoS	http://sso.cdclib.org/interlibSSO/goto/6/=06190596Z93/kns55/detail.aspx?QueryID=48&CurRec=14&dbcode=cjfq&dbname=CJFD0305&filename=XDJS200303013	现代计算机(专业版)	2003	2003年03期
多媒体通信对网络系统的需求特征	http://sso.cdclib.org/interlibSSO/goto/6/=06190596Z93/kns55/detail.aspx?QueryID=48&CurRec=15&dbcode=cjfq&dbname=CJFD0305&filename=XDJS200303014	现代计算机(专业版)	2003	2003年03期
基于流媒体技术的家用数字图像监控系统	http://sso.cdclib.org/interlibSSO/goto/6/=06190596Z93/kns55/detail.aspx?QueryID=48&CurRec=16&dbcode=cjfq&dbname=CJFD0305&filename=XDJS200303015	现代计算机(专业版)	2003	2003年03期
基于Web的机械设计基础课程教学素材库	http://sso.cdclib.org/interlibSSO/goto/6/=06190596Z93/kns55/detail.aspx?QueryID=48&CurRec=17&dbcode=cjfq&dbname=CJFD0305&filename=XDJS200303016	现代计算机(专业版)	2003	2003年03期
基于数据仓库的银行资产负债管理系统研究与设计	http://sso.cdclib.org/interlibSSO/goto/6/=06190596Z93/kns55/detail.aspx?QueryID=48&CurRec=18&dbcode=cjfq&dbname=CJFD0305&filename=XDJS200303017	现代计算机(专业版)	2003	2003年03期
舞台电脑灯步进电机的自适应调速法	http://sso.cdclib.org/interlibSSO/goto/6/=06190596Z93/kns55/detail.aspx?QueryID=48&CurRec=19&dbcode=cjfq&dbname=CJFD0305&filename=XDJS200303018	现代计算机(专业版)	2003	2003年03期
Java语言如何调用C++语言编写的本地方法	http://sso.cdclib.org/interlibSSO/goto/6/=06190596Z93/kns55/detail.aspx?QueryID=48&CurRec=20&dbcode=cjfq&dbname=CJFD0305&filename=XDJS200303019	现代计算机(专业版)	2003	2003年03期
基于VB开发的《电控汽油发动机》MCAI课件	http://sso.cdclib.org/interlibSSO/goto/6/=06190596Z93/kns55/detail.aspx?QueryID=48&CurRec=21&dbcode=cjfq&dbname=CJFD0305&filename=XDJS200303020	现代计算机(专业版)	2003	2003年03期
AutoCAD2000电气图元菜单生成及与数据库的链接	http://sso.cdclib.org/interlibSSO/goto/6/=06190596Z93/kns55/detail.aspx?QueryID=48&CurRec=22&dbcode=cjfq&dbname=CJFD0305&filename=XDJS200303021	现代计算机(专业版)	2003	2003年03期
基于Indy控件实现SMTP身份验证	http://sso.cdclib.org/interlibSSO/goto/6/=06190596Z93/kns55/detail.aspx?QueryID=48&CurRec=23&dbcode=cjfq&dbname=CJFD0305&filename=XDJS200303022	现代计算机(专业版)	2003	2003年03期
图学课程练习正误诊断系统模型的实现	http://sso.cdclib.org/interlibSSO/goto/6/=06190596Z93/kns55/detail.aspx?QueryID=48&CurRec=24&dbcode=cjfq&dbname=CJFD0305&filename=XDJS200303023	现代计算机(专业版)	2003	2003年03期
基于Delphi多声卡应用的设计与实现	http://sso.cdclib.org/interlibSSO/goto/6/=06190596Z93/kns55/detail.aspx?QueryID=48&CurRec=25&dbcode=cjfq&dbname=CJFD0305&filename=XDJS200303024	现代计算机(专业版)	2003	2003年03期
基于PB数据窗口的数据备份与恢复策略	http://sso.cdclib.org/interlibSSO/goto/6/=06190596Z93/kns55/detail.aspx?QueryID=48&CurRec=26&dbcode=cjfq&dbname=CJFD0305&filename=XDJS200303025	现代计算机(专业版)	2003	2003年03期
简讯	http://sso.cdclib.org/interlibSSO/goto/6/=06190596Z93/kns55/detail.aspx?QueryID=53&CurRec=1&dbcode=cjfq&dbname=CJFD0305&filename=XDJS200302000	现代计算机(专业版)	2003	2003年02期
基于Internet应用的城市三维景观系统解决方案	http://sso.cdclib.org/interlibSSO/goto/6/=06190596Z93/kns55/detail.aspx?QueryID=53&CurRec=2&dbcode=cjfq&dbname=CJFD0305&filename=XDJS200302001	现代计算机(专业版)	2003	2003年02期
中国剩余定理提高RSA解密速度的分析	http://sso.cdclib.org/interlibSSO/goto/6/=06190596Z93/kns55/detail.aspx?QueryID=53&CurRec=3&dbcode=cjfq&dbname=CJFD0305&filename=XDJS200302002	现代计算机(专业版)	2003	2003年02期
H.323系统中GK软件的系统测试	http://sso.cdclib.org/interlibSSO/goto/6/=06190596Z93/kns55/detail.aspx?QueryID=53&CurRec=4&dbcode=cjfq&dbname=CJFD0305&filename=XDJS200302003	现代计算机(专业版)	2003	2003年02期
机群并行系统的设计——机群并行系统设计中需考虑的因素	http://sso.cdclib.org/interlibSSO/goto/6/=06190596Z93/kns55/detail.aspx?QueryID=53&CurRec=5&dbcode=cjfq&dbname=CJFD0305&filename=XDJS200302004	现代计算机(专业版)	2003	2003年02期
软件缺陷的因果分析	http://sso.cdclib.org/interlibSSO/goto/6/=06190596Z93/kns55/detail.aspx?QueryID=53&CurRec=6&dbcode=cjfq&dbname=CJFD0305&filename=XDJS200302005	现代计算机(专业版)	2003	2003年02期
基于Internet的智能个性化检索	http://sso.cdclib.org/interlibSSO/goto/6/=06190596Z93/kns55/detail.aspx?QueryID=53&CurRec=7&dbcode=cjfq&dbname=CJFD0305&filename=XDJS200302006	现代计算机(专业版)	2003	2003年02期
基于CORBA的Web数据挖掘工具的设计及应用	http://sso.cdclib.org/interlibSSO/goto/6/=06190596Z93/kns55/detail.aspx?QueryID=53&CurRec=8&dbcode=cjfq&dbname=CJFD0305&filename=XDJS200302007	现代计算机(专业版)	2003	2003年02期
文本挖掘及其应用	http://sso.cdclib.org/interlibSSO/goto/6/=06190596Z93/kns55/detail.aspx?QueryID=53&CurRec=9&dbcode=cjfq&dbname=CJFD0305&filename=XDJS200302008	现代计算机(专业版)	2003	2003年02期
指纹图像增强算法研究	http://sso.cdclib.org/interlibSSO/goto/6/=06190596Z93/kns55/detail.aspx?QueryID=53&CurRec=10&dbcode=cjfq&dbname=CJFD0305&filename=XDJS200302009	现代计算机(专业版)	2003	2003年02期
基于NIDS入侵检测模型的研究和探讨	http://sso.cdclib.org/interlibSSO/goto/6/=06190596Z93/kns55/detail.aspx?QueryID=53&CurRec=11&dbcode=cjfq&dbname=CJFD0305&filename=XDJS200302010	现代计算机(专业版)	2003	2003年02期
基于MPLS的QoS技术	http://sso.cdclib.org/interlibSSO/goto/6/=06190596Z93/kns55/detail.aspx?QueryID=53&CurRec=12&dbcode=cjfq&dbname=CJFD0305&filename=XDJS200302011	现代计算机(专业版)	2003	2003年02期
浅析改进的SET协议在电子商务中的作用	http://sso.cdclib.org/interlibSSO/goto/6/=06190596Z93/kns55/detail.aspx?QueryID=53&CurRec=13&dbcode=cjfq&dbname=CJFD0305&filename=XDJS200302012	现代计算机(专业版)	2003	2003年02期
商务智能系统	http://sso.cdclib.org/interlibSSO/goto/6/=06190596Z93/kns55/detail.aspx?QueryID=53&CurRec=14&dbcode=cjfq&dbname=CJFD0305&filename=XDJS200302013	现代计算机(专业版)	2003	2003年02期
基于RTOS的嵌入式微型图形人机界面的设计	http://sso.cdclib.org/interlibSSO/goto/6/=06190596Z93/kns55/detail.aspx?QueryID=53&CurRec=15&dbcode=cjfq&dbname=CJFD0305&filename=XDJS200302014	现代计算机(专业版)	2003	2003年02期
通用试题库管理系统的设计与实现	http://sso.cdclib.org/interlibSSO/goto/6/=06190596Z93/kns55/detail.aspx?QueryID=53&CurRec=16&dbcode=cjfq&dbname=CJFD0305&filename=XDJS200302015	现代计算机(专业版)	2003	2003年02期
医院病区网络管理系统的设计与实现	http://sso.cdclib.org/interlibSSO/goto/6/=06190596Z93/kns55/detail.aspx?QueryID=53&CurRec=17&dbcode=cjfq&dbname=CJFD0305&filename=XDJS200302016	现代计算机(专业版)	2003	2003年02期
浅谈Oracle数据库容灾中数据的传输方法	http://sso.cdclib.org/interlibSSO/goto/6/=06190596Z93/kns55/detail.aspx?QueryID=53&CurRec=18&dbcode=cjfq&dbname=CJFD0305&filename=XDJS200302017	现代计算机(专业版)	2003	2003年02期
在PowerBuilder中实现嵌入邮件应用	http://sso.cdclib.org/interlibSSO/goto/6/=06190596Z93/kns55/detail.aspx?QueryID=53&CurRec=19&dbcode=cjfq&dbname=CJFD0305&filename=XDJS200302018	现代计算机(专业版)	2003	2003年02期
C++Builder应用程序在线帮助系统的设计与实现	http://sso.cdclib.org/interlibSSO/goto/6/=06190596Z93/kns55/detail.aspx?QueryID=53&CurRec=20&dbcode=cjfq&dbname=CJFD0305&filename=XDJS200302019	现代计算机(专业版)	2003	2003年02期
DataWindow的数据更新技术及应用	http://sso.cdclib.org/interlibSSO/goto/6/=06190596Z93/kns55/detail.aspx?QueryID=53&CurRec=21&dbcode=cjfq&dbname=CJFD0305&filename=XDJS200302020	现代计算机(专业版)	2003	2003年02期
通用数据库备份恢复构件的设计	http://sso.cdclib.org/interlibSSO/goto/6/=06190596Z93/kns55/detail.aspx?QueryID=53&CurRec=22&dbcode=cjfq&dbname=CJFD0305&filename=XDJS200302021	现代计算机(专业版)	2003	2003年02期
基于ASP.Net实现文件上传	http://sso.cdclib.org/interlibSSO/goto/6/=06190596Z93/kns55/detail.aspx?QueryID=53&CurRec=23&dbcode=cjfq&dbname=CJFD0305&filename=XDJS200302022	现代计算机(专业版)	2003	2003年02期
ASP.NET中二维数据表的交互方案及其应用	http://sso.cdclib.org/interlibSSO/goto/6/=06190596Z93/kns55/detail.aspx?QueryID=53&CurRec=24&dbcode=cjfq&dbname=CJFD0305&filename=XDJS200302023	现代计算机(专业版)	2003	2003年02期
一种MSSQL数据导入导出的方法	http://sso.cdclib.org/interlibSSO/goto/6/=06190596Z93/kns55/detail.aspx?QueryID=53&CurRec=25&dbcode=cjfq&dbname=CJFD0305&filename=XDJS200302024	现代计算机(专业版)	2003	2003年02期
.NET中组装的动态生成与使用	http://sso.cdclib.org/interlibSSO/goto/6/=06190596Z93/kns55/detail.aspx?QueryID=53&CurRec=26&dbcode=cjfq&dbname=CJFD0305&filename=XDJS200302025	现代计算机(专业版)	2003	2003年02期
在.NET中访问注册表的方法	http://sso.cdclib.org/interlibSSO/goto/6/=06190596Z93/kns55/detail.aspx?QueryID=53&CurRec=27&dbcode=cjfq&dbname=CJFD0305&filename=XDJS200302026	现代计算机(专业版)	2003	2003年02期
JSP中网页间传递数据的四种方法	http://sso.cdclib.org/interlibSSO/goto/6/=06190596Z93/kns55/detail.aspx?QueryID=53&CurRec=28&dbcode=cjfq&dbname=CJFD0305&filename=XDJS200302027	现代计算机(专业版)	2003	2003年02期
计算机房及网络设备防雷措施的探讨	http://sso.cdclib.org/interlibSSO/goto/6/=06190596Z93/kns55/detail.aspx?QueryID=53&CurRec=29&dbcode=cjfq&dbname=CJFD0305&filename=XDJS200302028	现代计算机(专业版)	2003	2003年02期
IE的使用技巧	http://sso.cdclib.org/interlibSSO/goto/6/=06190596Z93/kns55/detail.aspx?QueryID=53&CurRec=30&dbcode=cjfq&dbname=CJFD0305&filename=XDJS200302029	现代计算机(专业版)	2003	2003年02期
简讯	http://sso.cdclib.org/interlibSSO/goto/6/=06190596Z93/kns55/detail.aspx?QueryID=58&CurRec=1&dbcode=cjfq&dbname=CJFD0305&filename=XDJS200301000	现代计算机(专业版)	2003	2003年01期
印鉴自动识别系统中模式识别方法的研究	http://sso.cdclib.org/interlibSSO/goto/6/=06190596Z93/kns55/detail.aspx?QueryID=58&CurRec=2&dbcode=cjfq&dbname=CJFD0305&filename=XDJS200301001	现代计算机(专业版)	2003	2003年01期
移动Agent域间发现机制研究	http://sso.cdclib.org/interlibSSO/goto/6/=06190596Z93/kns55/detail.aspx?QueryID=58&CurRec=3&dbcode=cjfq&dbname=CJFD0305&filename=XDJS200301002	现代计算机(专业版)	2003	2003年01期
软件代理技术综述	http://sso.cdclib.org/interlibSSO/goto/6/=06190596Z93/kns55/detail.aspx?QueryID=58&CurRec=4&dbcode=cjfq&dbname=CJFD0305&filename=XDJS200301003	现代计算机(专业版)	2003	2003年01期
多层分布式结构应用系统的维护	http://sso.cdclib.org/interlibSSO/goto/6/=06190596Z93/kns55/detail.aspx?QueryID=58&CurRec=5&dbcode=cjfq&dbname=CJFD0305&filename=XDJS200301004	现代计算机(专业版)	2003	2003年01期
浅析ORACLE的并行控制	http://sso.cdclib.org/interlibSSO/goto/6/=06190596Z93/kns55/detail.aspx?QueryID=58&CurRec=6&dbcode=cjfq&dbname=CJFD0305&filename=XDJS200301005	现代计算机(专业版)	2003	2003年01期
Java多线程同步机制	http://sso.cdclib.org/interlibSSO/goto/6/=06190596Z93/kns55/detail.aspx?QueryID=58&CurRec=7&dbcode=cjfq&dbname=CJFD0305&filename=XDJS200301006	现代计算机(专业版)	2003	2003年01期
企业知识管理中提高知识共享程度的对策研究	http://sso.cdclib.org/interlibSSO/goto/6/=06190596Z93/kns55/detail.aspx?QueryID=58&CurRec=8&dbcode=cjfq&dbname=CJFD0305&filename=XDJS200301007	现代计算机(专业版)	2003	2003年01期
基于Internet的软件开发模式及其主要过程的研究	http://sso.cdclib.org/interlibSSO/goto/6/=06190596Z93/kns55/detail.aspx?QueryID=58&CurRec=9&dbcode=cjfq&dbname=CJFD0305&filename=XDJS200301008	现代计算机(专业版)	2003	2003年01期
一种基于移动Agents技术的电子商务模式	http://sso.cdclib.org/interlibSSO/goto/6/=06190596Z93/kns55/detail.aspx?QueryID=58&CurRec=10&dbcode=cjfq&dbname=CJFD0305&filename=XDJS200301009	现代计算机(专业版)	2003	2003年01期
XML在电子商务中的实施和影响	http://sso.cdclib.org/interlibSSO/goto/6/=06190596Z93/kns55/detail.aspx?QueryID=58&CurRec=11&dbcode=cjfq&dbname=CJFD0305&filename=XDJS200301010	现代计算机(专业版)	2003	2003年01期
Web表单数据加密和签名组件的设计与实现	http://sso.cdclib.org/interlibSSO/goto/6/=06190596Z93/kns55/detail.aspx?QueryID=58&CurRec=12&dbcode=cjfq&dbname=CJFD0305&filename=XDJS200301011	现代计算机(专业版)	2003	2003年01期
基于IPSec协议的虚拟专用网技术	http://sso.cdclib.org/interlibSSO/goto/6/=06190596Z93/kns55/detail.aspx?QueryID=58&CurRec=13&dbcode=cjfq&dbname=CJFD0305&filename=XDJS200301012	现代计算机(专业版)	2003	2003年01期
基于以太网的测控总线	http://sso.cdclib.org/interlibSSO/goto/6/=06190596Z93/kns55/detail.aspx?QueryID=58&CurRec=14&dbcode=cjfq&dbname=CJFD0305&filename=XDJS200301013	现代计算机(专业版)	2003	2003年01期
利用Winsock在WindowsNT或Win2000上的IP通信编程	http://sso.cdclib.org/interlibSSO/goto/6/=06190596Z93/kns55/detail.aspx?QueryID=58&CurRec=15&dbcode=cjfq&dbname=CJFD0305&filename=XDJS200301014	现代计算机(专业版)	2003	2003年01期
GPS机动车辆管理系统实现方案分析	http://sso.cdclib.org/interlibSSO/goto/6/=06190596Z93/kns55/detail.aspx?QueryID=58&CurRec=16&dbcode=cjfq&dbname=CJFD0305&filename=XDJS200301015	现代计算机(专业版)	2003	2003年01期
分布式物料管理系统的开发	http://sso.cdclib.org/interlibSSO/goto/6/=06190596Z93/kns55/detail.aspx?QueryID=58&CurRec=17&dbcode=cjfq&dbname=CJFD0305&filename=XDJS200301016	现代计算机(专业版)	2003	2003年01期
基于网络环境的高校招生管理系统	http://sso.cdclib.org/interlibSSO/goto/6/=06190596Z93/kns55/detail.aspx?QueryID=58&CurRec=18&dbcode=cjfq&dbname=CJFD0305&filename=XDJS200301017	现代计算机(专业版)	2003	2003年01期
用ATL3.0开发DHTML控件	http://sso.cdclib.org/interlibSSO/goto/6/=06190596Z93/kns55/detail.aspx?QueryID=58&CurRec=19&dbcode=cjfq&dbname=CJFD0305&filename=XDJS200301018	现代计算机(专业版)	2003	2003年01期
基于OpenDWG Toolkit访问AutoCAD DWG图形文件	http://sso.cdclib.org/interlibSSO/goto/6/=06190596Z93/kns55/detail.aspx?QueryID=58&CurRec=20&dbcode=cjfq&dbname=CJFD0305&filename=XDJS200301019	现代计算机(专业版)	2003	2003年01期
动态网页设计技术应用方法探讨	http://sso.cdclib.org/interlibSSO/goto/6/=06190596Z93/kns55/detail.aspx?QueryID=58&CurRec=21&dbcode=cjfq&dbname=CJFD0305&filename=XDJS200301020	现代计算机(专业版)	2003	2003年01期
网络数据库系统开发中JDBC的应用	http://sso.cdclib.org/interlibSSO/goto/6/=06190596Z93/kns55/detail.aspx?QueryID=58&CurRec=22&dbcode=cjfq&dbname=CJFD0305&filename=XDJS200301021	现代计算机(专业版)	2003	2003年01期
C++Builder中对消息的处理	http://sso.cdclib.org/interlibSSO/goto/6/=06190596Z93/kns55/detail.aspx?QueryID=58&CurRec=23&dbcode=cjfq&dbname=CJFD0305&filename=XDJS200301022	现代计算机(专业版)	2003	2003年01期
使用Delphi模拟多维数据分析的一种设计	http://sso.cdclib.org/interlibSSO/goto/6/=06190596Z93/kns55/detail.aspx?QueryID=58&CurRec=24&dbcode=cjfq&dbname=CJFD0305&filename=XDJS200301023	现代计算机(专业版)	2003	2003年01期
基于Authorware的多媒体CAI课件	http://sso.cdclib.org/interlibSSO/goto/6/=06190596Z93/kns55/detail.aspx?QueryID=58&CurRec=25&dbcode=cjfq&dbname=CJFD0305&filename=XDJS200301024	现代计算机(专业版)	2003	2003年01期
Delphi程序设计技巧二则	http://sso.cdclib.org/interlibSSO/goto/6/=06190596Z93/kns55/detail.aspx?QueryID=58&CurRec=26&dbcode=cjfq&dbname=CJFD0305&filename=XDJS200301025	现代计算机(专业版)	2003	2003年01期
Turbo C在微机接口程序设计和教学中的应用	http://sso.cdclib.org/interlibSSO/goto/6/=06190596Z93/kns55/detail.aspx?QueryID=58&CurRec=27&dbcode=cjfq&dbname=CJFD0305&filename=XDJS200301026	现代计算机(专业版)	2003	2003年01期
管理信息系统课程设计的平台与教学探讨	http://sso.cdclib.org/interlibSSO/goto/6/=06190596Z93/kns55/detail.aspx?QueryID=58&CurRec=28&dbcode=cjfq&dbname=CJFD0305&filename=XDJS200301027	现代计算机(专业版)	2003	2003年01期
用单片机制作简谐振动图像演示仪	http://sso.cdclib.org/interlibSSO/goto/6/=06190596Z93/kns55/detail.aspx?QueryID=58&CurRec=29&dbcode=cjfq&dbname=CJFD0305&filename=XDJS200301028	现代计算机(专业版)	2003	2003年01期
