中信银行业务AS/400应用系统	http://sso.cdclib.org/interlibSSO/goto/6/=06190596Z93/kns55/detail.aspx?QueryID=4&CurRec=1&dbcode=cjfq&dbname=CJFD9498&filename=XTYY199512000	计算机系统应用	1995	1995年12期
计算机集成系统的大系统广义模型化研究	http://sso.cdclib.org/interlibSSO/goto/6/=06190596Z93/kns55/detail.aspx?QueryID=4&CurRec=2&dbcode=cjfq&dbname=CJFD9498&filename=XTYY199512001	计算机系统应用	1995	1995年12期
CIMS中刀具管理系统的研究与开发	http://sso.cdclib.org/interlibSSO/goto/6/=06190596Z93/kns55/detail.aspx?QueryID=4&CurRec=3&dbcode=cjfq&dbname=CJFD9498&filename=XTYY199512002	计算机系统应用	1995	1995年12期
供用电管理决策支持系统的开发与设计	http://sso.cdclib.org/interlibSSO/goto/6/=06190596Z93/kns55/detail.aspx?QueryID=4&CurRec=4&dbcode=cjfq&dbname=CJFD9498&filename=XTYY199512003	计算机系统应用	1995	1995年12期
炭黑袋滤计算机控制系统	http://sso.cdclib.org/interlibSSO/goto/6/=06190596Z93/kns55/detail.aspx?QueryID=4&CurRec=5&dbcode=cjfq&dbname=CJFD9498&filename=XTYY199512004	计算机系统应用	1995	1995年12期
律师事务所计算机管理系统设计与实现	http://sso.cdclib.org/interlibSSO/goto/6/=06190596Z93/kns55/detail.aspx?QueryID=4&CurRec=6&dbcode=cjfq&dbname=CJFD9498&filename=XTYY199512005	计算机系统应用	1995	1995年12期
机场气象信息管理系统的设计	http://sso.cdclib.org/interlibSSO/goto/6/=06190596Z93/kns55/detail.aspx?QueryID=4&CurRec=7&dbcode=cjfq&dbname=CJFD9498&filename=XTYY199512006	计算机系统应用	1995	1995年12期
关于建立对象模型的探讨	http://sso.cdclib.org/interlibSSO/goto/6/=06190596Z93/kns55/detail.aspx?QueryID=4&CurRec=8&dbcode=cjfq&dbname=CJFD9498&filename=XTYY199512007	计算机系统应用	1995	1995年12期
以BPR为指导的MIS实施战略	http://sso.cdclib.org/interlibSSO/goto/6/=06190596Z93/kns55/detail.aspx?QueryID=4&CurRec=9&dbcode=cjfq&dbname=CJFD9498&filename=XTYY199512008	计算机系统应用	1995	1995年12期
用Visual Basic开发数据处理程序──药理学计算程序包	http://sso.cdclib.org/interlibSSO/goto/6/=06190596Z93/kns55/detail.aspx?QueryID=4&CurRec=10&dbcode=cjfq&dbname=CJFD9498&filename=XTYY199512009	计算机系统应用	1995	1995年12期
运用淡入淡出和动画技术制作动态软件封面	http://sso.cdclib.org/interlibSSO/goto/6/=06190596Z93/kns55/detail.aspx?QueryID=4&CurRec=11&dbcode=cjfq&dbname=CJFD9498&filename=XTYY199512010	计算机系统应用	1995	1995年12期
Windows3.1下的串行通讯系统	http://sso.cdclib.org/interlibSSO/goto/6/=06190596Z93/kns55/detail.aspx?QueryID=4&CurRec=12&dbcode=cjfq&dbname=CJFD9498&filename=XTYY199512011	计算机系统应用	1995	1995年12期
股票行情实时传输系统	http://sso.cdclib.org/interlibSSO/goto/6/=06190596Z93/kns55/detail.aspx?QueryID=4&CurRec=13&dbcode=cjfq&dbname=CJFD9498&filename=XTYY199512012	计算机系统应用	1995	1995年12期
Windows NT下网络系统集成的解决方案	http://sso.cdclib.org/interlibSSO/goto/6/=06190596Z93/kns55/detail.aspx?QueryID=4&CurRec=14&dbcode=cjfq&dbname=CJFD9498&filename=XTYY199512013	计算机系统应用	1995	1995年12期
Windows 3.1两种运行模式的比较与应用	http://sso.cdclib.org/interlibSSO/goto/6/=06190596Z93/kns55/detail.aspx?QueryID=4&CurRec=15&dbcode=cjfq&dbname=CJFD9498&filename=XTYY199512014	计算机系统应用	1995	1995年12期
关于Windows 3.1的窗口	http://sso.cdclib.org/interlibSSO/goto/6/=06190596Z93/kns55/detail.aspx?QueryID=4&CurRec=16&dbcode=cjfq&dbname=CJFD9498&filename=XTYY199512015	计算机系统应用	1995	1995年12期
Windows鼠标操作技法	http://sso.cdclib.org/interlibSSO/goto/6/=06190596Z93/kns55/detail.aspx?QueryID=4&CurRec=17&dbcode=cjfq&dbname=CJFD9498&filename=XTYY199512016	计算机系统应用	1995	1995年12期
对《几种微机故障诊断排除方法》一文的反馈	http://sso.cdclib.org/interlibSSO/goto/6/=06190596Z93/kns55/detail.aspx?QueryID=4&CurRec=18&dbcode=cjfq&dbname=CJFD9498&filename=XTYY199512017	计算机系统应用	1995	1995年12期
仿真计算器的通用C程序	http://sso.cdclib.org/interlibSSO/goto/6/=06190596Z93/kns55/detail.aspx?QueryID=4&CurRec=19&dbcode=cjfq&dbname=CJFD9498&filename=XTYY199512018	计算机系统应用	1995	1995年12期
教育软件的优势	http://sso.cdclib.org/interlibSSO/goto/6/=06190596Z93/kns55/detail.aspx?QueryID=4&CurRec=20&dbcode=cjfq&dbname=CJFD9498&filename=XTYY199512019	计算机系统应用	1995	1995年12期
图形用户接口	http://sso.cdclib.org/interlibSSO/goto/6/=06190596Z93/kns55/detail.aspx?QueryID=4&CurRec=21&dbcode=cjfq&dbname=CJFD9498&filename=XTYY199512020	计算机系统应用	1995	1995年12期
美国百世逻辑(BusLogic)宣布发展高速光纤通道技术　光纤通道是下一代I/O市场主要趋势	http://sso.cdclib.org/interlibSSO/goto/6/=06190596Z93/kns55/detail.aspx?QueryID=4&CurRec=22&dbcode=cjfq&dbname=CJFD9498&filename=XTYY199512021	计算机系统应用	1995	1995年12期
IBM用户协会95'年会暨新技术展示会在广州举行	http://sso.cdclib.org/interlibSSO/goto/6/=06190596Z93/kns55/detail.aspx?QueryID=4&CurRec=23&dbcode=cjfq&dbname=CJFD9498&filename=XTYY199512022	计算机系统应用	1995	1995年12期
第五次国内外计算机厂商及其产品信誉评议揭晓会	http://sso.cdclib.org/interlibSSO/goto/6/=06190596Z93/kns55/detail.aspx?QueryID=4&CurRec=24&dbcode=cjfq&dbname=CJFD9498&filename=XTYY199512023	计算机系统应用	1995	1995年12期
IBM发布OS/2WARP CONNECT提供强大联网功能	http://sso.cdclib.org/interlibSSO/goto/6/=06190596Z93/kns55/detail.aspx?QueryID=4&CurRec=25&dbcode=cjfq&dbname=CJFD9498&filename=XTYY199512024	计算机系统应用	1995	1995年12期
商场管理信息系统分析与设计	http://sso.cdclib.org/interlibSSO/goto/6/=06190596Z93/kns55/detail.aspx?QueryID=10&CurRec=1&dbcode=cjfq&dbname=CJFD9498&filename=XTYY199511000	计算机系统应用	1995	1995年11期
经济效益显著的农业供电MIS广域网	http://sso.cdclib.org/interlibSSO/goto/6/=06190596Z93/kns55/detail.aspx?QueryID=10&CurRec=2&dbcode=cjfq&dbname=CJFD9498&filename=XTYY199511001	计算机系统应用	1995	1995年11期
基于IDEF方法的投入产出通用模型建设	http://sso.cdclib.org/interlibSSO/goto/6/=06190596Z93/kns55/detail.aspx?QueryID=10&CurRec=3&dbcode=cjfq&dbname=CJFD9498&filename=XTYY199511002	计算机系统应用	1995	1995年11期
汽车修理生产管理系统的分析	http://sso.cdclib.org/interlibSSO/goto/6/=06190596Z93/kns55/detail.aspx?QueryID=10&CurRec=4&dbcode=cjfq&dbname=CJFD9498&filename=XTYY199511003	计算机系统应用	1995	1995年11期
铁路工务设备图象管理及传输系统	http://sso.cdclib.org/interlibSSO/goto/6/=06190596Z93/kns55/detail.aspx?QueryID=10&CurRec=5&dbcode=cjfq&dbname=CJFD9498&filename=XTYY199511004	计算机系统应用	1995	1995年11期
楼宇展示多媒体系统的面向对象分析和设计	http://sso.cdclib.org/interlibSSO/goto/6/=06190596Z93/kns55/detail.aspx?QueryID=10&CurRec=6&dbcode=cjfq&dbname=CJFD9498&filename=XTYY199511005	计算机系统应用	1995	1995年11期
管理信息系统开发过程中应注意的问题	http://sso.cdclib.org/interlibSSO/goto/6/=06190596Z93/kns55/detail.aspx?QueryID=10&CurRec=7&dbcode=cjfq&dbname=CJFD9498&filename=XTYY199511006	计算机系统应用	1995	1995年11期
面向对象技术在办公系统分析中的应用	http://sso.cdclib.org/interlibSSO/goto/6/=06190596Z93/kns55/detail.aspx?QueryID=10&CurRec=8&dbcode=cjfq&dbname=CJFD9498&filename=XTYY199511007	计算机系统应用	1995	1995年11期
一个实用的NOVELL网络设计及有关问题讨论	http://sso.cdclib.org/interlibSSO/goto/6/=06190596Z93/kns55/detail.aspx?QueryID=10&CurRec=9&dbcode=cjfq&dbname=CJFD9498&filename=XTYY199511008	计算机系统应用	1995	1995年11期
一个计算机网络信息系统的设计	http://sso.cdclib.org/interlibSSO/goto/6/=06190596Z93/kns55/detail.aspx?QueryID=10&CurRec=10&dbcode=cjfq&dbname=CJFD9498&filename=XTYY199511009	计算机系统应用	1995	1995年11期
仿真终端方式下数据的传输技术	http://sso.cdclib.org/interlibSSO/goto/6/=06190596Z93/kns55/detail.aspx?QueryID=10&CurRec=11&dbcode=cjfq&dbname=CJFD9498&filename=XTYY199511010	计算机系统应用	1995	1995年11期
Dingital局域网与远程网的连接及故障处理	http://sso.cdclib.org/interlibSSO/goto/6/=06190596Z93/kns55/detail.aspx?QueryID=10&CurRec=12&dbcode=cjfq&dbname=CJFD9498&filename=XTYY199511011	计算机系统应用	1995	1995年11期
’95IBM现代零售业信息技术展示会在京举行	http://sso.cdclib.org/interlibSSO/goto/6/=06190596Z93/kns55/detail.aspx?QueryID=10&CurRec=13&dbcode=cjfq&dbname=CJFD9498&filename=XTYY199511012	计算机系统应用	1995	1995年11期
通过内存变量文件实现Pascal与FoxBASE间数据传送	http://sso.cdclib.org/interlibSSO/goto/6/=06190596Z93/kns55/detail.aspx?QueryID=10&CurRec=14&dbcode=cjfq&dbname=CJFD9498&filename=XTYY199511013	计算机系统应用	1995	1995年11期
汉字FoxBASE下换页命令的正确使用	http://sso.cdclib.org/interlibSSO/goto/6/=06190596Z93/kns55/detail.aspx?QueryID=10&CurRec=15&dbcode=cjfq&dbname=CJFD9498&filename=XTYY199511014	计算机系统应用	1995	1995年11期
再谈FoxPRO下软盘驱动器状态的检测	http://sso.cdclib.org/interlibSSO/goto/6/=06190596Z93/kns55/detail.aspx?QueryID=10&CurRec=16&dbcode=cjfq&dbname=CJFD9498&filename=XTYY199511015	计算机系统应用	1995	1995年11期
带使用权限的通用下拉式菜单的程序设计	http://sso.cdclib.org/interlibSSO/goto/6/=06190596Z93/kns55/detail.aspx?QueryID=10&CurRec=17&dbcode=cjfq&dbname=CJFD9498&filename=XTYY199511016	计算机系统应用	1995	1995年11期
用UCDOS的特殊显示功能作图	http://sso.cdclib.org/interlibSSO/goto/6/=06190596Z93/kns55/detail.aspx?QueryID=10&CurRec=18&dbcode=cjfq&dbname=CJFD9498&filename=XTYY199511017	计算机系统应用	1995	1995年11期
以绘制直方图为例谈FoxBASE的通用设计	http://sso.cdclib.org/interlibSSO/goto/6/=06190596Z93/kns55/detail.aspx?QueryID=10&CurRec=19&dbcode=cjfq&dbname=CJFD9498&filename=XTYY199511018	计算机系统应用	1995	1995年11期
FoxBASE+2.10万能悬挂下拉式菜单	http://sso.cdclib.org/interlibSSO/goto/6/=06190596Z93/kns55/detail.aspx?QueryID=10&CurRec=20&dbcode=cjfq&dbname=CJFD9498&filename=XTYY199511019	计算机系统应用	1995	1995年11期
卡拉OK制作和演奏实用程序	http://sso.cdclib.org/interlibSSO/goto/6/=06190596Z93/kns55/detail.aspx?QueryID=10&CurRec=21&dbcode=cjfq&dbname=CJFD9498&filename=XTYY199511020	计算机系统应用	1995	1995年11期
Windows BMP图象的颜色匹配及显示	http://sso.cdclib.org/interlibSSO/goto/6/=06190596Z93/kns55/detail.aspx?QueryID=10&CurRec=22&dbcode=cjfq&dbname=CJFD9498&filename=XTYY199511021	计算机系统应用	1995	1995年11期
给FoxBASE添一副金嗓子	http://sso.cdclib.org/interlibSSO/goto/6/=06190596Z93/kns55/detail.aspx?QueryID=10&CurRec=23&dbcode=cjfq&dbname=CJFD9498&filename=XTYY199511022	计算机系统应用	1995	1995年11期
虚拟变量在C语言编程中的妙用	http://sso.cdclib.org/interlibSSO/goto/6/=06190596Z93/kns55/detail.aspx?QueryID=10&CurRec=24&dbcode=cjfq&dbname=CJFD9498&filename=XTYY199511023	计算机系统应用	1995	1995年11期
日本关西国际机场信息系统开发考察	http://sso.cdclib.org/interlibSSO/goto/6/=06190596Z93/kns55/detail.aspx?QueryID=10&CurRec=25&dbcode=cjfq&dbname=CJFD9498&filename=XTYY199511024	计算机系统应用	1995	1995年11期
工程图纸的现代化管理与再利用	http://sso.cdclib.org/interlibSSO/goto/6/=06190596Z93/kns55/detail.aspx?QueryID=10&CurRec=26&dbcode=cjfq&dbname=CJFD9498&filename=XTYY199511025	计算机系统应用	1995	1995年11期
INFORMIX在开发MIS/MPSB中的应用	http://sso.cdclib.org/interlibSSO/goto/6/=06190596Z93/kns55/detail.aspx?QueryID=10&CurRec=27&dbcode=cjfq&dbname=CJFD9498&filename=XTYY199511026	计算机系统应用	1995	1995年11期
企业效益评估统计分析专家系统	http://sso.cdclib.org/interlibSSO/goto/6/=06190596Z93/kns55/detail.aspx?QueryID=16&CurRec=1&dbcode=cjfq&dbname=CJFD9498&filename=XTYY199510000	计算机系统应用	1995	1995年10期
县级供电企业计算机管理系统的设计与实现	http://sso.cdclib.org/interlibSSO/goto/6/=06190596Z93/kns55/detail.aspx?QueryID=16&CurRec=2&dbcode=cjfq&dbname=CJFD9498&filename=XTYY199510001	计算机系统应用	1995	1995年10期
重油开发公司微机网络管理信息系统的开发	http://sso.cdclib.org/interlibSSO/goto/6/=06190596Z93/kns55/detail.aspx?QueryID=16&CurRec=3&dbcode=cjfq&dbname=CJFD9498&filename=XTYY199510002	计算机系统应用	1995	1995年10期
基于微机网络的分布式交通监控系统	http://sso.cdclib.org/interlibSSO/goto/6/=06190596Z93/kns55/detail.aspx?QueryID=16&CurRec=4&dbcode=cjfq&dbname=CJFD9498&filename=XTYY199510003	计算机系统应用	1995	1995年10期
物资供应网络信息系统的设计与实现	http://sso.cdclib.org/interlibSSO/goto/6/=06190596Z93/kns55/detail.aspx?QueryID=16&CurRec=5&dbcode=cjfq&dbname=CJFD9498&filename=XTYY199510004	计算机系统应用	1995	1995年10期
面向对象的字符窗口系统的设计	http://sso.cdclib.org/interlibSSO/goto/6/=06190596Z93/kns55/detail.aspx?QueryID=16&CurRec=6&dbcode=cjfq&dbname=CJFD9498&filename=XTYY199510005	计算机系统应用	1995	1995年10期
数据库应用设计的研究	http://sso.cdclib.org/interlibSSO/goto/6/=06190596Z93/kns55/detail.aspx?QueryID=16&CurRec=7&dbcode=cjfq&dbname=CJFD9498&filename=XTYY199510006	计算机系统应用	1995	1995年10期
MIS软件需求的研究	http://sso.cdclib.org/interlibSSO/goto/6/=06190596Z93/kns55/detail.aspx?QueryID=16&CurRec=8&dbcode=cjfq&dbname=CJFD9498&filename=XTYY199510007	计算机系统应用	1995	1995年10期
论修船主题数据库的规划与实现	http://sso.cdclib.org/interlibSSO/goto/6/=06190596Z93/kns55/detail.aspx?QueryID=16&CurRec=9&dbcode=cjfq&dbname=CJFD9498&filename=XTYY199510008	计算机系统应用	1995	1995年10期
专家系统在数据网络中的应用	http://sso.cdclib.org/interlibSSO/goto/6/=06190596Z93/kns55/detail.aspx?QueryID=16&CurRec=10&dbcode=cjfq&dbname=CJFD9498&filename=XTYY199510009	计算机系统应用	1995	1995年10期
NetWare网络操作系统文件属性的研究	http://sso.cdclib.org/interlibSSO/goto/6/=06190596Z93/kns55/detail.aspx?QueryID=16&CurRec=11&dbcode=cjfq&dbname=CJFD9498&filename=XTYY199510010	计算机系统应用	1995	1995年10期
从Internet上获取资源的有效方法	http://sso.cdclib.org/interlibSSO/goto/6/=06190596Z93/kns55/detail.aspx?QueryID=16&CurRec=12&dbcode=cjfq&dbname=CJFD9498&filename=XTYY199510011	计算机系统应用	1995	1995年10期
磁盘文件一体化加密技术	http://sso.cdclib.org/interlibSSO/goto/6/=06190596Z93/kns55/detail.aspx?QueryID=16&CurRec=13&dbcode=cjfq&dbname=CJFD9498&filename=XTYY199510012	计算机系统应用	1995	1995年10期
通用电脑病毒免疫技术及疫苗的生成	http://sso.cdclib.org/interlibSSO/goto/6/=06190596Z93/kns55/detail.aspx?QueryID=16&CurRec=14&dbcode=cjfq&dbname=CJFD9498&filename=XTYY199510013	计算机系统应用	1995	1995年10期
也谈软件加密技术	http://sso.cdclib.org/interlibSSO/goto/6/=06190596Z93/kns55/detail.aspx?QueryID=16&CurRec=15&dbcode=cjfq&dbname=CJFD9498&filename=XTYY199510014	计算机系统应用	1995	1995年10期
再谈C编程中屏幕录入的实用程序	http://sso.cdclib.org/interlibSSO/goto/6/=06190596Z93/kns55/detail.aspx?QueryID=16&CurRec=16&dbcode=cjfq&dbname=CJFD9498&filename=XTYY199510015	计算机系统应用	1995	1995年10期
含原字符的阴影处理技巧	http://sso.cdclib.org/interlibSSO/goto/6/=06190596Z93/kns55/detail.aspx?QueryID=16&CurRec=17&dbcode=cjfq&dbname=CJFD9498&filename=XTYY199510016	计算机系统应用	1995	1995年10期
C程序获取系统日历时钟的方法及函数	http://sso.cdclib.org/interlibSSO/goto/6/=06190596Z93/kns55/detail.aspx?QueryID=16&CurRec=18&dbcode=cjfq&dbname=CJFD9498&filename=XTYY199510017	计算机系统应用	1995	1995年10期
DEBUG功能的进一步完善	http://sso.cdclib.org/interlibSSO/goto/6/=06190596Z93/kns55/detail.aspx?QueryID=16&CurRec=19&dbcode=cjfq&dbname=CJFD9498&filename=XTYY199510018	计算机系统应用	1995	1995年10期
PC-DOSV6.3中BACKUP功能的实现	http://sso.cdclib.org/interlibSSO/goto/6/=06190596Z93/kns55/detail.aspx?QueryID=16&CurRec=20&dbcode=cjfq&dbname=CJFD9498&filename=XTYY199510019	计算机系统应用	1995	1995年10期
西科姆公司银行综合应用系统解决方案OpenIBS	http://sso.cdclib.org/interlibSSO/goto/6/=06190596Z93/kns55/detail.aspx?QueryID=16&CurRec=21&dbcode=cjfq&dbname=CJFD9498&filename=XTYY199510020	计算机系统应用	1995	1995年10期
UNIX系统管理整体解决方案──CA-UNICENTER	http://sso.cdclib.org/interlibSSO/goto/6/=06190596Z93/kns55/detail.aspx?QueryID=16&CurRec=22&dbcode=cjfq&dbname=CJFD9498&filename=XTYY199510021	计算机系统应用	1995	1995年10期
商用调制解调器应具有怎样的功能	http://sso.cdclib.org/interlibSSO/goto/6/=06190596Z93/kns55/detail.aspx?QueryID=16&CurRec=23&dbcode=cjfq&dbname=CJFD9498&filename=XTYY199510022	计算机系统应用	1995	1995年10期
IBM年内将推出超大型并行机──专访IBM高级副总裁Nicholas M.Donofrio氏	http://sso.cdclib.org/interlibSSO/goto/6/=06190596Z93/kns55/detail.aspx?QueryID=16&CurRec=24&dbcode=cjfq&dbname=CJFD9498&filename=XTYY199510023	计算机系统应用	1995	1995年10期
AST 95'最新产品率先登场	http://sso.cdclib.org/interlibSSO/goto/6/=06190596Z93/kns55/detail.aspx?QueryID=16&CurRec=25&dbcode=cjfq&dbname=CJFD9498&filename=XTYY199510024	计算机系统应用	1995	1995年10期
第三届SAS系统研讨会在京举行	http://sso.cdclib.org/interlibSSO/goto/6/=06190596Z93/kns55/detail.aspx?QueryID=16&CurRec=26&dbcode=cjfq&dbname=CJFD9498&filename=XTYY199510025	计算机系统应用	1995	1995年10期
SSA与KPMG、EDS制造业系统携手共拓中国IT市场	http://sso.cdclib.org/interlibSSO/goto/6/=06190596Z93/kns55/detail.aspx?QueryID=16&CurRec=27&dbcode=cjfq&dbname=CJFD9498&filename=XTYY199510026	计算机系统应用	1995	1995年10期
全面开创银行管理现代化　建行深圳分行与西科姆(中国)有限公司有限公司合作加速金融电子化进程	http://sso.cdclib.org/interlibSSO/goto/6/=06190596Z93/kns55/detail.aspx?QueryID=16&CurRec=28&dbcode=cjfq&dbname=CJFD9498&filename=XTYY199510027	计算机系统应用	1995	1995年10期
清华大学管理信息系统建设及其策略	http://sso.cdclib.org/interlibSSO/goto/6/=06190596Z93/kns55/detail.aspx?QueryID=22&CurRec=1&dbcode=cjfq&dbname=CJFD9498&filename=XTYY199509000	计算机系统应用	1995	1995年09期
办公自动化系统的研究和实践	http://sso.cdclib.org/interlibSSO/goto/6/=06190596Z93/kns55/detail.aspx?QueryID=22&CurRec=2&dbcode=cjfq&dbname=CJFD9498&filename=XTYY199509001	计算机系统应用	1995	1995年09期
清华大学图书馆自动化信息服务系统	http://sso.cdclib.org/interlibSSO/goto/6/=06190596Z93/kns55/detail.aspx?QueryID=22&CurRec=3&dbcode=cjfq&dbname=CJFD9498&filename=XTYY199509002	计算机系统应用	1995	1995年09期
研究生管理信息系统建设浅论	http://sso.cdclib.org/interlibSSO/goto/6/=06190596Z93/kns55/detail.aspx?QueryID=22&CurRec=4&dbcode=cjfq&dbname=CJFD9498&filename=XTYY199509003	计算机系统应用	1995	1995年09期
基于客户/服务器方式的计算机选课系统	http://sso.cdclib.org/interlibSSO/goto/6/=06190596Z93/kns55/detail.aspx?QueryID=22&CurRec=5&dbcode=cjfq&dbname=CJFD9498&filename=XTYY199509004	计算机系统应用	1995	1995年09期
大学“信息与计算机基础设施”建设的研究	http://sso.cdclib.org/interlibSSO/goto/6/=06190596Z93/kns55/detail.aspx?QueryID=22&CurRec=6&dbcode=cjfq&dbname=CJFD9498&filename=XTYY199509005	计算机系统应用	1995	1995年09期
信息系统快速生成技术	http://sso.cdclib.org/interlibSSO/goto/6/=06190596Z93/kns55/detail.aspx?QueryID=22&CurRec=7&dbcode=cjfq&dbname=CJFD9498&filename=XTYY199509006	计算机系统应用	1995	1995年09期
信息工程开发工具的研究	http://sso.cdclib.org/interlibSSO/goto/6/=06190596Z93/kns55/detail.aspx?QueryID=22&CurRec=8&dbcode=cjfq&dbname=CJFD9498&filename=XTYY199509007	计算机系统应用	1995	1995年09期
用逆向链方法开发的专家系统	http://sso.cdclib.org/interlibSSO/goto/6/=06190596Z93/kns55/detail.aspx?QueryID=22&CurRec=9&dbcode=cjfq&dbname=CJFD9498&filename=XTYY199509008	计算机系统应用	1995	1995年09期
浅谈MIS面向对象的设计方法	http://sso.cdclib.org/interlibSSO/goto/6/=06190596Z93/kns55/detail.aspx?QueryID=22&CurRec=10&dbcode=cjfq&dbname=CJFD9498&filename=XTYY199509009	计算机系统应用	1995	1995年09期
清华大学校园网(TUnet)建设	http://sso.cdclib.org/interlibSSO/goto/6/=06190596Z93/kns55/detail.aspx?QueryID=22&CurRec=11&dbcode=cjfq&dbname=CJFD9498&filename=XTYY199509010	计算机系统应用	1995	1995年09期
Novell网在教学上的应用研究与实现	http://sso.cdclib.org/interlibSSO/goto/6/=06190596Z93/kns55/detail.aspx?QueryID=22&CurRec=12&dbcode=cjfq&dbname=CJFD9498&filename=XTYY199509011	计算机系统应用	1995	1995年09期
网络构筑美国的大学校园	http://sso.cdclib.org/interlibSSO/goto/6/=06190596Z93/kns55/detail.aspx?QueryID=22&CurRec=13&dbcode=cjfq&dbname=CJFD9498&filename=XTYY199509012	计算机系统应用	1995	1995年09期
关于备注型字段自动处理的几种方法	http://sso.cdclib.org/interlibSSO/goto/6/=06190596Z93/kns55/detail.aspx?QueryID=22&CurRec=14&dbcode=cjfq&dbname=CJFD9498&filename=XTYY199509013	计算机系统应用	1995	1995年09期
在Unix及Windows下安装Netscape软件	http://sso.cdclib.org/interlibSSO/goto/6/=06190596Z93/kns55/detail.aspx?QueryID=22&CurRec=15&dbcode=cjfq&dbname=CJFD9498&filename=XTYY199509014	计算机系统应用	1995	1995年09期
XENIX系统引导时常见软故障及其维护	http://sso.cdclib.org/interlibSSO/goto/6/=06190596Z93/kns55/detail.aspx?QueryID=22&CurRec=16&dbcode=cjfq&dbname=CJFD9498&filename=XTYY199509015	计算机系统应用	1995	1995年09期
XENIX系统设备特殊文件的构造	http://sso.cdclib.org/interlibSSO/goto/6/=06190596Z93/kns55/detail.aspx?QueryID=22&CurRec=17&dbcode=cjfq&dbname=CJFD9498&filename=XTYY199509016	计算机系统应用	1995	1995年09期
对WPS系统的一处修正	http://sso.cdclib.org/interlibSSO/goto/6/=06190596Z93/kns55/detail.aspx?QueryID=22&CurRec=18&dbcode=cjfq&dbname=CJFD9498&filename=XTYY199509017	计算机系统应用	1995	1995年09期
XENIX系统下键损坏的软处理	http://sso.cdclib.org/interlibSSO/goto/6/=06190596Z93/kns55/detail.aspx?QueryID=22&CurRec=19&dbcode=cjfq&dbname=CJFD9498&filename=XTYY199509018	计算机系统应用	1995	1995年09期
FoxPro for Windows树型菜单设计优化	http://sso.cdclib.org/interlibSSO/goto/6/=06190596Z93/kns55/detail.aspx?QueryID=22&CurRec=20&dbcode=cjfq&dbname=CJFD9498&filename=XTYY199509019	计算机系统应用	1995	1995年09期
《分节式语句输入法》讲座(下)	http://sso.cdclib.org/interlibSSO/goto/6/=06190596Z93/kns55/detail.aspx?QueryID=22&CurRec=21&dbcode=cjfq&dbname=CJFD9498&filename=XTYY199509020	计算机系统应用	1995	1995年09期
对国际上大规模系统相继失败的分析──加强项目管理是当务之急	http://sso.cdclib.org/interlibSSO/goto/6/=06190596Z93/kns55/detail.aspx?QueryID=22&CurRec=22&dbcode=cjfq&dbname=CJFD9498&filename=XTYY199509021	计算机系统应用	1995	1995年09期
基于INFORMIX建设电力企业管理信息系统	http://sso.cdclib.org/interlibSSO/goto/6/=06190596Z93/kns55/detail.aspx?QueryID=22&CurRec=23&dbcode=cjfq&dbname=CJFD9498&filename=XTYY199509022	计算机系统应用	1995	1995年09期
95佳能打印机技术展暨彩色喷墨打印机新产品发布会	http://sso.cdclib.org/interlibSSO/goto/6/=06190596Z93/kns55/detail.aspx?QueryID=22&CurRec=24&dbcode=cjfq&dbname=CJFD9498&filename=XTYY199509023	计算机系统应用	1995	1995年09期
IBM在北京设立信息技术中心	http://sso.cdclib.org/interlibSSO/goto/6/=06190596Z93/kns55/detail.aspx?QueryID=22&CurRec=25&dbcode=cjfq&dbname=CJFD9498&filename=XTYY199509024	计算机系统应用	1995	1995年09期
中华通信系统公司与美国亚美达科公司合作建设太原移动通信网	http://sso.cdclib.org/interlibSSO/goto/6/=06190596Z93/kns55/detail.aspx?QueryID=22&CurRec=26&dbcode=cjfq&dbname=CJFD9498&filename=XTYY199509025	计算机系统应用	1995	1995年09期
HT-V77中西文单色字符终端通过鉴定	http://sso.cdclib.org/interlibSSO/goto/6/=06190596Z93/kns55/detail.aspx?QueryID=22&CurRec=27&dbcode=cjfq&dbname=CJFD9498&filename=XTYY199509026	计算机系统应用	1995	1995年09期
基于RISC/6000的银行应用系统	http://sso.cdclib.org/interlibSSO/goto/6/=06190596Z93/kns55/detail.aspx?QueryID=28&CurRec=1&dbcode=cjfq&dbname=CJFD9498&filename=XTYY199508000	计算机系统应用	1995	1995年08期
河北建设银行网络工程的设计与实现	http://sso.cdclib.org/interlibSSO/goto/6/=06190596Z93/kns55/detail.aspx?QueryID=28&CurRec=2&dbcode=cjfq&dbname=CJFD9498&filename=XTYY199508001	计算机系统应用	1995	1995年08期
ATM全国网络的本地控制系统	http://sso.cdclib.org/interlibSSO/goto/6/=06190596Z93/kns55/detail.aspx?QueryID=28&CurRec=3&dbcode=cjfq&dbname=CJFD9498&filename=XTYY199508002	计算机系统应用	1995	1995年08期
无锡人民银行同城拨号网的建设	http://sso.cdclib.org/interlibSSO/goto/6/=06190596Z93/kns55/detail.aspx?QueryID=28&CurRec=4&dbcode=cjfq&dbname=CJFD9498&filename=XTYY199508003	计算机系统应用	1995	1995年08期
养老金管理网络系统设计与实现	http://sso.cdclib.org/interlibSSO/goto/6/=06190596Z93/kns55/detail.aspx?QueryID=28&CurRec=5&dbcode=cjfq&dbname=CJFD9498&filename=XTYY199508004	计算机系统应用	1995	1995年08期
泰安人行AS/400同城清算系统	http://sso.cdclib.org/interlibSSO/goto/6/=06190596Z93/kns55/detail.aspx?QueryID=28&CurRec=6&dbcode=cjfq&dbname=CJFD9498&filename=XTYY199508005	计算机系统应用	1995	1995年08期
AutoCAD用户化菜单开发	http://sso.cdclib.org/interlibSSO/goto/6/=06190596Z93/kns55/detail.aspx?QueryID=28&CurRec=7&dbcode=cjfq&dbname=CJFD9498&filename=XTYY199508006	计算机系统应用	1995	1995年08期
CAD标注汉卡的设计	http://sso.cdclib.org/interlibSSO/goto/6/=06190596Z93/kns55/detail.aspx?QueryID=28&CurRec=8&dbcode=cjfq&dbname=CJFD9498&filename=XTYY199508007	计算机系统应用	1995	1995年08期
机械CAD系统的设计	http://sso.cdclib.org/interlibSSO/goto/6/=06190596Z93/kns55/detail.aspx?QueryID=28&CurRec=9&dbcode=cjfq&dbname=CJFD9498&filename=XTYY199508008	计算机系统应用	1995	1995年08期
工程图纸的CAD图形及数据管理系统	http://sso.cdclib.org/interlibSSO/goto/6/=06190596Z93/kns55/detail.aspx?QueryID=28&CurRec=10&dbcode=cjfq&dbname=CJFD9498&filename=XTYY199508009	计算机系统应用	1995	1995年08期
提花织物CAM系统的设计原理与工作过程	http://sso.cdclib.org/interlibSSO/goto/6/=06190596Z93/kns55/detail.aspx?QueryID=28&CurRec=11&dbcode=cjfq&dbname=CJFD9498&filename=XTYY199508010	计算机系统应用	1995	1995年08期
机械设计与工艺CAD专家系统	http://sso.cdclib.org/interlibSSO/goto/6/=06190596Z93/kns55/detail.aspx?QueryID=28&CurRec=12&dbcode=cjfq&dbname=CJFD9498&filename=XTYY199508011	计算机系统应用	1995	1995年08期
铁路简支梁桥设计CAD系统微机版的研制	http://sso.cdclib.org/interlibSSO/goto/6/=06190596Z93/kns55/detail.aspx?QueryID=28&CurRec=13&dbcode=cjfq&dbname=CJFD9498&filename=XTYY199508012	计算机系统应用	1995	1995年08期
如何加快AutoCAD作图速度	http://sso.cdclib.org/interlibSSO/goto/6/=06190596Z93/kns55/detail.aspx?QueryID=28&CurRec=14&dbcode=cjfq&dbname=CJFD9498&filename=XTYY199508013	计算机系统应用	1995	1995年08期
CAD技术在车辆工程中的应用	http://sso.cdclib.org/interlibSSO/goto/6/=06190596Z93/kns55/detail.aspx?QueryID=28&CurRec=15&dbcode=cjfq&dbname=CJFD9498&filename=XTYY199508014	计算机系统应用	1995	1995年08期
三键声形码(钱码)汉字输入法	http://sso.cdclib.org/interlibSSO/goto/6/=06190596Z93/kns55/detail.aspx?QueryID=28&CurRec=16&dbcode=cjfq&dbname=CJFD9498&filename=XTYY199508015	计算机系统应用	1995	1995年08期
西文DOS环境下汉字交互式界面的设计──一种汉字模糊输入方法	http://sso.cdclib.org/interlibSSO/goto/6/=06190596Z93/kns55/detail.aspx?QueryID=28&CurRec=17&dbcode=cjfq&dbname=CJFD9498&filename=XTYY199508016	计算机系统应用	1995	1995年08期
金山CC DOS五笔字型词组扩充程序	http://sso.cdclib.org/interlibSSO/goto/6/=06190596Z93/kns55/detail.aspx?QueryID=28&CurRec=18&dbcode=cjfq&dbname=CJFD9498&filename=XTYY199508017	计算机系统应用	1995	1995年08期
SPDOS双拼双音输入法的使用	http://sso.cdclib.org/interlibSSO/goto/6/=06190596Z93/kns55/detail.aspx?QueryID=28&CurRec=19&dbcode=cjfq&dbname=CJFD9498&filename=XTYY199508018	计算机系统应用	1995	1995年08期
《分节式语句输入法》讲座(上)	http://sso.cdclib.org/interlibSSO/goto/6/=06190596Z93/kns55/detail.aspx?QueryID=28&CurRec=20&dbcode=cjfq&dbname=CJFD9498&filename=XTYY199508019	计算机系统应用	1995	1995年08期
FoxPro与汇编语言的接口	http://sso.cdclib.org/interlibSSO/goto/6/=06190596Z93/kns55/detail.aspx?QueryID=28&CurRec=21&dbcode=cjfq&dbname=CJFD9498&filename=XTYY199508020	计算机系统应用	1995	1995年08期
FoxPro中鼠标的使用与编程	http://sso.cdclib.org/interlibSSO/goto/6/=06190596Z93/kns55/detail.aspx?QueryID=28&CurRec=22&dbcode=cjfq&dbname=CJFD9498&filename=XTYY199508021	计算机系统应用	1995	1995年08期
基于FoxPro2.5Windows下的通用查询	http://sso.cdclib.org/interlibSSO/goto/6/=06190596Z93/kns55/detail.aspx?QueryID=28&CurRec=23&dbcode=cjfq&dbname=CJFD9498&filename=XTYY199508022	计算机系统应用	1995	1995年08期
为Windows程序配置图标	http://sso.cdclib.org/interlibSSO/goto/6/=06190596Z93/kns55/detail.aspx?QueryID=28&CurRec=24&dbcode=cjfq&dbname=CJFD9498&filename=XTYY199508023	计算机系统应用	1995	1995年08期
限制Windows应用程序多个实例的方法	http://sso.cdclib.org/interlibSSO/goto/6/=06190596Z93/kns55/detail.aspx?QueryID=28&CurRec=25&dbcode=cjfq&dbname=CJFD9498&filename=XTYY199508024	计算机系统应用	1995	1995年08期
WPS文本文件误加密的处理方法	http://sso.cdclib.org/interlibSSO/goto/6/=06190596Z93/kns55/detail.aspx?QueryID=28&CurRec=26&dbcode=cjfq&dbname=CJFD9498&filename=XTYY199508025	计算机系统应用	1995	1995年08期
运行于SGI工作站的PDMS软件开发应用	http://sso.cdclib.org/interlibSSO/goto/6/=06190596Z93/kns55/detail.aspx?QueryID=28&CurRec=27&dbcode=cjfq&dbname=CJFD9498&filename=XTYY199508026	计算机系统应用	1995	1995年08期
郁金香电脑公司进军中国在群雄并起的中国计算机市场又一位巨人正在崛起	http://sso.cdclib.org/interlibSSO/goto/6/=06190596Z93/kns55/detail.aspx?QueryID=28&CurRec=28&dbcode=cjfq&dbname=CJFD9498&filename=XTYY199508027	计算机系统应用	1995	1995年08期
HP举办电信应用技术研讨会	http://sso.cdclib.org/interlibSSO/goto/6/=06190596Z93/kns55/detail.aspx?QueryID=28&CurRec=29&dbcode=cjfq&dbname=CJFD9498&filename=XTYY199508028	计算机系统应用	1995	1995年08期
财务分析决策信息系统的开发和应用	http://sso.cdclib.org/interlibSSO/goto/6/=06190596Z93/kns55/detail.aspx?QueryID=34&CurRec=1&dbcode=cjfq&dbname=CJFD9498&filename=XTYY199507000	计算机系统应用	1995	1995年07期
一个财会信息应用生成系统的设计和实现	http://sso.cdclib.org/interlibSSO/goto/6/=06190596Z93/kns55/detail.aspx?QueryID=34&CurRec=2&dbcode=cjfq&dbname=CJFD9498&filename=XTYY199507001	计算机系统应用	1995	1995年07期
预算管理信息系统的设计与实现	http://sso.cdclib.org/interlibSSO/goto/6/=06190596Z93/kns55/detail.aspx?QueryID=34&CurRec=3&dbcode=cjfq&dbname=CJFD9498&filename=XTYY199507002	计算机系统应用	1995	1995年07期
财政应用系统中口径调整机制的设计及实现	http://sso.cdclib.org/interlibSSO/goto/6/=06190596Z93/kns55/detail.aspx?QueryID=34&CurRec=4&dbcode=cjfq&dbname=CJFD9498&filename=XTYY199507003	计算机系统应用	1995	1995年07期
财政应用系统中的代码管理问题	http://sso.cdclib.org/interlibSSO/goto/6/=06190596Z93/kns55/detail.aspx?QueryID=34&CurRec=5&dbcode=cjfq&dbname=CJFD9498&filename=XTYY199507004	计算机系统应用	1995	1995年07期
通用会计电算化系统设计方法	http://sso.cdclib.org/interlibSSO/goto/6/=06190596Z93/kns55/detail.aspx?QueryID=34&CurRec=6&dbcode=cjfq&dbname=CJFD9498&filename=XTYY199507005	计算机系统应用	1995	1995年07期
一个基于数据库的报表系统	http://sso.cdclib.org/interlibSSO/goto/6/=06190596Z93/kns55/detail.aspx?QueryID=34&CurRec=7&dbcode=cjfq&dbname=CJFD9498&filename=XTYY199507006	计算机系统应用	1995	1995年07期
财务决策支持系统	http://sso.cdclib.org/interlibSSO/goto/6/=06190596Z93/kns55/detail.aspx?QueryID=34&CurRec=8&dbcode=cjfq&dbname=CJFD9498&filename=XTYY199507007	计算机系统应用	1995	1995年07期
我国会计电算化的发展情况	http://sso.cdclib.org/interlibSSO/goto/6/=06190596Z93/kns55/detail.aspx?QueryID=34&CurRec=9&dbcode=cjfq&dbname=CJFD9498&filename=XTYY199507008	计算机系统应用	1995	1995年07期
加速发展我国会计电算化事业的对策	http://sso.cdclib.org/interlibSSO/goto/6/=06190596Z93/kns55/detail.aspx?QueryID=34&CurRec=10&dbcode=cjfq&dbname=CJFD9498&filename=XTYY199507009	计算机系统应用	1995	1995年07期
Windows的消息系统及多任务机制	http://sso.cdclib.org/interlibSSO/goto/6/=06190596Z93/kns55/detail.aspx?QueryID=34&CurRec=11&dbcode=cjfq&dbname=CJFD9498&filename=XTYY199507010	计算机系统应用	1995	1995年07期
Windows动态连接库的建立和使用	http://sso.cdclib.org/interlibSSO/goto/6/=06190596Z93/kns55/detail.aspx?QueryID=34&CurRec=12&dbcode=cjfq&dbname=CJFD9498&filename=XTYY199507011	计算机系统应用	1995	1995年07期
Windows通用菜单生成器	http://sso.cdclib.org/interlibSSO/goto/6/=06190596Z93/kns55/detail.aspx?QueryID=34&CurRec=13&dbcode=cjfq&dbname=CJFD9498&filename=XTYY199507012	计算机系统应用	1995	1995年07期
Windows环境下对内存进行跨段访问	http://sso.cdclib.org/interlibSSO/goto/6/=06190596Z93/kns55/detail.aspx?QueryID=34&CurRec=14&dbcode=cjfq&dbname=CJFD9498&filename=XTYY199507013	计算机系统应用	1995	1995年07期
Windows环境下的文件输入与输出处理	http://sso.cdclib.org/interlibSSO/goto/6/=06190596Z93/kns55/detail.aspx?QueryID=34&CurRec=15&dbcode=cjfq&dbname=CJFD9498&filename=XTYY199507014	计算机系统应用	1995	1995年07期
WINDOWS应用软件的汉化	http://sso.cdclib.org/interlibSSO/goto/6/=06190596Z93/kns55/detail.aspx?QueryID=34&CurRec=16&dbcode=cjfq&dbname=CJFD9498&filename=XTYY199507015	计算机系统应用	1995	1995年07期
一种显示任意数据库字段的通用方法	http://sso.cdclib.org/interlibSSO/goto/6/=06190596Z93/kns55/detail.aspx?QueryID=34&CurRec=17&dbcode=cjfq&dbname=CJFD9498&filename=XTYY199507016	计算机系统应用	1995	1995年07期
几种微机故障诊断排除方法	http://sso.cdclib.org/interlibSSO/goto/6/=06190596Z93/kns55/detail.aspx?QueryID=34&CurRec=18&dbcode=cjfq&dbname=CJFD9498&filename=XTYY199507017	计算机系统应用	1995	1995年07期
在FoxBASE中一种在线帮助的方法	http://sso.cdclib.org/interlibSSO/goto/6/=06190596Z93/kns55/detail.aspx?QueryID=34&CurRec=19&dbcode=cjfq&dbname=CJFD9498&filename=XTYY199507018	计算机系统应用	1995	1995年07期
在FoxBASE中一种新颖菜单的设计	http://sso.cdclib.org/interlibSSO/goto/6/=06190596Z93/kns55/detail.aspx?QueryID=34&CurRec=20&dbcode=cjfq&dbname=CJFD9498&filename=XTYY199507019	计算机系统应用	1995	1995年07期
FoxPro与C语言程序接口分析	http://sso.cdclib.org/interlibSSO/goto/6/=06190596Z93/kns55/detail.aspx?QueryID=34&CurRec=21&dbcode=cjfq&dbname=CJFD9498&filename=XTYY199507020	计算机系统应用	1995	1995年07期
也谈删除目录树	http://sso.cdclib.org/interlibSSO/goto/6/=06190596Z93/kns55/detail.aspx?QueryID=34&CurRec=22&dbcode=cjfq&dbname=CJFD9498&filename=XTYY199507021	计算机系统应用	1995	1995年07期
从《XENIX下误删文件的恢复方法》谈起	http://sso.cdclib.org/interlibSSO/goto/6/=06190596Z93/kns55/detail.aspx?QueryID=34&CurRec=23&dbcode=cjfq&dbname=CJFD9498&filename=XTYY199507022	计算机系统应用	1995	1995年07期
XENIX应用中的若干问题及解决方法	http://sso.cdclib.org/interlibSSO/goto/6/=06190596Z93/kns55/detail.aspx?QueryID=34&CurRec=24&dbcode=cjfq&dbname=CJFD9498&filename=XTYY199507023	计算机系统应用	1995	1995年07期
基于AS/400环境的财务往来管理软件	http://sso.cdclib.org/interlibSSO/goto/6/=06190596Z93/kns55/detail.aspx?QueryID=34&CurRec=25&dbcode=cjfq&dbname=CJFD9498&filename=XTYY199507024	计算机系统应用	1995	1995年07期
通用财务报表生成器的设计与实现	http://sso.cdclib.org/interlibSSO/goto/6/=06190596Z93/kns55/detail.aspx?QueryID=34&CurRec=26&dbcode=cjfq&dbname=CJFD9498&filename=XTYY199507025	计算机系统应用	1995	1995年07期
医学诊断统计软件的设计	http://sso.cdclib.org/interlibSSO/goto/6/=06190596Z93/kns55/detail.aspx?QueryID=34&CurRec=27&dbcode=cjfq&dbname=CJFD9498&filename=XTYY199507026	计算机系统应用	1995	1995年07期
IBM信息系统服务事业部(AS)’95新举措	http://sso.cdclib.org/interlibSSO/goto/6/=06190596Z93/kns55/detail.aspx?QueryID=34&CurRec=28&dbcode=cjfq&dbname=CJFD9498&filename=XTYY199507027	计算机系统应用	1995	1995年07期
IBM发布新的RS/6000产品	http://sso.cdclib.org/interlibSSO/goto/6/=06190596Z93/kns55/detail.aspx?QueryID=34&CurRec=29&dbcode=cjfq&dbname=CJFD9498&filename=XTYY199507028	计算机系统应用	1995	1995年07期
Oracle与国家科委、电子部共同举行信息管理大型研讨会	http://sso.cdclib.org/interlibSSO/goto/6/=06190596Z93/kns55/detail.aspx?QueryID=34&CurRec=30&dbcode=cjfq&dbname=CJFD9498&filename=XTYY199507029	计算机系统应用	1995	1995年07期
Informix首届国际信息技术应用大会	http://sso.cdclib.org/interlibSSO/goto/6/=06190596Z93/kns55/detail.aspx?QueryID=34&CurRec=31&dbcode=cjfq&dbname=CJFD9498&filename=XTYY199507030	计算机系统应用	1995	1995年07期
SCO宣布支持Oracle7 Workgroup Server──一个功能强大可支持Windows和UNIX环境的商业关键性集成解决方案	http://sso.cdclib.org/interlibSSO/goto/6/=06190596Z93/kns55/detail.aspx?QueryID=34&CurRec=32&dbcode=cjfq&dbname=CJFD9498&filename=XTYY199507031	计算机系统应用	1995	1995年07期
西门子利多富公司开发中国市场	http://sso.cdclib.org/interlibSSO/goto/6/=06190596Z93/kns55/detail.aspx?QueryID=34&CurRec=33&dbcode=cjfq&dbname=CJFD9498&filename=XTYY199507032	计算机系统应用	1995	1995年07期
“信息仓库”帮助现代企业克服信息障碍	http://sso.cdclib.org/interlibSSO/goto/6/=06190596Z93/kns55/detail.aspx?QueryID=34&CurRec=34&dbcode=cjfq&dbname=CJFD9498&filename=XTYY199507033	计算机系统应用	1995	1995年07期
企业多媒体信息系统的设计与实现	http://sso.cdclib.org/interlibSSO/goto/6/=06190596Z93/kns55/detail.aspx?QueryID=40&CurRec=1&dbcode=cjfq&dbname=CJFD9498&filename=XTYY199506000	计算机系统应用	1995	1995年06期
高校多媒体信息系统的设计与实现	http://sso.cdclib.org/interlibSSO/goto/6/=06190596Z93/kns55/detail.aspx?QueryID=40&CurRec=2&dbcode=cjfq&dbname=CJFD9498&filename=XTYY199506001	计算机系统应用	1995	1995年06期
多媒体应用系统的快速设计与实现	http://sso.cdclib.org/interlibSSO/goto/6/=06190596Z93/kns55/detail.aspx?QueryID=40&CurRec=3&dbcode=cjfq&dbname=CJFD9498&filename=XTYY199506002	计算机系统应用	1995	1995年06期
分布式多媒体数据库应用	http://sso.cdclib.org/interlibSSO/goto/6/=06190596Z93/kns55/detail.aspx?QueryID=40&CurRec=4&dbcode=cjfq&dbname=CJFD9498&filename=XTYY199506003	计算机系统应用	1995	1995年06期
科研课题事前评估系统的设计和应用	http://sso.cdclib.org/interlibSSO/goto/6/=06190596Z93/kns55/detail.aspx?QueryID=40&CurRec=5&dbcode=cjfq&dbname=CJFD9498&filename=XTYY199506004	计算机系统应用	1995	1995年06期
心理咨询专家系统的开发及应用	http://sso.cdclib.org/interlibSSO/goto/6/=06190596Z93/kns55/detail.aspx?QueryID=40&CurRec=6&dbcode=cjfq&dbname=CJFD9498&filename=XTYY199506005	计算机系统应用	1995	1995年06期
需求分析文档生成器的设计及实现	http://sso.cdclib.org/interlibSSO/goto/6/=06190596Z93/kns55/detail.aspx?QueryID=40&CurRec=7&dbcode=cjfq&dbname=CJFD9498&filename=XTYY199506006	计算机系统应用	1995	1995年06期
FoxPRO事件驱动接口的实现	http://sso.cdclib.org/interlibSSO/goto/6/=06190596Z93/kns55/detail.aspx?QueryID=40&CurRec=8&dbcode=cjfq&dbname=CJFD9498&filename=XTYY199506007	计算机系统应用	1995	1995年06期
计算机物资管理系统中的材料核算	http://sso.cdclib.org/interlibSSO/goto/6/=06190596Z93/kns55/detail.aspx?QueryID=40&CurRec=9&dbcode=cjfq&dbname=CJFD9498&filename=XTYY199506008	计算机系统应用	1995	1995年06期
对象建模技术	http://sso.cdclib.org/interlibSSO/goto/6/=06190596Z93/kns55/detail.aspx?QueryID=40&CurRec=10&dbcode=cjfq&dbname=CJFD9498&filename=XTYY199506009	计算机系统应用	1995	1995年06期
干扰对微机控制系统的影响及其防治	http://sso.cdclib.org/interlibSSO/goto/6/=06190596Z93/kns55/detail.aspx?QueryID=40&CurRec=11&dbcode=cjfq&dbname=CJFD9498&filename=XTYY199506010	计算机系统应用	1995	1995年06期
一种新颖的微机数据采集系统	http://sso.cdclib.org/interlibSSO/goto/6/=06190596Z93/kns55/detail.aspx?QueryID=40&CurRec=12&dbcode=cjfq&dbname=CJFD9498&filename=XTYY199506011	计算机系统应用	1995	1995年06期
MS-DOS 6.X多配置机制及应用	http://sso.cdclib.org/interlibSSO/goto/6/=06190596Z93/kns55/detail.aspx?QueryID=40&CurRec=13&dbcode=cjfq&dbname=CJFD9498&filename=XTYY199506012	计算机系统应用	1995	1995年06期
DOS6.X系统优化的深入探讨	http://sso.cdclib.org/interlibSSO/goto/6/=06190596Z93/kns55/detail.aspx?QueryID=40&CurRec=14&dbcode=cjfq&dbname=CJFD9498&filename=XTYY199506013	计算机系统应用	1995	1995年06期
软盘驱动器诊断及磁头再定位工具软件	http://sso.cdclib.org/interlibSSO/goto/6/=06190596Z93/kns55/detail.aspx?QueryID=40&CurRec=15&dbcode=cjfq&dbname=CJFD9498&filename=XTYY199506014	计算机系统应用	1995	1995年06期
如何在C语言中直接使用XMS	http://sso.cdclib.org/interlibSSO/goto/6/=06190596Z93/kns55/detail.aspx?QueryID=40&CurRec=16&dbcode=cjfq&dbname=CJFD9498&filename=XTYY199506015	计算机系统应用	1995	1995年06期
在PC机上增设测试集成电路功能	http://sso.cdclib.org/interlibSSO/goto/6/=06190596Z93/kns55/detail.aspx?QueryID=40&CurRec=17&dbcode=cjfq&dbname=CJFD9498&filename=XTYY199506016	计算机系统应用	1995	1995年06期
为用户制作简易实用的目录窗口	http://sso.cdclib.org/interlibSSO/goto/6/=06190596Z93/kns55/detail.aspx?QueryID=40&CurRec=18&dbcode=cjfq&dbname=CJFD9498&filename=XTYY199506017	计算机系统应用	1995	1995年06期
巧用Borland C++资源编辑器	http://sso.cdclib.org/interlibSSO/goto/6/=06190596Z93/kns55/detail.aspx?QueryID=40&CurRec=19&dbcode=cjfq&dbname=CJFD9498&filename=XTYY199506018	计算机系统应用	1995	1995年06期
灵活实用的曲线拟合软件	http://sso.cdclib.org/interlibSSO/goto/6/=06190596Z93/kns55/detail.aspx?QueryID=40&CurRec=20&dbcode=cjfq&dbname=CJFD9498&filename=XTYY199506019	计算机系统应用	1995	1995年06期
PL/I和FORTRAN的UPSI接口	http://sso.cdclib.org/interlibSSO/goto/6/=06190596Z93/kns55/detail.aspx?QueryID=40&CurRec=21&dbcode=cjfq&dbname=CJFD9498&filename=XTYY199506020	计算机系统应用	1995	1995年06期
为FoxPRO增加一个列表函数	http://sso.cdclib.org/interlibSSO/goto/6/=06190596Z93/kns55/detail.aspx?QueryID=40&CurRec=22&dbcode=cjfq&dbname=CJFD9498&filename=XTYY199506021	计算机系统应用	1995	1995年06期
Macintosh系统软件剖析	http://sso.cdclib.org/interlibSSO/goto/6/=06190596Z93/kns55/detail.aspx?QueryID=40&CurRec=23&dbcode=cjfq&dbname=CJFD9498&filename=XTYY199506022	计算机系统应用	1995	1995年06期
绿色电脑	http://sso.cdclib.org/interlibSSO/goto/6/=06190596Z93/kns55/detail.aspx?QueryID=40&CurRec=24&dbcode=cjfq&dbname=CJFD9498&filename=XTYY199506023	计算机系统应用	1995	1995年06期
西科姆(中国)电子安全事业介绍	http://sso.cdclib.org/interlibSSO/goto/6/=06190596Z93/kns55/detail.aspx?QueryID=40&CurRec=25&dbcode=cjfq&dbname=CJFD9498&filename=XTYY199506024	计算机系统应用	1995	1995年06期
海关EDI自动化通关系统	http://sso.cdclib.org/interlibSSO/goto/6/=06190596Z93/kns55/detail.aspx?QueryID=46&CurRec=1&dbcode=cjfq&dbname=CJFD9498&filename=XTYY199505000	计算机系统应用	1995	1995年05期
北京海关EDI通关系统	http://sso.cdclib.org/interlibSSO/goto/6/=06190596Z93/kns55/detail.aspx?QueryID=46&CurRec=2&dbcode=cjfq&dbname=CJFD9498&filename=XTYY199505001	计算机系统应用	1995	1995年05期
多功能提款卡的计算机化管理	http://sso.cdclib.org/interlibSSO/goto/6/=06190596Z93/kns55/detail.aspx?QueryID=46&CurRec=3&dbcode=cjfq&dbname=CJFD9498&filename=XTYY199505002	计算机系统应用	1995	1995年05期
知识题库信息处理系统的设计与实现	http://sso.cdclib.org/interlibSSO/goto/6/=06190596Z93/kns55/detail.aspx?QueryID=46&CurRec=4&dbcode=cjfq&dbname=CJFD9498&filename=XTYY199505003	计算机系统应用	1995	1995年05期
图书发行信息处理系统的开发	http://sso.cdclib.org/interlibSSO/goto/6/=06190596Z93/kns55/detail.aspx?QueryID=46&CurRec=5&dbcode=cjfq&dbname=CJFD9498&filename=XTYY199505004	计算机系统应用	1995	1995年05期
NetWare与UNIX的互联方法与实现	http://sso.cdclib.org/interlibSSO/goto/6/=06190596Z93/kns55/detail.aspx?QueryID=46&CurRec=6&dbcode=cjfq&dbname=CJFD9498&filename=XTYY199505005	计算机系统应用	1995	1995年05期
UNIX网络中NFS实现的探讨	http://sso.cdclib.org/interlibSSO/goto/6/=06190596Z93/kns55/detail.aspx?QueryID=46&CurRec=7&dbcode=cjfq&dbname=CJFD9498&filename=XTYY199505006	计算机系统应用	1995	1995年05期
Netware API的编程环境与系统功能调用	http://sso.cdclib.org/interlibSSO/goto/6/=06190596Z93/kns55/detail.aspx?QueryID=46&CurRec=8&dbcode=cjfq&dbname=CJFD9498&filename=XTYY199505007	计算机系统应用	1995	1995年05期
基于MAS的无线数据通信网络设计	http://sso.cdclib.org/interlibSSO/goto/6/=06190596Z93/kns55/detail.aspx?QueryID=46&CurRec=9&dbcode=cjfq&dbname=CJFD9498&filename=XTYY199505008	计算机系统应用	1995	1995年05期
NOVELL环境下数据库的远程传输	http://sso.cdclib.org/interlibSSO/goto/6/=06190596Z93/kns55/detail.aspx?QueryID=46&CurRec=10&dbcode=cjfq&dbname=CJFD9498&filename=XTYY199505009	计算机系统应用	1995	1995年05期
Novell网络环境下Windows的安装与使用	http://sso.cdclib.org/interlibSSO/goto/6/=06190596Z93/kns55/detail.aspx?QueryID=46&CurRec=11&dbcode=cjfq&dbname=CJFD9498&filename=XTYY199505010	计算机系统应用	1995	1995年05期
Novell网络文件服务器及其资源的维护	http://sso.cdclib.org/interlibSSO/goto/6/=06190596Z93/kns55/detail.aspx?QueryID=46&CurRec=12&dbcode=cjfq&dbname=CJFD9498&filename=XTYY199505011	计算机系统应用	1995	1995年05期
变压器产品辅助设计网络的建立及应用	http://sso.cdclib.org/interlibSSO/goto/6/=06190596Z93/kns55/detail.aspx?QueryID=46&CurRec=13&dbcode=cjfq&dbname=CJFD9498&filename=XTYY199505012	计算机系统应用	1995	1995年05期
基于Foxpro通用快速分类查询程序的设计	http://sso.cdclib.org/interlibSSO/goto/6/=06190596Z93/kns55/detail.aspx?QueryID=46&CurRec=14&dbcode=cjfq&dbname=CJFD9498&filename=XTYY199505013	计算机系统应用	1995	1995年05期
FoxBASE下报表汇总系统的实现方法	http://sso.cdclib.org/interlibSSO/goto/6/=06190596Z93/kns55/detail.aspx?QueryID=46&CurRec=15&dbcode=cjfq&dbname=CJFD9498&filename=XTYY199505014	计算机系统应用	1995	1995年05期
FoxPro下实现对软盘驱动器中软盘状态的检测	http://sso.cdclib.org/interlibSSO/goto/6/=06190596Z93/kns55/detail.aspx?QueryID=46&CurRec=16&dbcode=cjfq&dbname=CJFD9498&filename=XTYY199505015	计算机系统应用	1995	1995年05期
FoxPro2.5程序设计中的几个应用技巧	http://sso.cdclib.org/interlibSSO/goto/6/=06190596Z93/kns55/detail.aspx?QueryID=46&CurRec=17&dbcode=cjfq&dbname=CJFD9498&filename=XTYY199505016	计算机系统应用	1995	1995年05期
美国EDI应用状况	http://sso.cdclib.org/interlibSSO/goto/6/=06190596Z93/kns55/detail.aspx?QueryID=46&CurRec=18&dbcode=cjfq&dbname=CJFD9498&filename=XTYY199505017	计算机系统应用	1995	1995年05期
EDI报文标准	http://sso.cdclib.org/interlibSSO/goto/6/=06190596Z93/kns55/detail.aspx?QueryID=46&CurRec=19&dbcode=cjfq&dbname=CJFD9498&filename=XTYY199505018	计算机系统应用	1995	1995年05期
西科姆(中国)金融电子化项目介绍	http://sso.cdclib.org/interlibSSO/goto/6/=06190596Z93/kns55/detail.aspx?QueryID=46&CurRec=20&dbcode=cjfq&dbname=CJFD9498&filename=XTYY199505019	计算机系统应用	1995	1995年05期
也谈FoxBASE下不打印零的方法	http://sso.cdclib.org/interlibSSO/goto/6/=06190596Z93/kns55/detail.aspx?QueryID=46&CurRec=21&dbcode=cjfq&dbname=CJFD9498&filename=XTYY199505020	计算机系统应用	1995	1995年05期
Hayes ULTRA系列调制解调器在中国分组网上的应用	http://sso.cdclib.org/interlibSSO/goto/6/=06190596Z93/kns55/detail.aspx?QueryID=46&CurRec=22&dbcode=cjfq&dbname=CJFD9498&filename=XTYY199505021	计算机系统应用	1995	1995年05期
SCO与IBM达成策略性合作伙伴协议	http://sso.cdclib.org/interlibSSO/goto/6/=06190596Z93/kns55/detail.aspx?QueryID=46&CurRec=23&dbcode=cjfq&dbname=CJFD9498&filename=XTYY199505022	计算机系统应用	1995	1995年05期
靠产品质量,更要靠服务──来自IPM和IBM的花絮	http://sso.cdclib.org/interlibSSO/goto/6/=06190596Z93/kns55/detail.aspx?QueryID=46&CurRec=24&dbcode=cjfq&dbname=CJFD9498&filename=XTYY199505023	计算机系统应用	1995	1995年05期
本刊专访──“金桥工程”访谈	http://sso.cdclib.org/interlibSSO/goto/6/=06190596Z93/kns55/detail.aspx?QueryID=52&CurRec=1&dbcode=cjfq&dbname=CJFD9498&filename=XTYY199504000	计算机系统应用	1995	1995年04期
生物多样性保护的地理信息系统的设计	http://sso.cdclib.org/interlibSSO/goto/6/=06190596Z93/kns55/detail.aspx?QueryID=52&CurRec=2&dbcode=cjfq&dbname=CJFD9498&filename=XTYY199504001	计算机系统应用	1995	1995年04期
城市地理信息系统的应用与开发机制	http://sso.cdclib.org/interlibSSO/goto/6/=06190596Z93/kns55/detail.aspx?QueryID=52&CurRec=3&dbcode=cjfq&dbname=CJFD9498&filename=XTYY199504002	计算机系统应用	1995	1995年04期
基于图元的图文数据库管理系统	http://sso.cdclib.org/interlibSSO/goto/6/=06190596Z93/kns55/detail.aspx?QueryID=52&CurRec=4&dbcode=cjfq&dbname=CJFD9498&filename=XTYY199504003	计算机系统应用	1995	1995年04期
客户/服务器环境下的候床及住院管理系统	http://sso.cdclib.org/interlibSSO/goto/6/=06190596Z93/kns55/detail.aspx?QueryID=52&CurRec=5&dbcode=cjfq&dbname=CJFD9498&filename=XTYY199504004	计算机系统应用	1995	1995年04期
中国产品企业数据库的联网查询系统	http://sso.cdclib.org/interlibSSO/goto/6/=06190596Z93/kns55/detail.aspx?QueryID=52&CurRec=6&dbcode=cjfq&dbname=CJFD9498&filename=XTYY199504005	计算机系统应用	1995	1995年04期
龙岩卷烟厂管理信息系统的设计与实现	http://sso.cdclib.org/interlibSSO/goto/6/=06190596Z93/kns55/detail.aspx?QueryID=52&CurRec=7&dbcode=cjfq&dbname=CJFD9498&filename=XTYY199504006	计算机系统应用	1995	1995年04期
木材干燥控制系统的实现	http://sso.cdclib.org/interlibSSO/goto/6/=06190596Z93/kns55/detail.aspx?QueryID=52&CurRec=8&dbcode=cjfq&dbname=CJFD9498&filename=XTYY199504007	计算机系统应用	1995	1995年04期
花型制备系统的设计与实现	http://sso.cdclib.org/interlibSSO/goto/6/=06190596Z93/kns55/detail.aspx?QueryID=52&CurRec=9&dbcode=cjfq&dbname=CJFD9498&filename=XTYY199504008	计算机系统应用	1995	1995年04期
网络环境下的数据库系统设计	http://sso.cdclib.org/interlibSSO/goto/6/=06190596Z93/kns55/detail.aspx?QueryID=52&CurRec=10&dbcode=cjfq&dbname=CJFD9498&filename=XTYY199504009	计算机系统应用	1995	1995年04期
多系统数据库互联方法分析与应用	http://sso.cdclib.org/interlibSSO/goto/6/=06190596Z93/kns55/detail.aspx?QueryID=52&CurRec=11&dbcode=cjfq&dbname=CJFD9498&filename=XTYY199504010	计算机系统应用	1995	1995年04期
基于知识结构的运筹学模型和方法库设计	http://sso.cdclib.org/interlibSSO/goto/6/=06190596Z93/kns55/detail.aspx?QueryID=52&CurRec=12&dbcode=cjfq&dbname=CJFD9498&filename=XTYY199504011	计算机系统应用	1995	1995年04期
连续制造业CIPS实现模式探讨	http://sso.cdclib.org/interlibSSO/goto/6/=06190596Z93/kns55/detail.aspx?QueryID=52&CurRec=13&dbcode=cjfq&dbname=CJFD9498&filename=XTYY199504012	计算机系统应用	1995	1995年04期
MRP-Ⅱ系统中会计信息子系统的分析与设计	http://sso.cdclib.org/interlibSSO/goto/6/=06190596Z93/kns55/detail.aspx?QueryID=52&CurRec=14&dbcode=cjfq&dbname=CJFD9498&filename=XTYY199504013	计算机系统应用	1995	1995年04期
GT-MRP一体化系统研究及实现	http://sso.cdclib.org/interlibSSO/goto/6/=06190596Z93/kns55/detail.aspx?QueryID=52&CurRec=15&dbcode=cjfq&dbname=CJFD9498&filename=XTYY199504014	计算机系统应用	1995	1995年04期
Turbo Prolog和Turbo C的互调用技术	http://sso.cdclib.org/interlibSSO/goto/6/=06190596Z93/kns55/detail.aspx?QueryID=52&CurRec=16&dbcode=cjfq&dbname=CJFD9498&filename=XTYY199504015	计算机系统应用	1995	1995年04期
C语言画线函数逻辑功能扩充	http://sso.cdclib.org/interlibSSO/goto/6/=06190596Z93/kns55/detail.aspx?QueryID=52&CurRec=17&dbcode=cjfq&dbname=CJFD9498&filename=XTYY199504016	计算机系统应用	1995	1995年04期
再谈优化使用微机的内存	http://sso.cdclib.org/interlibSSO/goto/6/=06190596Z93/kns55/detail.aspx?QueryID=52&CurRec=18&dbcode=cjfq&dbname=CJFD9498&filename=XTYY199504017	计算机系统应用	1995	1995年04期
UCDOS V3.1的使用方法与经验	http://sso.cdclib.org/interlibSSO/goto/6/=06190596Z93/kns55/detail.aspx?QueryID=52&CurRec=19&dbcode=cjfq&dbname=CJFD9498&filename=XTYY199504018	计算机系统应用	1995	1995年04期
用C语言实现在GRAPHTOOL中使用汉字	http://sso.cdclib.org/interlibSSO/goto/6/=06190596Z93/kns55/detail.aspx?QueryID=52&CurRec=20&dbcode=cjfq&dbname=CJFD9498&filename=XTYY199504019	计算机系统应用	1995	1995年04期
一个C编程中屏幕录入的实用程序	http://sso.cdclib.org/interlibSSO/goto/6/=06190596Z93/kns55/detail.aspx?QueryID=52&CurRec=21&dbcode=cjfq&dbname=CJFD9498&filename=XTYY199504020	计算机系统应用	1995	1995年04期
MS-DOS 6.22中新的磁盘压缩技术	http://sso.cdclib.org/interlibSSO/goto/6/=06190596Z93/kns55/detail.aspx?QueryID=52&CurRec=22&dbcode=cjfq&dbname=CJFD9498&filename=XTYY199504021	计算机系统应用	1995	1995年04期
微机管理和维护策略的选择	http://sso.cdclib.org/interlibSSO/goto/6/=06190596Z93/kns55/detail.aspx?QueryID=52&CurRec=23&dbcode=cjfq&dbname=CJFD9498&filename=XTYY199504022	计算机系统应用	1995	1995年04期
面向对象和面向过程的系统开发方法比较(下)	http://sso.cdclib.org/interlibSSO/goto/6/=06190596Z93/kns55/detail.aspx?QueryID=52&CurRec=24&dbcode=cjfq&dbname=CJFD9498&filename=XTYY199504023	计算机系统应用	1995	1995年04期
控制客户/服务器系统价格的对策	http://sso.cdclib.org/interlibSSO/goto/6/=06190596Z93/kns55/detail.aspx?QueryID=52&CurRec=25&dbcode=cjfq&dbname=CJFD9498&filename=XTYY199504024	计算机系统应用	1995	1995年04期
油田电网优化运行计算机辅助管理系统	http://sso.cdclib.org/interlibSSO/goto/6/=06190596Z93/kns55/detail.aspx?QueryID=58&CurRec=1&dbcode=cjfq&dbname=CJFD9498&filename=XTYY199503000	计算机系统应用	1995	1995年03期
供电企业综合信息管理系统的设计	http://sso.cdclib.org/interlibSSO/goto/6/=06190596Z93/kns55/detail.aspx?QueryID=58&CurRec=2&dbcode=cjfq&dbname=CJFD9498&filename=XTYY199503001	计算机系统应用	1995	1995年03期
供电企业综合MIS模式的研究	http://sso.cdclib.org/interlibSSO/goto/6/=06190596Z93/kns55/detail.aspx?QueryID=58&CurRec=3&dbcode=cjfq&dbname=CJFD9498&filename=XTYY199503002	计算机系统应用	1995	1995年03期
电力监测与管理系统的开发与应用	http://sso.cdclib.org/interlibSSO/goto/6/=06190596Z93/kns55/detail.aspx?QueryID=58&CurRec=4&dbcode=cjfq&dbname=CJFD9498&filename=XTYY199503003	计算机系统应用	1995	1995年03期
火电厂国产20万千瓦机组监测系统	http://sso.cdclib.org/interlibSSO/goto/6/=06190596Z93/kns55/detail.aspx?QueryID=58&CurRec=5&dbcode=cjfq&dbname=CJFD9498&filename=XTYY199503004	计算机系统应用	1995	1995年03期
电力实时数据在综合管理网上的应用	http://sso.cdclib.org/interlibSSO/goto/6/=06190596Z93/kns55/detail.aspx?QueryID=58&CurRec=6&dbcode=cjfq&dbname=CJFD9498&filename=XTYY199503005	计算机系统应用	1995	1995年03期
菜单屏的设计	http://sso.cdclib.org/interlibSSO/goto/6/=06190596Z93/kns55/detail.aspx?QueryID=58&CurRec=7&dbcode=cjfq&dbname=CJFD9498&filename=XTYY199503006	计算机系统应用	1995	1995年03期
面向对象分析与设计在MIS开发中的应用探讨	http://sso.cdclib.org/interlibSSO/goto/6/=06190596Z93/kns55/detail.aspx?QueryID=58&CurRec=8&dbcode=cjfq&dbname=CJFD9498&filename=XTYY199503007	计算机系统应用	1995	1995年03期
用面向对象方法开发数控图形菜单式自动编程系统	http://sso.cdclib.org/interlibSSO/goto/6/=06190596Z93/kns55/detail.aspx?QueryID=58&CurRec=9&dbcode=cjfq&dbname=CJFD9498&filename=XTYY199503008	计算机系统应用	1995	1995年03期
利用专家系统开发工具设计电子信息系统	http://sso.cdclib.org/interlibSSO/goto/6/=06190596Z93/kns55/detail.aspx?QueryID=58&CurRec=10&dbcode=cjfq&dbname=CJFD9498&filename=XTYY199503009	计算机系统应用	1995	1995年03期
CAI课件的评价体系与模糊综合评价	http://sso.cdclib.org/interlibSSO/goto/6/=06190596Z93/kns55/detail.aspx?QueryID=58&CurRec=11&dbcode=cjfq&dbname=CJFD9498&filename=XTYY199503010	计算机系统应用	1995	1995年03期
石油产品质量分析决策支持系统研究	http://sso.cdclib.org/interlibSSO/goto/6/=06190596Z93/kns55/detail.aspx?QueryID=58&CurRec=12&dbcode=cjfq&dbname=CJFD9498&filename=XTYY199503011	计算机系统应用	1995	1995年03期
巧编通用数据处理程序	http://sso.cdclib.org/interlibSSO/goto/6/=06190596Z93/kns55/detail.aspx?QueryID=58&CurRec=13&dbcode=cjfq&dbname=CJFD9498&filename=XTYY199503012	计算机系统应用	1995	1995年03期
CSTAR中文之星在DOS应用程序中的妙用	http://sso.cdclib.org/interlibSSO/goto/6/=06190596Z93/kns55/detail.aspx?QueryID=58&CurRec=14&dbcode=cjfq&dbname=CJFD9498&filename=XTYY199503013	计算机系统应用	1995	1995年03期
介绍一种数据分类快录法	http://sso.cdclib.org/interlibSSO/goto/6/=06190596Z93/kns55/detail.aspx?QueryID=58&CurRec=15&dbcode=cjfq&dbname=CJFD9498&filename=XTYY199503014	计算机系统应用	1995	1995年03期
如何提高微机数据库的程序运行速度	http://sso.cdclib.org/interlibSSO/goto/6/=06190596Z93/kns55/detail.aspx?QueryID=58&CurRec=16&dbcode=cjfq&dbname=CJFD9498&filename=XTYY199503015	计算机系统应用	1995	1995年03期
Windows注册标志的修改	http://sso.cdclib.org/interlibSSO/goto/6/=06190596Z93/kns55/detail.aspx?QueryID=58&CurRec=17&dbcode=cjfq&dbname=CJFD9498&filename=XTYY199503016	计算机系统应用	1995	1995年03期
XENIX系统引导时常见软故障及其维护	http://sso.cdclib.org/interlibSSO/goto/6/=06190596Z93/kns55/detail.aspx?QueryID=58&CurRec=18&dbcode=cjfq&dbname=CJFD9498&filename=XTYY199503017	计算机系统应用	1995	1995年03期
用数据库实现通用多级菜单	http://sso.cdclib.org/interlibSSO/goto/6/=06190596Z93/kns55/detail.aspx?QueryID=58&CurRec=19&dbcode=cjfq&dbname=CJFD9498&filename=XTYY199503018	计算机系统应用	1995	1995年03期
面向对象和面向过程的系统开发方法比较(上)	http://sso.cdclib.org/interlibSSO/goto/6/=06190596Z93/kns55/detail.aspx?QueryID=58&CurRec=20&dbcode=cjfq&dbname=CJFD9498&filename=XTYY199503019	计算机系统应用	1995	1995年03期
面向对象的软件开发:思想、特性、方法与风格	http://sso.cdclib.org/interlibSSO/goto/6/=06190596Z93/kns55/detail.aspx?QueryID=58&CurRec=21&dbcode=cjfq&dbname=CJFD9498&filename=XTYY199503020	计算机系统应用	1995	1995年03期
面向对象数据库系统ObjectStore概述	http://sso.cdclib.org/interlibSSO/goto/6/=06190596Z93/kns55/detail.aspx?QueryID=58&CurRec=22&dbcode=cjfq&dbname=CJFD9498&filename=XTYY199503021	计算机系统应用	1995	1995年03期
工厂选址决策支持系统	http://sso.cdclib.org/interlibSSO/goto/6/=06190596Z93/kns55/detail.aspx?QueryID=64&CurRec=1&dbcode=cjfq&dbname=CJFD9498&filename=XTYY199502000	计算机系统应用	1995	1995年02期
群体决策支持系统及其在电力生产中的应用	http://sso.cdclib.org/interlibSSO/goto/6/=06190596Z93/kns55/detail.aspx?QueryID=64&CurRec=2&dbcode=cjfq&dbname=CJFD9498&filename=XTYY199502001	计算机系统应用	1995	1995年02期
餐饮管理与辅助决策信息系统的设计与实现	http://sso.cdclib.org/interlibSSO/goto/6/=06190596Z93/kns55/detail.aspx?QueryID=64&CurRec=3&dbcode=cjfq&dbname=CJFD9498&filename=XTYY199502002	计算机系统应用	1995	1995年02期
管理决策信息系统的发展要求	http://sso.cdclib.org/interlibSSO/goto/6/=06190596Z93/kns55/detail.aspx?QueryID=64&CurRec=4&dbcode=cjfq&dbname=CJFD9498&filename=XTYY199502003	计算机系统应用	1995	1995年02期
智能决策支持系统	http://sso.cdclib.org/interlibSSO/goto/6/=06190596Z93/kns55/detail.aspx?QueryID=64&CurRec=5&dbcode=cjfq&dbname=CJFD9498&filename=XTYY199502004	计算机系统应用	1995	1995年02期
一个程序设计训练环境的设计与实现	http://sso.cdclib.org/interlibSSO/goto/6/=06190596Z93/kns55/detail.aspx?QueryID=64&CurRec=6&dbcode=cjfq&dbname=CJFD9498&filename=XTYY199502005	计算机系统应用	1995	1995年02期
多种语言混合编程实用技术	http://sso.cdclib.org/interlibSSO/goto/6/=06190596Z93/kns55/detail.aspx?QueryID=64&CurRec=7&dbcode=cjfq&dbname=CJFD9498&filename=XTYY199502006	计算机系统应用	1995	1995年02期
一种多任务应用系统的设计和实现	http://sso.cdclib.org/interlibSSO/goto/6/=06190596Z93/kns55/detail.aspx?QueryID=64&CurRec=8&dbcode=cjfq&dbname=CJFD9498&filename=XTYY199502007	计算机系统应用	1995	1995年02期
自由条件组合及其应用	http://sso.cdclib.org/interlibSSO/goto/6/=06190596Z93/kns55/detail.aspx?QueryID=64&CurRec=9&dbcode=cjfq&dbname=CJFD9498&filename=XTYY199502008	计算机系统应用	1995	1995年02期
通用报表打印程序的设计与实现	http://sso.cdclib.org/interlibSSO/goto/6/=06190596Z93/kns55/detail.aspx?QueryID=64&CurRec=10&dbcode=cjfq&dbname=CJFD9498&filename=XTYY199502009	计算机系统应用	1995	1995年02期
通用表处理程序的研究	http://sso.cdclib.org/interlibSSO/goto/6/=06190596Z93/kns55/detail.aspx?QueryID=64&CurRec=11&dbcode=cjfq&dbname=CJFD9498&filename=XTYY199502010	计算机系统应用	1995	1995年02期
通用二维报表统计程序的设计	http://sso.cdclib.org/interlibSSO/goto/6/=06190596Z93/kns55/detail.aspx?QueryID=64&CurRec=12&dbcode=cjfq&dbname=CJFD9498&filename=XTYY199502011	计算机系统应用	1995	1995年02期
财务通用报表系统的开发和应用	http://sso.cdclib.org/interlibSSO/goto/6/=06190596Z93/kns55/detail.aspx?QueryID=64&CurRec=13&dbcode=cjfq&dbname=CJFD9498&filename=XTYY199502012	计算机系统应用	1995	1995年02期
在WPS系统上画菱形框图的一种方法	http://sso.cdclib.org/interlibSSO/goto/6/=06190596Z93/kns55/detail.aspx?QueryID=64&CurRec=14&dbcode=cjfq&dbname=CJFD9498&filename=XTYY199502013	计算机系统应用	1995	1995年02期
用C语言开发FoxBASE+的图形功能	http://sso.cdclib.org/interlibSSO/goto/6/=06190596Z93/kns55/detail.aspx?QueryID=64&CurRec=15&dbcode=cjfq&dbname=CJFD9498&filename=XTYY199502014	计算机系统应用	1995	1995年02期
WPS异常退出遗失文件的找回	http://sso.cdclib.org/interlibSSO/goto/6/=06190596Z93/kns55/detail.aspx?QueryID=64&CurRec=16&dbcode=cjfq&dbname=CJFD9498&filename=XTYY199502015	计算机系统应用	1995	1995年02期
XENIX下误删文件的恢复方法	http://sso.cdclib.org/interlibSSO/goto/6/=06190596Z93/kns55/detail.aspx?QueryID=64&CurRec=17&dbcode=cjfq&dbname=CJFD9498&filename=XTYY199502016	计算机系统应用	1995	1995年02期
为DOS增加目录树删除功能	http://sso.cdclib.org/interlibSSO/goto/6/=06190596Z93/kns55/detail.aspx?QueryID=64&CurRec=18&dbcode=cjfq&dbname=CJFD9498&filename=XTYY199502017	计算机系统应用	1995	1995年02期
通用中医诊断电脑键盘的研制	http://sso.cdclib.org/interlibSSO/goto/6/=06190596Z93/kns55/detail.aspx?QueryID=64&CurRec=19&dbcode=cjfq&dbname=CJFD9498&filename=XTYY199502018	计算机系统应用	1995	1995年02期
实现WINDOWS应用程序WINHELP的色彩过渡效果	http://sso.cdclib.org/interlibSSO/goto/6/=06190596Z93/kns55/detail.aspx?QueryID=64&CurRec=20&dbcode=cjfq&dbname=CJFD9498&filename=XTYY199502019	计算机系统应用	1995	1995年02期
如何启动和停止一个UNIX系统	http://sso.cdclib.org/interlibSSO/goto/6/=06190596Z93/kns55/detail.aspx?QueryID=64&CurRec=21&dbcode=cjfq&dbname=CJFD9498&filename=XTYY199502020	计算机系统应用	1995	1995年02期
利用CMOS的含义实现微机的解锁	http://sso.cdclib.org/interlibSSO/goto/6/=06190596Z93/kns55/detail.aspx?QueryID=64&CurRec=22&dbcode=cjfq&dbname=CJFD9498&filename=XTYY199502021	计算机系统应用	1995	1995年02期
高新技术在MIS中的应用	http://sso.cdclib.org/interlibSSO/goto/6/=06190596Z93/kns55/detail.aspx?QueryID=64&CurRec=23&dbcode=cjfq&dbname=CJFD9498&filename=XTYY199502022	计算机系统应用	1995	1995年02期
新型办公自动化的规划与发展	http://sso.cdclib.org/interlibSSO/goto/6/=06190596Z93/kns55/detail.aspx?QueryID=64&CurRec=24&dbcode=cjfq&dbname=CJFD9498&filename=XTYY199502023	计算机系统应用	1995	1995年02期
汉字编码技术及其在民航的应用	http://sso.cdclib.org/interlibSSO/goto/6/=06190596Z93/kns55/detail.aspx?QueryID=64&CurRec=25&dbcode=cjfq&dbname=CJFD9498&filename=XTYY199502024	计算机系统应用	1995	1995年02期
低价格RDB蜂拥而入微机市场	http://sso.cdclib.org/interlibSSO/goto/6/=06190596Z93/kns55/detail.aspx?QueryID=64&CurRec=26&dbcode=cjfq&dbname=CJFD9498&filename=XTYY199502025	计算机系统应用	1995	1995年02期
多媒体水库调度系统的设计与实现	http://sso.cdclib.org/interlibSSO/goto/6/=06190596Z93/kns55/detail.aspx?QueryID=70&CurRec=1&dbcode=cjfq&dbname=CJFD9498&filename=XTYY199501000	计算机系统应用	1995	1995年01期
煤质数据库网络管理系统的开发与应用	http://sso.cdclib.org/interlibSSO/goto/6/=06190596Z93/kns55/detail.aspx?QueryID=70&CurRec=2&dbcode=cjfq&dbname=CJFD9498&filename=XTYY199501001	计算机系统应用	1995	1995年01期
工程图纸档案的计算机管理	http://sso.cdclib.org/interlibSSO/goto/6/=06190596Z93/kns55/detail.aspx?QueryID=70&CurRec=3&dbcode=cjfq&dbname=CJFD9498&filename=XTYY199501002	计算机系统应用	1995	1995年01期
工程图纸的计算机管理系统	http://sso.cdclib.org/interlibSSO/goto/6/=06190596Z93/kns55/detail.aspx?QueryID=70&CurRec=4&dbcode=cjfq&dbname=CJFD9498&filename=XTYY199501003	计算机系统应用	1995	1995年01期
异构环境下机时自动统计及报表生成系统MTAC	http://sso.cdclib.org/interlibSSO/goto/6/=06190596Z93/kns55/detail.aspx?QueryID=70&CurRec=5&dbcode=cjfq&dbname=CJFD9498&filename=XTYY199501004	计算机系统应用	1995	1995年01期
一种实用混合语言编程技术及其应用	http://sso.cdclib.org/interlibSSO/goto/6/=06190596Z93/kns55/detail.aspx?QueryID=70&CurRec=6&dbcode=cjfq&dbname=CJFD9498&filename=XTYY199501005	计算机系统应用	1995	1995年01期
Windows环境下数据交换及其在C++下的实现	http://sso.cdclib.org/interlibSSO/goto/6/=06190596Z93/kns55/detail.aspx?QueryID=70&CurRec=7&dbcode=cjfq&dbname=CJFD9498&filename=XTYY199501006	计算机系统应用	1995	1995年01期
Windows环境下运行外部应用程序的控制	http://sso.cdclib.org/interlibSSO/goto/6/=06190596Z93/kns55/detail.aspx?QueryID=70&CurRec=8&dbcode=cjfq&dbname=CJFD9498&filename=XTYY199501007	计算机系统应用	1995	1995年01期
神经网络自适应学习系统	http://sso.cdclib.org/interlibSSO/goto/6/=06190596Z93/kns55/detail.aspx?QueryID=70&CurRec=9&dbcode=cjfq&dbname=CJFD9498&filename=XTYY199501008	计算机系统应用	1995	1995年01期
按多关键字分类与索引的异同	http://sso.cdclib.org/interlibSSO/goto/6/=06190596Z93/kns55/detail.aspx?QueryID=70&CurRec=10&dbcode=cjfq&dbname=CJFD9498&filename=XTYY199501009	计算机系统应用	1995	1995年01期
dBASE关系数据库通用程序设计	http://sso.cdclib.org/interlibSSO/goto/6/=06190596Z93/kns55/detail.aspx?QueryID=70&CurRec=11&dbcode=cjfq&dbname=CJFD9498&filename=XTYY199501010	计算机系统应用	1995	1995年01期
FoxPro的关系型按例查询	http://sso.cdclib.org/interlibSSO/goto/6/=06190596Z93/kns55/detail.aspx?QueryID=70&CurRec=12&dbcode=cjfq&dbname=CJFD9498&filename=XTYY199501011	计算机系统应用	1995	1995年01期
FoxPro通用查询程序的编制方法	http://sso.cdclib.org/interlibSSO/goto/6/=06190596Z93/kns55/detail.aspx?QueryID=70&CurRec=13&dbcode=cjfq&dbname=CJFD9498&filename=XTYY199501012	计算机系统应用	1995	1995年01期
利用FoxBASE显示任意数据库记录的方法	http://sso.cdclib.org/interlibSSO/goto/6/=06190596Z93/kns55/detail.aspx?QueryID=70&CurRec=14&dbcode=cjfq&dbname=CJFD9498&filename=XTYY199501013	计算机系统应用	1995	1995年01期
如何将WPS用于汉字FoxBASE+开发系统中	http://sso.cdclib.org/interlibSSO/goto/6/=06190596Z93/kns55/detail.aspx?QueryID=70&CurRec=15&dbcode=cjfq&dbname=CJFD9498&filename=XTYY199501014	计算机系统应用	1995	1995年01期
用TURBO PASCAL实现数据输入全屏幕编辑	http://sso.cdclib.org/interlibSSO/goto/6/=06190596Z93/kns55/detail.aspx?QueryID=70&CurRec=16&dbcode=cjfq&dbname=CJFD9498&filename=XTYY199501015	计算机系统应用	1995	1995年01期
微机数据库应用系统的若干技术	http://sso.cdclib.org/interlibSSO/goto/6/=06190596Z93/kns55/detail.aspx?QueryID=70&CurRec=17&dbcode=cjfq&dbname=CJFD9498&filename=XTYY199501016	计算机系统应用	1995	1995年01期
联邦数据库系统	http://sso.cdclib.org/interlibSSO/goto/6/=06190596Z93/kns55/detail.aspx?QueryID=70&CurRec=18&dbcode=cjfq&dbname=CJFD9498&filename=XTYY199501017	计算机系统应用	1995	1995年01期
Hypertext:一种信息管理的新方法	http://sso.cdclib.org/interlibSSO/goto/6/=06190596Z93/kns55/detail.aspx?QueryID=70&CurRec=19&dbcode=cjfq&dbname=CJFD9498&filename=XTYY199501018	计算机系统应用	1995	1995年01期
ORACLE7联机事务处理技术	http://sso.cdclib.org/interlibSSO/goto/6/=06190596Z93/kns55/detail.aspx?QueryID=70&CurRec=20&dbcode=cjfq&dbname=CJFD9498&filename=XTYY199501019	计算机系统应用	1995	1995年01期
DATALINK通讯设施的使用	http://sso.cdclib.org/interlibSSO/goto/6/=06190596Z93/kns55/detail.aspx?QueryID=70&CurRec=21&dbcode=cjfq&dbname=CJFD9498&filename=XTYY199501020	计算机系统应用	1995	1995年01期
