“千里眼”与“顺风耳”	http://sso.cdclib.org/interlibSSO/goto/6/=06190596Z93/kns55/detail.aspx?QueryID=3&CurRec=1&dbcode=cjfq&dbname=CJFD0608&filename=XXJS2006Z1001	信息化建设	2006	2006年Z1期
名刊摘要	http://sso.cdclib.org/interlibSSO/goto/6/=06190596Z93/kns55/detail.aspx?QueryID=3&CurRec=2&dbcode=cjfq&dbname=CJFD0608&filename=XXJS2006Z1002	信息化建设	2006	2006年Z1期
中国电子政务建设一个里程碑式的标志 中国政府网新年精彩亮相	http://sso.cdclib.org/interlibSSO/goto/6/=06190596Z93/kns55/detail.aspx?QueryID=3&CurRec=3&dbcode=cjfq&dbname=CJFD0608&filename=XXJS2006Z1003	信息化建设	2006	2006年Z1期
2006:中国电子政务发展展望	http://sso.cdclib.org/interlibSSO/goto/6/=06190596Z93/kns55/detail.aspx?QueryID=3&CurRec=4&dbcode=cjfq&dbname=CJFD0608&filename=XXJS2006Z1004	信息化建设	2006	2006年Z1期
推进农业信息化进程 提高服务“三农”工作水平	http://sso.cdclib.org/interlibSSO/goto/6/=06190596Z93/kns55/detail.aspx?QueryID=3&CurRec=5&dbcode=cjfq&dbname=CJFD0608&filename=XXJS2006Z1005	信息化建设	2006	2006年Z1期
中国制造业信息化的现状与发展	http://sso.cdclib.org/interlibSSO/goto/6/=06190596Z93/kns55/detail.aspx?QueryID=3&CurRec=6&dbcode=cjfq&dbname=CJFD0608&filename=XXJS2006Z1006	信息化建设	2006	2006年Z1期
全面落实科学发展观 加快推进企业信息化 增强中央企业 竞争力	http://sso.cdclib.org/interlibSSO/goto/6/=06190596Z93/kns55/detail.aspx?QueryID=3&CurRec=7&dbcode=cjfq&dbname=CJFD0608&filename=XXJS2006Z1007	信息化建设	2006	2006年Z1期
电子政务前台——后台服务体系与地方电子政务顶层设计	http://sso.cdclib.org/interlibSSO/goto/6/=06190596Z93/kns55/detail.aspx?QueryID=3&CurRec=8&dbcode=cjfq&dbname=CJFD0608&filename=XXJS2006Z1008	信息化建设	2006	2006年Z1期
应急联动系统规划与部门信息资源建设	http://sso.cdclib.org/interlibSSO/goto/6/=06190596Z93/kns55/detail.aspx?QueryID=3&CurRec=9&dbcode=cjfq&dbname=CJFD0608&filename=XXJS2006Z1009	信息化建设	2006	2006年Z1期
以统一网络平台建设为契机 推动欠发达地区电子政务发展	http://sso.cdclib.org/interlibSSO/goto/6/=06190596Z93/kns55/detail.aspx?QueryID=3&CurRec=10&dbcode=cjfq&dbname=CJFD0608&filename=XXJS2006Z1010	信息化建设	2006	2006年Z1期
“小步快跑”的石家庄电子政务	http://sso.cdclib.org/interlibSSO/goto/6/=06190596Z93/kns55/detail.aspx?QueryID=3&CurRec=11&dbcode=cjfq&dbname=CJFD0608&filename=XXJS2006Z1011	信息化建设	2006	2006年Z1期
创新的动力 源于超越的梦想——SEP文档库技术使中国企业在软件核心领域首次取得“零”的突破	http://sso.cdclib.org/interlibSSO/goto/6/=06190596Z93/kns55/detail.aspx?QueryID=3&CurRec=12&dbcode=cjfq&dbname=CJFD0608&filename=XXJS2006Z1012	信息化建设	2006	2006年Z1期
立足应用 整合资源 创新机制 努力提高政府网站运行管理水平——浙江省政府秘书长冯顺桥在中国浙江政府门户网站新版开通一周年座谈会上的讲话	http://sso.cdclib.org/interlibSSO/goto/6/=06190596Z93/kns55/detail.aspx?QueryID=3&CurRec=13&dbcode=cjfq&dbname=CJFD0608&filename=XXJS2006Z1013	信息化建设	2006	2006年Z1期
政务信息化建设的有效组织与管理——“我与政务信息化建设共舞”(五)	http://sso.cdclib.org/interlibSSO/goto/6/=06190596Z93/kns55/detail.aspx?QueryID=3&CurRec=14&dbcode=cjfq&dbname=CJFD0608&filename=XXJS2006Z1014	信息化建设	2006	2006年Z1期
以门户网站为支撑 全面推进政府信息公开	http://sso.cdclib.org/interlibSSO/goto/6/=06190596Z93/kns55/detail.aspx?QueryID=3&CurRec=15&dbcode=cjfq&dbname=CJFD0608&filename=XXJS2006Z1015	信息化建设	2006	2006年Z1期
以电子政务之翼 助民航事业腾飞 ——强化应用成为中国民航 电子政务一期项目最大特色	http://sso.cdclib.org/interlibSSO/goto/6/=06190596Z93/kns55/detail.aspx?QueryID=3&CurRec=16&dbcode=cjfq&dbname=CJFD0608&filename=XXJS2006Z1016	信息化建设	2006	2006年Z1期
重在便民——浙江省衢州市“网上办事大厅”建设感想	http://sso.cdclib.org/interlibSSO/goto/6/=06190596Z93/kns55/detail.aspx?QueryID=3&CurRec=17&dbcode=cjfq&dbname=CJFD0608&filename=XXJS2006Z1017	信息化建设	2006	2006年Z1期
对“十一五”时期信息资源开发利用和共享的思考	http://sso.cdclib.org/interlibSSO/goto/6/=06190596Z93/kns55/detail.aspx?QueryID=3&CurRec=18&dbcode=cjfq&dbname=CJFD0608&filename=XXJS2006Z1018	信息化建设	2006	2006年Z1期
打造“数字柯城” 顺应信息化潮流	http://sso.cdclib.org/interlibSSO/goto/6/=06190596Z93/kns55/detail.aspx?QueryID=3&CurRec=19&dbcode=cjfq&dbname=CJFD0608&filename=XXJS2006Z1019	信息化建设	2006	2006年Z1期
黑洞是怎样“炼”成的	http://sso.cdclib.org/interlibSSO/goto/6/=06190596Z93/kns55/detail.aspx?QueryID=3&CurRec=20&dbcode=cjfq&dbname=CJFD0608&filename=XXJS2006Z1020	信息化建设	2006	2006年Z1期
“指”点信息化	http://sso.cdclib.org/interlibSSO/goto/6/=06190596Z93/kns55/detail.aspx?QueryID=3&CurRec=21&dbcode=cjfq&dbname=CJFD0608&filename=XXJS2006Z1021	信息化建设	2006	2006年Z1期
打造“金安”工程 逐步提高安全生产监管水平	http://sso.cdclib.org/interlibSSO/goto/6/=06190596Z93/kns55/detail.aspx?QueryID=3&CurRec=22&dbcode=cjfq&dbname=CJFD0608&filename=XXJS2006Z1022	信息化建设	2006	2006年Z1期
医院信息系统的建立与升级改造探讨	http://sso.cdclib.org/interlibSSO/goto/6/=06190596Z93/kns55/detail.aspx?QueryID=3&CurRec=23&dbcode=cjfq&dbname=CJFD0608&filename=XXJS2006Z1023	信息化建设	2006	2006年Z1期
入侵检测系统现状分析	http://sso.cdclib.org/interlibSSO/goto/6/=06190596Z93/kns55/detail.aspx?QueryID=3&CurRec=24&dbcode=cjfq&dbname=CJFD0608&filename=XXJS2006Z1024	信息化建设	2006	2006年Z1期
澄清杀毒软件的几个使用误区	http://sso.cdclib.org/interlibSSO/goto/6/=06190596Z93/kns55/detail.aspx?QueryID=3&CurRec=25&dbcode=cjfq&dbname=CJFD0608&filename=XXJS2006Z1025	信息化建设	2006	2006年Z1期
美国电子政务中的民本思想	http://sso.cdclib.org/interlibSSO/goto/6/=06190596Z93/kns55/detail.aspx?QueryID=3&CurRec=26&dbcode=cjfq&dbname=CJFD0608&filename=XXJS2006Z1026	信息化建设	2006	2006年Z1期
欧洲的EGERIS系统	http://sso.cdclib.org/interlibSSO/goto/6/=06190596Z93/kns55/detail.aspx?QueryID=3&CurRec=27&dbcode=cjfq&dbname=CJFD0608&filename=XXJS2006Z1027	信息化建设	2006	2006年Z1期
描绘“数字浙江”宏伟蓝图 画好“电子政务”点睛之笔——浙江省电子政务网络项目完成终验	http://sso.cdclib.org/interlibSSO/goto/6/=06190596Z93/kns55/detail.aspx?QueryID=3&CurRec=28&dbcode=cjfq&dbname=CJFD0608&filename=XXJS2006Z1028	信息化建设	2006	2006年Z1期
“管控一体化”的应急管理新模式——访北京和利时信息技术有限公司总经理邵柏庆	http://sso.cdclib.org/interlibSSO/goto/6/=06190596Z93/kns55/detail.aspx?QueryID=3&CurRec=29&dbcode=cjfq&dbname=CJFD0608&filename=XXJS2006Z1029	信息化建设	2006	2006年Z1期
昔日传奇黑客话今日网络安全	http://sso.cdclib.org/interlibSSO/goto/6/=06190596Z93/kns55/detail.aspx?QueryID=3&CurRec=30&dbcode=cjfq&dbname=CJFD0608&filename=XXJS2006Z1030	信息化建设	2006	2006年Z1期
骗子黑客	http://sso.cdclib.org/interlibSSO/goto/6/=06190596Z93/kns55/detail.aspx?QueryID=3&CurRec=31&dbcode=cjfq&dbname=CJFD0608&filename=XXJS2006Z1031	信息化建设	2006	2006年Z1期
谍影在线	http://sso.cdclib.org/interlibSSO/goto/6/=06190596Z93/kns55/detail.aspx?QueryID=3&CurRec=32&dbcode=cjfq&dbname=CJFD0608&filename=XXJS2006Z1032	信息化建设	2006	2006年Z1期
任务栏变换四法	http://sso.cdclib.org/interlibSSO/goto/6/=06190596Z93/kns55/detail.aspx?QueryID=3&CurRec=33&dbcode=cjfq&dbname=CJFD0608&filename=XXJS2006Z1033	信息化建设	2006	2006年Z1期
打印预览效果设置的另类方法	http://sso.cdclib.org/interlibSSO/goto/6/=06190596Z93/kns55/detail.aspx?QueryID=3&CurRec=34&dbcode=cjfq&dbname=CJFD0608&filename=XXJS2006Z1034	信息化建设	2006	2006年Z1期
信息化在线	http://sso.cdclib.org/interlibSSO/goto/6/=06190596Z93/kns55/detail.aspx?QueryID=3&CurRec=35&dbcode=cjfq&dbname=CJFD0608&filename=XXJS2006Z1035	信息化建设	2006	2006年Z1期
百尺竿头 更进一步	http://sso.cdclib.org/interlibSSO/goto/6/=06190596Z93/kns55/detail.aspx?QueryID=8&CurRec=1&dbcode=cjfq&dbname=CJFD0608&filename=XXJS200612001	信息化建设	2006	2006年12期
名刊摘要	http://sso.cdclib.org/interlibSSO/goto/6/=06190596Z93/kns55/detail.aspx?QueryID=8&CurRec=2&dbcode=cjfq&dbname=CJFD0608&filename=XXJS200612002	信息化建设	2006	2006年12期
大力推动电子商务 促进经济社会发展	http://sso.cdclib.org/interlibSSO/goto/6/=06190596Z93/kns55/detail.aspx?QueryID=8&CurRec=3&dbcode=cjfq&dbname=CJFD0608&filename=XXJS200612003	信息化建设	2006	2006年12期
迎难而上 开拓创新 大力推动陕西省电子政务建设	http://sso.cdclib.org/interlibSSO/goto/6/=06190596Z93/kns55/detail.aspx?QueryID=8&CurRec=4&dbcode=cjfq&dbname=CJFD0608&filename=XXJS200612004	信息化建设	2006	2006年12期
以经济学的视角研究信息化难题	http://sso.cdclib.org/interlibSSO/goto/6/=06190596Z93/kns55/detail.aspx?QueryID=8&CurRec=5&dbcode=cjfq&dbname=CJFD0608&filename=XXJS200612005	信息化建设	2006	2006年12期
关于构建一体化地区电子政务框架问题的思辩	http://sso.cdclib.org/interlibSSO/goto/6/=06190596Z93/kns55/detail.aspx?QueryID=8&CurRec=6&dbcode=cjfq&dbname=CJFD0608&filename=XXJS200612006	信息化建设	2006	2006年12期
愿《信息化建设》与中国电子政务共迎美好未来	http://sso.cdclib.org/interlibSSO/goto/6/=06190596Z93/kns55/detail.aspx?QueryID=8&CurRec=7&dbcode=cjfq&dbname=CJFD0608&filename=XXJS200612007	信息化建设	2006	2006年12期
借得一片天空 任我自由翱翔——写在《信息化建设》第100期	http://sso.cdclib.org/interlibSSO/goto/6/=06190596Z93/kns55/detail.aspx?QueryID=8&CurRec=8&dbcode=cjfq&dbname=CJFD0608&filename=XXJS200612008	信息化建设	2006	2006年12期
《信息化建设》:打造专业化的IT高端媒体	http://sso.cdclib.org/interlibSSO/goto/6/=06190596Z93/kns55/detail.aspx?QueryID=8&CurRec=9&dbcode=cjfq&dbname=CJFD0608&filename=XXJS200612009	信息化建设	2006	2006年12期
携手同进 共创辉煌——贺《信息化建设》杂志百期有感	http://sso.cdclib.org/interlibSSO/goto/6/=06190596Z93/kns55/detail.aspx?QueryID=8&CurRec=10&dbcode=cjfq&dbname=CJFD0608&filename=XXJS200612010	信息化建设	2006	2006年12期
青岛市电子政务建设经验谈——访青岛市委市政府计算中心主任刘惠军	http://sso.cdclib.org/interlibSSO/goto/6/=06190596Z93/kns55/detail.aspx?QueryID=8&CurRec=11&dbcode=cjfq&dbname=CJFD0608&filename=XXJS200612011	信息化建设	2006	2006年12期
“领导邮箱”办理工作的实践与思考	http://sso.cdclib.org/interlibSSO/goto/6/=06190596Z93/kns55/detail.aspx?QueryID=8&CurRec=12&dbcode=cjfq&dbname=CJFD0608&filename=XXJS200612012	信息化建设	2006	2006年12期
加强互动栏目建设 打造“服务型政府”	http://sso.cdclib.org/interlibSSO/goto/6/=06190596Z93/kns55/detail.aspx?QueryID=8&CurRec=13&dbcode=cjfq&dbname=CJFD0608&filename=XXJS200612013	信息化建设	2006	2006年12期
贯穿“便民高效”理念于网络建设中——舟山市“三级联动”行政许可网上办理系统建设	http://sso.cdclib.org/interlibSSO/goto/6/=06190596Z93/kns55/detail.aspx?QueryID=8&CurRec=14&dbcode=cjfq&dbname=CJFD0608&filename=XXJS200612014	信息化建设	2006	2006年12期
电子政务可以向企业信息化学习什么	http://sso.cdclib.org/interlibSSO/goto/6/=06190596Z93/kns55/detail.aspx?QueryID=8&CurRec=15&dbcode=cjfq&dbname=CJFD0608&filename=XXJS200612015	信息化建设	2006	2006年12期
走向理性	http://sso.cdclib.org/interlibSSO/goto/6/=06190596Z93/kns55/detail.aspx?QueryID=8&CurRec=16&dbcode=cjfq&dbname=CJFD0608&filename=XXJS200612016	信息化建设	2006	2006年12期
别害怕博客实名制	http://sso.cdclib.org/interlibSSO/goto/6/=06190596Z93/kns55/detail.aspx?QueryID=8&CurRec=17&dbcode=cjfq&dbname=CJFD0608&filename=XXJS200612017	信息化建设	2006	2006年12期
县级政务网站安全维护策略	http://sso.cdclib.org/interlibSSO/goto/6/=06190596Z93/kns55/detail.aspx?QueryID=8&CurRec=18&dbcode=cjfq&dbname=CJFD0608&filename=XXJS200612018	信息化建设	2006	2006年12期
电子政务容灾备份中心建设策略	http://sso.cdclib.org/interlibSSO/goto/6/=06190596Z93/kns55/detail.aspx?QueryID=8&CurRec=19&dbcode=cjfq&dbname=CJFD0608&filename=XXJS200612019	信息化建设	2006	2006年12期
印度:发展IT不忘“泥腿子”	http://sso.cdclib.org/interlibSSO/goto/6/=06190596Z93/kns55/detail.aspx?QueryID=8&CurRec=20&dbcode=cjfq&dbname=CJFD0608&filename=XXJS200612020	信息化建设	2006	2006年12期
信息化背景下的城乡一体化进程——以温州为例谈信息化对城乡一体化进程的促进作用	http://sso.cdclib.org/interlibSSO/goto/6/=06190596Z93/kns55/detail.aspx?QueryID=8&CurRec=21&dbcode=cjfq&dbname=CJFD0608&filename=XXJS200612021	信息化建设	2006	2006年12期
天津政务完善数据支撑——华为3Com为天津市政府部署电子政务专网	http://sso.cdclib.org/interlibSSO/goto/6/=06190596Z93/kns55/detail.aspx?QueryID=8&CurRec=22&dbcode=cjfq&dbname=CJFD0608&filename=XXJS200612022	信息化建设	2006	2006年12期
如何在Dos环境下使用USB设备	http://sso.cdclib.org/interlibSSO/goto/6/=06190596Z93/kns55/detail.aspx?QueryID=8&CurRec=23&dbcode=cjfq&dbname=CJFD0608&filename=XXJS200612023	信息化建设	2006	2006年12期
信息化在线	http://sso.cdclib.org/interlibSSO/goto/6/=06190596Z93/kns55/detail.aspx?QueryID=8&CurRec=24&dbcode=cjfq&dbname=CJFD0608&filename=XXJS200612024	信息化建设	2006	2006年12期
《信息化建设》2006年总目录	http://sso.cdclib.org/interlibSSO/goto/6/=06190596Z93/kns55/detail.aspx?QueryID=8&CurRec=25&dbcode=cjfq&dbname=CJFD0608&filename=XXJS200612025	信息化建设	2006	2006年12期
电子政务以民为本	http://sso.cdclib.org/interlibSSO/goto/6/=06190596Z93/kns55/detail.aspx?QueryID=13&CurRec=1&dbcode=cjfq&dbname=CJFD0608&filename=XXJS200611001	信息化建设	2006	2006年11期
名刊摘要	http://sso.cdclib.org/interlibSSO/goto/6/=06190596Z93/kns55/detail.aspx?QueryID=13&CurRec=2&dbcode=cjfq&dbname=CJFD0608&filename=XXJS200611002	信息化建设	2006	2006年11期
深入推进政府网站建设 不断提升内容保障水平 为建设社会主义和谐社会作出新贡献 国务院副秘书长徐绍史在中央政府门户网站内容保障工作会议暨第三届中国电子政务论坛上的讲话	http://sso.cdclib.org/interlibSSO/goto/6/=06190596Z93/kns55/detail.aspx?QueryID=13&CurRec=3&dbcode=cjfq&dbname=CJFD0608&filename=XXJS200611003	信息化建设	2006	2006年11期
加快推进金财工程建设 全面提升财政管理水平	http://sso.cdclib.org/interlibSSO/goto/6/=06190596Z93/kns55/detail.aspx?QueryID=13&CurRec=4&dbcode=cjfq&dbname=CJFD0608&filename=XXJS200611004	信息化建设	2006	2006年11期
尽职尽责 扎实工作 努力开创“数字烟草”新局面——在2006年全国烟草行业信息化工作会议上的讲话(摘要)	http://sso.cdclib.org/interlibSSO/goto/6/=06190596Z93/kns55/detail.aspx?QueryID=13&CurRec=5&dbcode=cjfq&dbname=CJFD0608&filename=XXJS200611005	信息化建设	2006	2006年11期
进村入社 高效一体 构建无处不在的网络政府——杭州余杭区电子政务的建设轨迹	http://sso.cdclib.org/interlibSSO/goto/6/=06190596Z93/kns55/detail.aspx?QueryID=13&CurRec=6&dbcode=cjfq&dbname=CJFD0608&filename=XXJS200611006	信息化建设	2006	2006年11期
基层电子政务发展定位和模式的思考	http://sso.cdclib.org/interlibSSO/goto/6/=06190596Z93/kns55/detail.aspx?QueryID=13&CurRec=7&dbcode=cjfq&dbname=CJFD0608&filename=XXJS200611007	信息化建设	2006	2006年11期
电子政务不同模式的比较与启示(二)	http://sso.cdclib.org/interlibSSO/goto/6/=06190596Z93/kns55/detail.aspx?QueryID=13&CurRec=8&dbcode=cjfq&dbname=CJFD0608&filename=XXJS200611008	信息化建设	2006	2006年11期
电子公文推广工作的实践和思考	http://sso.cdclib.org/interlibSSO/goto/6/=06190596Z93/kns55/detail.aspx?QueryID=13&CurRec=9&dbcode=cjfq&dbname=CJFD0608&filename=XXJS200611009	信息化建设	2006	2006年11期
厦门市网上审批现状分析及发展思路探讨	http://sso.cdclib.org/interlibSSO/goto/6/=06190596Z93/kns55/detail.aspx?QueryID=13&CurRec=10&dbcode=cjfq&dbname=CJFD0608&filename=XXJS200611010	信息化建设	2006	2006年11期
网络群体性事件的政府应对策略	http://sso.cdclib.org/interlibSSO/goto/6/=06190596Z93/kns55/detail.aspx?QueryID=13&CurRec=11&dbcode=cjfq&dbname=CJFD0608&filename=XXJS200611011	信息化建设	2006	2006年11期
哈尔滨市电子政务应用取得突破性进展	http://sso.cdclib.org/interlibSSO/goto/6/=06190596Z93/kns55/detail.aspx?QueryID=13&CurRec=12&dbcode=cjfq&dbname=CJFD0608&filename=XXJS200611012	信息化建设	2006	2006年11期
政务咨询的“档次”	http://sso.cdclib.org/interlibSSO/goto/6/=06190596Z93/kns55/detail.aspx?QueryID=13&CurRec=13&dbcode=cjfq&dbname=CJFD0608&filename=XXJS200611013	信息化建设	2006	2006年11期
说说县委书记禁网吧	http://sso.cdclib.org/interlibSSO/goto/6/=06190596Z93/kns55/detail.aspx?QueryID=13&CurRec=14&dbcode=cjfq&dbname=CJFD0608&filename=XXJS200611014	信息化建设	2006	2006年11期
电子商务中的安全技术探讨	http://sso.cdclib.org/interlibSSO/goto/6/=06190596Z93/kns55/detail.aspx?QueryID=13&CurRec=15&dbcode=cjfq&dbname=CJFD0608&filename=XXJS200611015	信息化建设	2006	2006年11期
UTM试水中国政府信息化	http://sso.cdclib.org/interlibSSO/goto/6/=06190596Z93/kns55/detail.aspx?QueryID=13&CurRec=16&dbcode=cjfq&dbname=CJFD0608&filename=XXJS200611016	信息化建设	2006	2006年11期
打造首都“金质”工程——北京市质量技术监督局的信息化之路	http://sso.cdclib.org/interlibSSO/goto/6/=06190596Z93/kns55/detail.aspx?QueryID=13&CurRec=17&dbcode=cjfq&dbname=CJFD0608&filename=XXJS200611017	信息化建设	2006	2006年11期
企业信息化投资效益评估的思考	http://sso.cdclib.org/interlibSSO/goto/6/=06190596Z93/kns55/detail.aspx?QueryID=13&CurRec=18&dbcode=cjfq&dbname=CJFD0608&filename=XXJS200611018	信息化建设	2006	2006年11期
从电子政务建设起跳——华为3COM为浙江政务网建设找准快速起跳的“支点”	http://sso.cdclib.org/interlibSSO/goto/6/=06190596Z93/kns55/detail.aspx?QueryID=13&CurRec=19&dbcode=cjfq&dbname=CJFD0608&filename=XXJS200611019	信息化建设	2006	2006年11期
房地产市场管理信息系统规划与设计	http://sso.cdclib.org/interlibSSO/goto/6/=06190596Z93/kns55/detail.aspx?QueryID=13&CurRec=20&dbcode=cjfq&dbname=CJFD0608&filename=XXJS200611020	信息化建设	2006	2006年11期
青岛市成功应用电子公文手写批示系统	http://sso.cdclib.org/interlibSSO/goto/6/=06190596Z93/kns55/detail.aspx?QueryID=13&CurRec=21&dbcode=cjfq&dbname=CJFD0608&filename=XXJS200611021	信息化建设	2006	2006年11期
谈谈Word的“选择性粘贴”	http://sso.cdclib.org/interlibSSO/goto/6/=06190596Z93/kns55/detail.aspx?QueryID=13&CurRec=22&dbcode=cjfq&dbname=CJFD0608&filename=XXJS200611022	信息化建设	2006	2006年11期
信息化在线	http://sso.cdclib.org/interlibSSO/goto/6/=06190596Z93/kns55/detail.aspx?QueryID=13&CurRec=23&dbcode=cjfq&dbname=CJFD0608&filename=XXJS200611023	信息化建设	2006	2006年11期
政府网站——为民服务新途径	http://sso.cdclib.org/interlibSSO/goto/6/=06190596Z93/kns55/detail.aspx?QueryID=18&CurRec=1&dbcode=cjfq&dbname=CJFD0608&filename=XXJS200610001	信息化建设	2006	2006年10期
名刊摘要	http://sso.cdclib.org/interlibSSO/goto/6/=06190596Z93/kns55/detail.aspx?QueryID=18&CurRec=2&dbcode=cjfq&dbname=CJFD0608&filename=XXJS200610002	信息化建设	2006	2006年10期
中央政府门户网站内容保障工作会议暨第三届“中国电子政务论坛”在青岛举行 健全政府门户网站体系 提升政府公共服务水平 国务院副秘书长徐绍史 新华社副社长鲁炜出席会议并讲话	http://sso.cdclib.org/interlibSSO/goto/6/=06190596Z93/kns55/detail.aspx?QueryID=18&CurRec=3&dbcode=cjfq&dbname=CJFD0608&filename=XXJS200610004	信息化建设	2006	2006年10期
在中央政府门户网站内容保障工作会议开始时的讲话	http://sso.cdclib.org/interlibSSO/goto/6/=06190596Z93/kns55/detail.aspx?QueryID=18&CurRec=4&dbcode=cjfq&dbname=CJFD0608&filename=XXJS200610005	信息化建设	2006	2006年10期
抓住机遇 迎接挑战 积极探索 扎实工作 努力完成“十一五”电子政务建设任务	http://sso.cdclib.org/interlibSSO/goto/6/=06190596Z93/kns55/detail.aspx?QueryID=18&CurRec=5&dbcode=cjfq&dbname=CJFD0608&filename=XXJS200610006	信息化建设	2006	2006年10期
信息化与建设创新型国家	http://sso.cdclib.org/interlibSSO/goto/6/=06190596Z93/kns55/detail.aspx?QueryID=18&CurRec=6&dbcode=cjfq&dbname=CJFD0608&filename=XXJS200610007	信息化建设	2006	2006年10期
政府门户网站办事服务与用户的绩效评价	http://sso.cdclib.org/interlibSSO/goto/6/=06190596Z93/kns55/detail.aspx?QueryID=18&CurRec=7&dbcode=cjfq&dbname=CJFD0608&filename=XXJS200610008	信息化建设	2006	2006年10期
《应急信息系统建设》培训有感	http://sso.cdclib.org/interlibSSO/goto/6/=06190596Z93/kns55/detail.aspx?QueryID=18&CurRec=8&dbcode=cjfq&dbname=CJFD0608&filename=XXJS200610009	信息化建设	2006	2006年10期
探索电子政务发展规律 建设网上政府公共服务体系	http://sso.cdclib.org/interlibSSO/goto/6/=06190596Z93/kns55/detail.aspx?QueryID=18&CurRec=9&dbcode=cjfq&dbname=CJFD0608&filename=XXJS200610010	信息化建设	2006	2006年10期
公众参与 政府主导 共建首都和谐社会首善之区——首都之窗开通“北京市政风行风热线”效果及启示	http://sso.cdclib.org/interlibSSO/goto/6/=06190596Z93/kns55/detail.aspx?QueryID=18&CurRec=10&dbcode=cjfq&dbname=CJFD0608&filename=XXJS200610011	信息化建设	2006	2006年10期
深化中央政府门户网站内容建设 加强政务信息发布	http://sso.cdclib.org/interlibSSO/goto/6/=06190596Z93/kns55/detail.aspx?QueryID=18&CurRec=11&dbcode=cjfq&dbname=CJFD0608&filename=XXJS200610012	信息化建设	2006	2006年10期
打造精品网站 再塑服务型政府的“金名片”——杭州市国土资源局网站建设的实践与体会	http://sso.cdclib.org/interlibSSO/goto/6/=06190596Z93/kns55/detail.aspx?QueryID=18&CurRec=12&dbcode=cjfq&dbname=CJFD0608&filename=XXJS200610013	信息化建设	2006	2006年10期
评测与评比:宁波电子政务的新活力	http://sso.cdclib.org/interlibSSO/goto/6/=06190596Z93/kns55/detail.aspx?QueryID=18&CurRec=13&dbcode=cjfq&dbname=CJFD0608&filename=XXJS200610014	信息化建设	2006	2006年10期
“公务员”与“电子政务工作者”	http://sso.cdclib.org/interlibSSO/goto/6/=06190596Z93/kns55/detail.aspx?QueryID=18&CurRec=14&dbcode=cjfq&dbname=CJFD0608&filename=XXJS200610015	信息化建设	2006	2006年10期
德、法电子政务见闻	http://sso.cdclib.org/interlibSSO/goto/6/=06190596Z93/kns55/detail.aspx?QueryID=18&CurRec=15&dbcode=cjfq&dbname=CJFD0608&filename=XXJS200610016	信息化建设	2006	2006年10期
信息安全网络体系的设计与管理	http://sso.cdclib.org/interlibSSO/goto/6/=06190596Z93/kns55/detail.aspx?QueryID=18&CurRec=16&dbcode=cjfq&dbname=CJFD0608&filename=XXJS200610017	信息化建设	2006	2006年10期
基于遗传免疫算法的网络入侵检测的研究	http://sso.cdclib.org/interlibSSO/goto/6/=06190596Z93/kns55/detail.aspx?QueryID=18&CurRec=17&dbcode=cjfq&dbname=CJFD0608&filename=XXJS200610018	信息化建设	2006	2006年10期
浪潮政务审批平台ECGAP——区域政府行政审批信息化解决方案	http://sso.cdclib.org/interlibSSO/goto/6/=06190596Z93/kns55/detail.aspx?QueryID=18&CurRec=18&dbcode=cjfq&dbname=CJFD0608&filename=XXJS200610019	信息化建设	2006	2006年10期
中国电信政府网站整体解决方案	http://sso.cdclib.org/interlibSSO/goto/6/=06190596Z93/kns55/detail.aspx?QueryID=18&CurRec=19&dbcode=cjfq&dbname=CJFD0608&filename=XXJS200610020	信息化建设	2006	2006年10期
国外政府网站建设与管理	http://sso.cdclib.org/interlibSSO/goto/6/=06190596Z93/kns55/detail.aspx?QueryID=18&CurRec=20&dbcode=cjfq&dbname=CJFD0608&filename=XXJS200610021	信息化建设	2006	2006年10期
农民喜看信息化带来的新变化——来自杭州农村的见闻	http://sso.cdclib.org/interlibSSO/goto/6/=06190596Z93/kns55/detail.aspx?QueryID=18&CurRec=21&dbcode=cjfq&dbname=CJFD0608&filename=XXJS200610022	信息化建设	2006	2006年10期
“画”出复杂表格	http://sso.cdclib.org/interlibSSO/goto/6/=06190596Z93/kns55/detail.aspx?QueryID=18&CurRec=22&dbcode=cjfq&dbname=CJFD0608&filename=XXJS200610023	信息化建设	2006	2006年10期
信息化在线	http://sso.cdclib.org/interlibSSO/goto/6/=06190596Z93/kns55/detail.aspx?QueryID=18&CurRec=23&dbcode=cjfq&dbname=CJFD0608&filename=XXJS200610027	信息化建设	2006	2006年10期
温家宝在全国电视电话会议上强调 认真学习《江泽民文选》 加快推进政府职能转变和管理创新	http://sso.cdclib.org/interlibSSO/goto/6/=06190596Z93/kns55/detail.aspx?QueryID=23&CurRec=1&dbcode=cjfq&dbname=CJFD0608&filename=XXJS200609001	信息化建设	2006	2006年09期
名刊摘要	http://sso.cdclib.org/interlibSSO/goto/6/=06190596Z93/kns55/detail.aspx?QueryID=23&CurRec=2&dbcode=cjfq&dbname=CJFD0608&filename=XXJS200609002	信息化建设	2006	2006年09期
提高政务信息化应用能力 促进政府管理创新 国务院副秘书长徐绍史在全国政府系统政务信息化培训班开班式上的讲话	http://sso.cdclib.org/interlibSSO/goto/6/=06190596Z93/kns55/detail.aspx?QueryID=23&CurRec=3&dbcode=cjfq&dbname=CJFD0608&filename=XXJS200609003	信息化建设	2006	2006年09期
扎实推进“文明办网、文明上网” 深入开展“阳光·绿色网络工程”	http://sso.cdclib.org/interlibSSO/goto/6/=06190596Z93/kns55/detail.aspx?QueryID=23&CurRec=4&dbcode=cjfq&dbname=CJFD0608&filename=XXJS200609004	信息化建设	2006	2006年09期
我国应急平台建设现状分析及对策	http://sso.cdclib.org/interlibSSO/goto/6/=06190596Z93/kns55/detail.aspx?QueryID=23&CurRec=5&dbcode=cjfq&dbname=CJFD0608&filename=XXJS200609005	信息化建设	2006	2006年09期
充分发挥行政服务中心在地方电子政务建设中的作用	http://sso.cdclib.org/interlibSSO/goto/6/=06190596Z93/kns55/detail.aspx?QueryID=23&CurRec=6&dbcode=cjfq&dbname=CJFD0608&filename=XXJS200609006	信息化建设	2006	2006年09期
全面开展网上专利服务 倾力打造专业门户网站	http://sso.cdclib.org/interlibSSO/goto/6/=06190596Z93/kns55/detail.aspx?QueryID=23&CurRec=7&dbcode=cjfq&dbname=CJFD0608&filename=XXJS200609007	信息化建设	2006	2006年09期
媒体化运作对政府门户网站建设的促进作用——“中国·成都”建设的几点思考	http://sso.cdclib.org/interlibSSO/goto/6/=06190596Z93/kns55/detail.aspx?QueryID=23&CurRec=8&dbcode=cjfq&dbname=CJFD0608&filename=XXJS200609008	信息化建设	2006	2006年09期
注重应用实效 稳步推进电子政务建设	http://sso.cdclib.org/interlibSSO/goto/6/=06190596Z93/kns55/detail.aspx?QueryID=23&CurRec=9&dbcode=cjfq&dbname=CJFD0608&filename=XXJS200609009	信息化建设	2006	2006年09期
网上审批系统建设模式探讨	http://sso.cdclib.org/interlibSSO/goto/6/=06190596Z93/kns55/detail.aspx?QueryID=23&CurRec=10&dbcode=cjfq&dbname=CJFD0608&filename=XXJS200609010	信息化建设	2006	2006年09期
努力探索 自主创新 建设黑龙江省电子政务	http://sso.cdclib.org/interlibSSO/goto/6/=06190596Z93/kns55/detail.aspx?QueryID=23&CurRec=11&dbcode=cjfq&dbname=CJFD0608&filename=XXJS200609011	信息化建设	2006	2006年09期
深入推进社区信息化 努力提高社区服务水平	http://sso.cdclib.org/interlibSSO/goto/6/=06190596Z93/kns55/detail.aspx?QueryID=23&CurRec=12&dbcode=cjfq&dbname=CJFD0608&filename=XXJS200609012	信息化建设	2006	2006年09期
紧贴工作 突出特色 努力打造规范化服务型的数字政府——成都市政府办公厅政务信息化建设纪实	http://sso.cdclib.org/interlibSSO/goto/6/=06190596Z93/kns55/detail.aspx?QueryID=23&CurRec=13&dbcode=cjfq&dbname=CJFD0608&filename=XXJS200609013	信息化建设	2006	2006年09期
虚拟与现实究竟有多远?	http://sso.cdclib.org/interlibSSO/goto/6/=06190596Z93/kns55/detail.aspx?QueryID=23&CurRec=14&dbcode=cjfq&dbname=CJFD0608&filename=XXJS200609014	信息化建设	2006	2006年09期
警惕中国互联网“亚健康”	http://sso.cdclib.org/interlibSSO/goto/6/=06190596Z93/kns55/detail.aspx?QueryID=23&CurRec=15&dbcode=cjfq&dbname=CJFD0608&filename=XXJS200609015	信息化建设	2006	2006年09期
印度Andhra Pra政府的电子采购	http://sso.cdclib.org/interlibSSO/goto/6/=06190596Z93/kns55/detail.aspx?QueryID=23&CurRec=16&dbcode=cjfq&dbname=CJFD0608&filename=XXJS200609016	信息化建设	2006	2006年09期
浅谈政务外网的安全防范和管理	http://sso.cdclib.org/interlibSSO/goto/6/=06190596Z93/kns55/detail.aspx?QueryID=23&CurRec=17&dbcode=cjfq&dbname=CJFD0608&filename=XXJS200609017	信息化建设	2006	2006年09期
西子湖畔 华为3Com演绎“服务”精品	http://sso.cdclib.org/interlibSSO/goto/6/=06190596Z93/kns55/detail.aspx?QueryID=23&CurRec=18&dbcode=cjfq&dbname=CJFD0608&filename=XXJS200609018	信息化建设	2006	2006年09期
实用 高效 便捷——北大方正技术研究院公文档案一体化解决方案	http://sso.cdclib.org/interlibSSO/goto/6/=06190596Z93/kns55/detail.aspx?QueryID=23&CurRec=19&dbcode=cjfq&dbname=CJFD0608&filename=XXJS200609019	信息化建设	2006	2006年09期
寻找钢铁行业信息化的“最佳实践”	http://sso.cdclib.org/interlibSSO/goto/6/=06190596Z93/kns55/detail.aspx?QueryID=23&CurRec=20&dbcode=cjfq&dbname=CJFD0608&filename=XXJS200609020	信息化建设	2006	2006年09期
国门配上“全球眼”——浙江电信助推国检监管信息化纪实	http://sso.cdclib.org/interlibSSO/goto/6/=06190596Z93/kns55/detail.aspx?QueryID=23&CurRec=21&dbcode=cjfq&dbname=CJFD0608&filename=XXJS200609021	信息化建设	2006	2006年09期
用存储技术监管网络行为	http://sso.cdclib.org/interlibSSO/goto/6/=06190596Z93/kns55/detail.aspx?QueryID=23&CurRec=22&dbcode=cjfq&dbname=CJFD0608&filename=XXJS200609022	信息化建设	2006	2006年09期
信息化在线	http://sso.cdclib.org/interlibSSO/goto/6/=06190596Z93/kns55/detail.aspx?QueryID=23&CurRec=23&dbcode=cjfq&dbname=CJFD0608&filename=XXJS200609023	信息化建设	2006	2006年09期
行百里者半九十	http://sso.cdclib.org/interlibSSO/goto/6/=06190596Z93/kns55/detail.aspx?QueryID=28&CurRec=1&dbcode=cjfq&dbname=CJFD0608&filename=XXJS200608000	信息化建设	2006	2006年08期
名刊摘要	http://sso.cdclib.org/interlibSSO/goto/6/=06190596Z93/kns55/detail.aspx?QueryID=28&CurRec=2&dbcode=cjfq&dbname=CJFD0608&filename=XXJS200608001	信息化建设	2006	2006年08期
充分发挥信息化作用 加快江西崛起进程	http://sso.cdclib.org/interlibSSO/goto/6/=06190596Z93/kns55/detail.aspx?QueryID=28&CurRec=3&dbcode=cjfq&dbname=CJFD0608&filename=XXJS200608002	信息化建设	2006	2006年08期
加快信息化建设 打造“智能型”天津	http://sso.cdclib.org/interlibSSO/goto/6/=06190596Z93/kns55/detail.aspx?QueryID=28&CurRec=4&dbcode=cjfq&dbname=CJFD0608&filename=XXJS200608003	信息化建设	2006	2006年08期
以公众为中心的电子政务趋势研究	http://sso.cdclib.org/interlibSSO/goto/6/=06190596Z93/kns55/detail.aspx?QueryID=28&CurRec=5&dbcode=cjfq&dbname=CJFD0608&filename=XXJS200608004	信息化建设	2006	2006年08期
我们需要怎样的“一把手工程”?	http://sso.cdclib.org/interlibSSO/goto/6/=06190596Z93/kns55/detail.aspx?QueryID=28&CurRec=6&dbcode=cjfq&dbname=CJFD0608&filename=XXJS200608005	信息化建设	2006	2006年08期
浅谈政府门户网站建设中的公共服务 全国政府系统政务信息化培训班第三组讨论报告	http://sso.cdclib.org/interlibSSO/goto/6/=06190596Z93/kns55/detail.aspx?QueryID=28&CurRec=7&dbcode=cjfq&dbname=CJFD0608&filename=XXJS200608006	信息化建设	2006	2006年08期
加强信息安全建设的几点认识	http://sso.cdclib.org/interlibSSO/goto/6/=06190596Z93/kns55/detail.aspx?QueryID=28&CurRec=8&dbcode=cjfq&dbname=CJFD0608&filename=XXJS200608007	信息化建设	2006	2006年08期
论我国电子政务发展的策略	http://sso.cdclib.org/interlibSSO/goto/6/=06190596Z93/kns55/detail.aspx?QueryID=28&CurRec=9&dbcode=cjfq&dbname=CJFD0608&filename=XXJS200608008	信息化建设	2006	2006年08期
网络环境下的科技研发管理系统建设	http://sso.cdclib.org/interlibSSO/goto/6/=06190596Z93/kns55/detail.aspx?QueryID=28&CurRec=10&dbcode=cjfq&dbname=CJFD0608&filename=XXJS200608009	信息化建设	2006	2006年08期
网络信任体系建设现状所带来的思考	http://sso.cdclib.org/interlibSSO/goto/6/=06190596Z93/kns55/detail.aspx?QueryID=28&CurRec=11&dbcode=cjfq&dbname=CJFD0608&filename=XXJS200608010	信息化建设	2006	2006年08期
以网络协同之力 为百姓排忧解难——重庆市政府系统公开电子信箱协同办理系统	http://sso.cdclib.org/interlibSSO/goto/6/=06190596Z93/kns55/detail.aspx?QueryID=28&CurRec=12&dbcode=cjfq&dbname=CJFD0608&filename=XXJS200608011	信息化建设	2006	2006年08期
警惕电子政务沦为“电子政误”	http://sso.cdclib.org/interlibSSO/goto/6/=06190596Z93/kns55/detail.aspx?QueryID=28&CurRec=13&dbcode=cjfq&dbname=CJFD0608&filename=XXJS200608012	信息化建设	2006	2006年08期
响应型政府:一个新的服务方案——澳大利亚2006年电子政务战略	http://sso.cdclib.org/interlibSSO/goto/6/=06190596Z93/kns55/detail.aspx?QueryID=28&CurRec=14&dbcode=cjfq&dbname=CJFD0608&filename=XXJS200608013	信息化建设	2006	2006年08期
我国医疗卫生行业信息管理思考	http://sso.cdclib.org/interlibSSO/goto/6/=06190596Z93/kns55/detail.aspx?QueryID=28&CurRec=15&dbcode=cjfq&dbname=CJFD0608&filename=XXJS200608014	信息化建设	2006	2006年08期
好网络 为高端对话“保驾护航”——香港世贸会议成功背后的故事	http://sso.cdclib.org/interlibSSO/goto/6/=06190596Z93/kns55/detail.aspx?QueryID=28&CurRec=16&dbcode=cjfq&dbname=CJFD0608&filename=XXJS200608015	信息化建设	2006	2006年08期
几个关键技术在广东省企业信用信息网中的运用	http://sso.cdclib.org/interlibSSO/goto/6/=06190596Z93/kns55/detail.aspx?QueryID=28&CurRec=17&dbcode=cjfq&dbname=CJFD0608&filename=XXJS200608016	信息化建设	2006	2006年08期
Ipedo财政信息一体化解决方案	http://sso.cdclib.org/interlibSSO/goto/6/=06190596Z93/kns55/detail.aspx?QueryID=28&CurRec=18&dbcode=cjfq&dbname=CJFD0608&filename=XXJS200608017	信息化建设	2006	2006年08期
全球眼 让视线无限延伸	http://sso.cdclib.org/interlibSSO/goto/6/=06190596Z93/kns55/detail.aspx?QueryID=28&CurRec=19&dbcode=cjfq&dbname=CJFD0608&filename=XXJS200608018	信息化建设	2006	2006年08期
系统修复清理小精灵——Always Right	http://sso.cdclib.org/interlibSSO/goto/6/=06190596Z93/kns55/detail.aspx?QueryID=28&CurRec=20&dbcode=cjfq&dbname=CJFD0608&filename=XXJS200608019	信息化建设	2006	2006年08期
信息化在线	http://sso.cdclib.org/interlibSSO/goto/6/=06190596Z93/kns55/detail.aspx?QueryID=28&CurRec=21&dbcode=cjfq&dbname=CJFD0608&filename=XXJS200608020	信息化建设	2006	2006年08期
提高政府工作效率和公共服务水平 为公众参与经济社会活动创造条件——全国电子政务工作座谈会在京召开 温家宝黄菊作重要批示 曾培炎出席并讲话	http://sso.cdclib.org/interlibSSO/goto/6/=06190596Z93/kns55/detail.aspx?QueryID=33&CurRec=1&dbcode=cjfq&dbname=CJFD0608&filename=XXJS200607001	信息化建设	2006	2006年07期
名刊摘要	http://sso.cdclib.org/interlibSSO/goto/6/=06190596Z93/kns55/detail.aspx?QueryID=33&CurRec=2&dbcode=cjfq&dbname=CJFD0608&filename=XXJS200607002	信息化建设	2006	2006年07期
互联网时代的话语权	http://sso.cdclib.org/interlibSSO/goto/6/=06190596Z93/kns55/detail.aspx?QueryID=33&CurRec=3&dbcode=cjfq&dbname=CJFD0608&filename=XXJS200607003	信息化建设	2006	2006年07期
积极推进信息化建设 加快振兴吉林老工业基地	http://sso.cdclib.org/interlibSSO/goto/6/=06190596Z93/kns55/detail.aspx?QueryID=33&CurRec=4&dbcode=cjfq&dbname=CJFD0608&filename=XXJS200607004	信息化建设	2006	2006年07期
振奋精神 开拓创新 加速推进教育电子政务建设	http://sso.cdclib.org/interlibSSO/goto/6/=06190596Z93/kns55/detail.aspx?QueryID=33&CurRec=5&dbcode=cjfq&dbname=CJFD0608&filename=XXJS200607005	信息化建设	2006	2006年07期
政务信息资源的整合——“我与政务信息化建设共舞”(六)	http://sso.cdclib.org/interlibSSO/goto/6/=06190596Z93/kns55/detail.aspx?QueryID=33&CurRec=6&dbcode=cjfq&dbname=CJFD0608&filename=XXJS200607006	信息化建设	2006	2006年07期
解析国家信息化发展战略“五大特点”	http://sso.cdclib.org/interlibSSO/goto/6/=06190596Z93/kns55/detail.aspx?QueryID=33&CurRec=7&dbcode=cjfq&dbname=CJFD0608&filename=XXJS200607007	信息化建设	2006	2006年07期
中央政府门户网站内容保障情况介绍	http://sso.cdclib.org/interlibSSO/goto/6/=06190596Z93/kns55/detail.aspx?QueryID=33&CurRec=8&dbcode=cjfq&dbname=CJFD0608&filename=XXJS200607008	信息化建设	2006	2006年07期
电子政务系统建设实务	http://sso.cdclib.org/interlibSSO/goto/6/=06190596Z93/kns55/detail.aspx?QueryID=33&CurRec=9&dbcode=cjfq&dbname=CJFD0608&filename=XXJS200607009	信息化建设	2006	2006年07期
政府网站的建设和管理	http://sso.cdclib.org/interlibSSO/goto/6/=06190596Z93/kns55/detail.aspx?QueryID=33&CurRec=10&dbcode=cjfq&dbname=CJFD0608&filename=XXJS200607010	信息化建设	2006	2006年07期
智能行政:行政管理体制改革的巨大动力	http://sso.cdclib.org/interlibSSO/goto/6/=06190596Z93/kns55/detail.aspx?QueryID=33&CurRec=11&dbcode=cjfq&dbname=CJFD0608&filename=XXJS200607011	信息化建设	2006	2006年07期
当前我国电子政务发展的突破口——实施科学决策、结合创新特色	http://sso.cdclib.org/interlibSSO/goto/6/=06190596Z93/kns55/detail.aspx?QueryID=33&CurRec=12&dbcode=cjfq&dbname=CJFD0608&filename=XXJS200607012	信息化建设	2006	2006年07期
为政务信息化培训班叫好！	http://sso.cdclib.org/interlibSSO/goto/6/=06190596Z93/kns55/detail.aspx?QueryID=33&CurRec=13&dbcode=cjfq&dbname=CJFD0608&filename=XXJS200607013	信息化建设	2006	2006年07期
解读宏观经济 护航央网建设——国家发展改革委央网内容保障工作侧记	http://sso.cdclib.org/interlibSSO/goto/6/=06190596Z93/kns55/detail.aspx?QueryID=33&CurRec=14&dbcode=cjfq&dbname=CJFD0608&filename=XXJS200607014	信息化建设	2006	2006年07期
浅谈海关门户网站如何进一步深入发展	http://sso.cdclib.org/interlibSSO/goto/6/=06190596Z93/kns55/detail.aspx?QueryID=33&CurRec=15&dbcode=cjfq&dbname=CJFD0608&filename=XXJS200607015	信息化建设	2006	2006年07期
“任务导向、应用共享”的整合型电子政务平台规划和建设——浙江省省级机关事务管理局电子政务建设带给我们的启示	http://sso.cdclib.org/interlibSSO/goto/6/=06190596Z93/kns55/detail.aspx?QueryID=33&CurRec=16&dbcode=cjfq&dbname=CJFD0608&filename=XXJS200607016	信息化建设	2006	2006年07期
以网络之桥 通民生社情 建和谐天津	http://sso.cdclib.org/interlibSSO/goto/6/=06190596Z93/kns55/detail.aspx?QueryID=33&CurRec=17&dbcode=cjfq&dbname=CJFD0608&filename=XXJS200607017	信息化建设	2006	2006年07期
浅议计算机网络的安全隐患及防御策略	http://sso.cdclib.org/interlibSSO/goto/6/=06190596Z93/kns55/detail.aspx?QueryID=33&CurRec=18&dbcode=cjfq&dbname=CJFD0608&filename=XXJS200607018	信息化建设	2006	2006年07期
我们需要什么样的医疗信息资源整合	http://sso.cdclib.org/interlibSSO/goto/6/=06190596Z93/kns55/detail.aspx?QueryID=33&CurRec=19&dbcode=cjfq&dbname=CJFD0608&filename=XXJS200607019	信息化建设	2006	2006年07期
浙江电信:抓好信息化应用助推新农村建设	http://sso.cdclib.org/interlibSSO/goto/6/=06190596Z93/kns55/detail.aspx?QueryID=33&CurRec=20&dbcode=cjfq&dbname=CJFD0608&filename=XXJS200607020	信息化建设	2006	2006年07期
选择路由器须考虑的要点	http://sso.cdclib.org/interlibSSO/goto/6/=06190596Z93/kns55/detail.aspx?QueryID=33&CurRec=21&dbcode=cjfq&dbname=CJFD0608&filename=XXJS200607021	信息化建设	2006	2006年07期
政策	http://sso.cdclib.org/interlibSSO/goto/6/=06190596Z93/kns55/detail.aspx?QueryID=33&CurRec=22&dbcode=cjfq&dbname=CJFD0608&filename=XXJS200607022	信息化建设	2006	2006年07期
动态	http://sso.cdclib.org/interlibSSO/goto/6/=06190596Z93/kns55/detail.aspx?QueryID=33&CurRec=23&dbcode=cjfq&dbname=CJFD0608&filename=XXJS200607023	信息化建设	2006	2006年07期
数据	http://sso.cdclib.org/interlibSSO/goto/6/=06190596Z93/kns55/detail.aspx?QueryID=33&CurRec=24&dbcode=cjfq&dbname=CJFD0608&filename=XXJS200607024	信息化建设	2006	2006年07期
竞技体育与电子政务	http://sso.cdclib.org/interlibSSO/goto/6/=06190596Z93/kns55/detail.aspx?QueryID=38&CurRec=1&dbcode=cjfq&dbname=CJFD0608&filename=XXJS200606001	信息化建设	2006	2006年06期
名刊摘要	http://sso.cdclib.org/interlibSSO/goto/6/=06190596Z93/kns55/detail.aspx?QueryID=38&CurRec=2&dbcode=cjfq&dbname=CJFD0608&filename=XXJS200606002	信息化建设	2006	2006年06期
抓住机遇 创新发展 全面推动“十一五”期间广东省信息化建设	http://sso.cdclib.org/interlibSSO/goto/6/=06190596Z93/kns55/detail.aspx?QueryID=38&CurRec=3&dbcode=cjfq&dbname=CJFD0608&filename=XXJS200606003	信息化建设	2006	2006年06期
拓宽视野 创新思路 全面推进江苏省电子政务建设	http://sso.cdclib.org/interlibSSO/goto/6/=06190596Z93/kns55/detail.aspx?QueryID=38&CurRec=4&dbcode=cjfq&dbname=CJFD0608&filename=XXJS200606004	信息化建设	2006	2006年06期
提高认识水平 了解前沿技术 交流先进经验 第二期全国政府系统政务信息化培训班在杭州开训	http://sso.cdclib.org/interlibSSO/goto/6/=06190596Z93/kns55/detail.aspx?QueryID=38&CurRec=5&dbcode=cjfq&dbname=CJFD0608&filename=XXJS200606005	信息化建设	2006	2006年06期
系统观指导下的电子政务——访“中国电子政务应用示范工程”专家组专家王延章教授	http://sso.cdclib.org/interlibSSO/goto/6/=06190596Z93/kns55/detail.aspx?QueryID=38&CurRec=6&dbcode=cjfq&dbname=CJFD0608&filename=XXJS200606006	信息化建设	2006	2006年06期
树立正确绩效观 建设节约型电子政务	http://sso.cdclib.org/interlibSSO/goto/6/=06190596Z93/kns55/detail.aspx?QueryID=38&CurRec=7&dbcode=cjfq&dbname=CJFD0608&filename=XXJS200606007	信息化建设	2006	2006年06期
利用IPSec建立政务专网厅局纵向VPN 构建江西政务统一网络平台	http://sso.cdclib.org/interlibSSO/goto/6/=06190596Z93/kns55/detail.aspx?QueryID=38&CurRec=8&dbcode=cjfq&dbname=CJFD0608&filename=XXJS200606008	信息化建设	2006	2006年06期
数据整合技术在人事劳动社会保障信息系统中的运用	http://sso.cdclib.org/interlibSSO/goto/6/=06190596Z93/kns55/detail.aspx?QueryID=38&CurRec=9&dbcode=cjfq&dbname=CJFD0608&filename=XXJS200606009	信息化建设	2006	2006年06期
推进浙江省科技文献共享平台建设的若干设想	http://sso.cdclib.org/interlibSSO/goto/6/=06190596Z93/kns55/detail.aspx?QueryID=38&CurRec=10&dbcode=cjfq&dbname=CJFD0608&filename=XXJS200606010	信息化建设	2006	2006年06期
e-FEMA对我国应急管理体系建设的启示	http://sso.cdclib.org/interlibSSO/goto/6/=06190596Z93/kns55/detail.aspx?QueryID=38&CurRec=11&dbcode=cjfq&dbname=CJFD0608&filename=XXJS200606011	信息化建设	2006	2006年06期
加强政府门户网站建设 不断推进政务公开	http://sso.cdclib.org/interlibSSO/goto/6/=06190596Z93/kns55/detail.aspx?QueryID=38&CurRec=12&dbcode=cjfq&dbname=CJFD0608&filename=XXJS200606012	信息化建设	2006	2006年06期
对创建政府网站管理机制的思考	http://sso.cdclib.org/interlibSSO/goto/6/=06190596Z93/kns55/detail.aspx?QueryID=38&CurRec=13&dbcode=cjfq&dbname=CJFD0608&filename=XXJS200606013	信息化建设	2006	2006年06期
运用政府网站加强效能监察的探索与策略	http://sso.cdclib.org/interlibSSO/goto/6/=06190596Z93/kns55/detail.aspx?QueryID=38&CurRec=14&dbcode=cjfq&dbname=CJFD0608&filename=XXJS200606014	信息化建设	2006	2006年06期
核心的价值不仅仅是技术	http://sso.cdclib.org/interlibSSO/goto/6/=06190596Z93/kns55/detail.aspx?QueryID=38&CurRec=15&dbcode=cjfq&dbname=CJFD0608&filename=XXJS200606015	信息化建设	2006	2006年06期
别让宝贵的政府资源变成“海市蜃楼”	http://sso.cdclib.org/interlibSSO/goto/6/=06190596Z93/kns55/detail.aspx?QueryID=38&CurRec=16&dbcode=cjfq&dbname=CJFD0608&filename=XXJS200606016	信息化建设	2006	2006年06期
面向目标 面向顾客 面向问题——澳大利亚电子政务建设模式评述	http://sso.cdclib.org/interlibSSO/goto/6/=06190596Z93/kns55/detail.aspx?QueryID=38&CurRec=17&dbcode=cjfq&dbname=CJFD0608&filename=XXJS200606017	信息化建设	2006	2006年06期
新加坡电子政务成功的核心因素	http://sso.cdclib.org/interlibSSO/goto/6/=06190596Z93/kns55/detail.aspx?QueryID=38&CurRec=18&dbcode=cjfq&dbname=CJFD0608&filename=XXJS200606018	信息化建设	2006	2006年06期
浅谈政府门户网站的网络安全	http://sso.cdclib.org/interlibSSO/goto/6/=06190596Z93/kns55/detail.aspx?QueryID=38&CurRec=19&dbcode=cjfq&dbname=CJFD0608&filename=XXJS200606019	信息化建设	2006	2006年06期
国内外农业信息化现状分析	http://sso.cdclib.org/interlibSSO/goto/6/=06190596Z93/kns55/detail.aspx?QueryID=38&CurRec=20&dbcode=cjfq&dbname=CJFD0608&filename=XXJS200606020	信息化建设	2006	2006年06期
UOML联通信息孤岛 让政务信息畅通无阻——山西省电子公文信息系统建设取得新突破	http://sso.cdclib.org/interlibSSO/goto/6/=06190596Z93/kns55/detail.aspx?QueryID=38&CurRec=21&dbcode=cjfq&dbname=CJFD0608&filename=XXJS200606021	信息化建设	2006	2006年06期
“春风e农手拉手” 电信助推新农村——浙江电信“建设社会主义新农村”助推年活动全面启动	http://sso.cdclib.org/interlibSSO/goto/6/=06190596Z93/kns55/detail.aspx?QueryID=38&CurRec=22&dbcode=cjfq&dbname=CJFD0608&filename=XXJS200606022	信息化建设	2006	2006年06期
Word文档“回生术”	http://sso.cdclib.org/interlibSSO/goto/6/=06190596Z93/kns55/detail.aspx?QueryID=38&CurRec=23&dbcode=cjfq&dbname=CJFD0608&filename=XXJS200606023	信息化建设	2006	2006年06期
信息化在线	http://sso.cdclib.org/interlibSSO/goto/6/=06190596Z93/kns55/detail.aspx?QueryID=38&CurRec=24&dbcode=cjfq&dbname=CJFD0608&filename=XXJS200606024	信息化建设	2006	2006年06期
高扬“以人为本”的大旗	http://sso.cdclib.org/interlibSSO/goto/6/=06190596Z93/kns55/detail.aspx?QueryID=43&CurRec=1&dbcode=cjfq&dbname=CJFD0608&filename=XXJS200605001	信息化建设	2006	2006年05期
名刊摘要	http://sso.cdclib.org/interlibSSO/goto/6/=06190596Z93/kns55/detail.aspx?QueryID=43&CurRec=2&dbcode=cjfq&dbname=CJFD0608&filename=XXJS200605002	信息化建设	2006	2006年05期
提高政务信息化应用能力 促进政府管理创新 全国政府系统首期政务信息化培训班顺利结束 国务院副秘书长徐绍史 浙江省副省长盛昌黎 浙江大学校长潘云鹤出席了开班仪式	http://sso.cdclib.org/interlibSSO/goto/6/=06190596Z93/kns55/detail.aspx?QueryID=43&CurRec=3&dbcode=cjfq&dbname=CJFD0608&filename=XXJS200605003	信息化建设	2006	2006年05期
以科学发展观统领全局 全面推进海南信息智能岛建设	http://sso.cdclib.org/interlibSSO/goto/6/=06190596Z93/kns55/detail.aspx?QueryID=43&CurRec=4&dbcode=cjfq&dbname=CJFD0608&filename=XXJS200605004	信息化建设	2006	2006年05期
加快环境信息化建设 构建环境友好型社会	http://sso.cdclib.org/interlibSSO/goto/6/=06190596Z93/kns55/detail.aspx?QueryID=43&CurRec=5&dbcode=cjfq&dbname=CJFD0608&filename=XXJS200605005	信息化建设	2006	2006年05期
电子政务不同模式的比较与启示(一)	http://sso.cdclib.org/interlibSSO/goto/6/=06190596Z93/kns55/detail.aspx?QueryID=43&CurRec=6&dbcode=cjfq&dbname=CJFD0608&filename=XXJS200605006	信息化建设	2006	2006年05期
电子政务促进政府管理模式弹性化	http://sso.cdclib.org/interlibSSO/goto/6/=06190596Z93/kns55/detail.aspx?QueryID=43&CurRec=7&dbcode=cjfq&dbname=CJFD0608&filename=XXJS200605007	信息化建设	2006	2006年05期
电子政务资源整合的实践与探索	http://sso.cdclib.org/interlibSSO/goto/6/=06190596Z93/kns55/detail.aspx?QueryID=43&CurRec=8&dbcode=cjfq&dbname=CJFD0608&filename=XXJS200605008	信息化建设	2006	2006年05期
中小型城市应急指挥及社会综合服务系统规划初探	http://sso.cdclib.org/interlibSSO/goto/6/=06190596Z93/kns55/detail.aspx?QueryID=43&CurRec=9&dbcode=cjfq&dbname=CJFD0608&filename=XXJS200605009	信息化建设	2006	2006年05期
以人为本 开放创新 争做国内领先的政府门户网站	http://sso.cdclib.org/interlibSSO/goto/6/=06190596Z93/kns55/detail.aspx?QueryID=43&CurRec=10&dbcode=cjfq&dbname=CJFD0608&filename=XXJS200605010	信息化建设	2006	2006年05期
基于MPLSV PN的电子政务外网平台建设	http://sso.cdclib.org/interlibSSO/goto/6/=06190596Z93/kns55/detail.aspx?QueryID=43&CurRec=11&dbcode=cjfq&dbname=CJFD0608&filename=XXJS200605011	信息化建设	2006	2006年05期
还是节约点好	http://sso.cdclib.org/interlibSSO/goto/6/=06190596Z93/kns55/detail.aspx?QueryID=43&CurRec=12&dbcode=cjfq&dbname=CJFD0608&filename=XXJS200605012	信息化建设	2006	2006年05期
期待更多官员常坐网络“公车”	http://sso.cdclib.org/interlibSSO/goto/6/=06190596Z93/kns55/detail.aspx?QueryID=43&CurRec=13&dbcode=cjfq&dbname=CJFD0608&filename=XXJS200605013	信息化建设	2006	2006年05期
美国城市311市民服务系统的建设经验	http://sso.cdclib.org/interlibSSO/goto/6/=06190596Z93/kns55/detail.aspx?QueryID=43&CurRec=14&dbcode=cjfq&dbname=CJFD0608&filename=XXJS200605014	信息化建设	2006	2006年05期
孟加拉国:热忱投入电子政务的第三世界领军者	http://sso.cdclib.org/interlibSSO/goto/6/=06190596Z93/kns55/detail.aspx?QueryID=43&CurRec=15&dbcode=cjfq&dbname=CJFD0608&filename=XXJS200605015	信息化建设	2006	2006年05期
“震荡波”病毒解决方案	http://sso.cdclib.org/interlibSSO/goto/6/=06190596Z93/kns55/detail.aspx?QueryID=43&CurRec=16&dbcode=cjfq&dbname=CJFD0608&filename=XXJS200605016	信息化建设	2006	2006年05期
再说信息安全	http://sso.cdclib.org/interlibSSO/goto/6/=06190596Z93/kns55/detail.aspx?QueryID=43&CurRec=17&dbcode=cjfq&dbname=CJFD0608&filename=XXJS200605017	信息化建设	2006	2006年05期
移动政务:价值、应用与技术分析	http://sso.cdclib.org/interlibSSO/goto/6/=06190596Z93/kns55/detail.aspx?QueryID=43&CurRec=18&dbcode=cjfq&dbname=CJFD0608&filename=XXJS200605018	信息化建设	2006	2006年05期
从公共信息亭看苏州城市信息化建设	http://sso.cdclib.org/interlibSSO/goto/6/=06190596Z93/kns55/detail.aspx?QueryID=43&CurRec=19&dbcode=cjfq&dbname=CJFD0608&filename=XXJS200605019	信息化建设	2006	2006年05期
“手握方寸屏幕,心存全市运行”——记北京市经济运行监测调度中心	http://sso.cdclib.org/interlibSSO/goto/6/=06190596Z93/kns55/detail.aspx?QueryID=43&CurRec=20&dbcode=cjfq&dbname=CJFD0608&filename=XXJS200605020	信息化建设	2006	2006年05期
依托全业务解决方案华为3Com高飞远举	http://sso.cdclib.org/interlibSSO/goto/6/=06190596Z93/kns55/detail.aspx?QueryID=43&CurRec=21&dbcode=cjfq&dbname=CJFD0608&filename=XXJS200605021	信息化建设	2006	2006年05期
企业IT服务管理中心架构研究	http://sso.cdclib.org/interlibSSO/goto/6/=06190596Z93/kns55/detail.aspx?QueryID=43&CurRec=22&dbcode=cjfq&dbname=CJFD0608&filename=XXJS200605022	信息化建设	2006	2006年05期
XML技术在电子政务的应用前景	http://sso.cdclib.org/interlibSSO/goto/6/=06190596Z93/kns55/detail.aspx?QueryID=43&CurRec=23&dbcode=cjfq&dbname=CJFD0608&filename=XXJS200605023	信息化建设	2006	2006年05期
Windows文件类标识符及其应用	http://sso.cdclib.org/interlibSSO/goto/6/=06190596Z93/kns55/detail.aspx?QueryID=43&CurRec=24&dbcode=cjfq&dbname=CJFD0608&filename=XXJS200605024	信息化建设	2006	2006年05期
无法保存Word文档的解决办法	http://sso.cdclib.org/interlibSSO/goto/6/=06190596Z93/kns55/detail.aspx?QueryID=43&CurRec=25&dbcode=cjfq&dbname=CJFD0608&filename=XXJS200605025	信息化建设	2006	2006年05期
信息化在线	http://sso.cdclib.org/interlibSSO/goto/6/=06190596Z93/kns55/detail.aspx?QueryID=43&CurRec=26&dbcode=cjfq&dbname=CJFD0608&filename=XXJS200605026	信息化建设	2006	2006年05期
“搜索”与推销	http://sso.cdclib.org/interlibSSO/goto/6/=06190596Z93/kns55/detail.aspx?QueryID=48&CurRec=1&dbcode=cjfq&dbname=CJFD0608&filename=XXJS200604001	信息化建设	2006	2006年04期
名刊摘要	http://sso.cdclib.org/interlibSSO/goto/6/=06190596Z93/kns55/detail.aspx?QueryID=48&CurRec=2&dbcode=cjfq&dbname=CJFD0608&filename=XXJS200604002	信息化建设	2006	2006年04期
温家宝:我从网民意见中看到信心和力量	http://sso.cdclib.org/interlibSSO/goto/6/=06190596Z93/kns55/detail.aspx?QueryID=48&CurRec=3&dbcode=cjfq&dbname=CJFD0608&filename=XXJS200604003	信息化建设	2006	2006年04期
树立落实科学发展观 为构建社会主义 和谐社会做出积极贡献	http://sso.cdclib.org/interlibSSO/goto/6/=06190596Z93/kns55/detail.aspx?QueryID=48&CurRec=4&dbcode=cjfq&dbname=CJFD0608&filename=XXJS200604004	信息化建设	2006	2006年04期
彩云之南奏响信息化新篇	http://sso.cdclib.org/interlibSSO/goto/6/=06190596Z93/kns55/detail.aspx?QueryID=48&CurRec=5&dbcode=cjfq&dbname=CJFD0608&filename=XXJS200604005	信息化建设	2006	2006年04期
以公共服务为中心的电子政务业务参考模型	http://sso.cdclib.org/interlibSSO/goto/6/=06190596Z93/kns55/detail.aspx?QueryID=48&CurRec=6&dbcode=cjfq&dbname=CJFD0608&filename=XXJS200604006	信息化建设	2006	2006年04期
我国电子政务组织管理体系的构想	http://sso.cdclib.org/interlibSSO/goto/6/=06190596Z93/kns55/detail.aspx?QueryID=48&CurRec=7&dbcode=cjfq&dbname=CJFD0608&filename=XXJS200604007	信息化建设	2006	2006年04期
加强电子政务绩效评估 促进电子政务健康发展	http://sso.cdclib.org/interlibSSO/goto/6/=06190596Z93/kns55/detail.aspx?QueryID=48&CurRec=8&dbcode=cjfq&dbname=CJFD0608&filename=XXJS200604008	信息化建设	2006	2006年04期
积极配合 共建合作 努力落实中国政府网内容保障任务	http://sso.cdclib.org/interlibSSO/goto/6/=06190596Z93/kns55/detail.aspx?QueryID=48&CurRec=9&dbcode=cjfq&dbname=CJFD0608&filename=XXJS200604009	信息化建设	2006	2006年04期
突发事件应急系统中的信息管理和信息服务	http://sso.cdclib.org/interlibSSO/goto/6/=06190596Z93/kns55/detail.aspx?QueryID=48&CurRec=10&dbcode=cjfq&dbname=CJFD0608&filename=XXJS200604010	信息化建设	2006	2006年04期
山区发展电子政务的道路探索——广东省清新县电子政务特色启示	http://sso.cdclib.org/interlibSSO/goto/6/=06190596Z93/kns55/detail.aspx?QueryID=48&CurRec=11&dbcode=cjfq&dbname=CJFD0608&filename=XXJS200604011	信息化建设	2006	2006年04期
如何做实电子政务规划	http://sso.cdclib.org/interlibSSO/goto/6/=06190596Z93/kns55/detail.aspx?QueryID=48&CurRec=12&dbcode=cjfq&dbname=CJFD0608&filename=XXJS200604012	信息化建设	2006	2006年04期
恰如一场及时雨——人事部打造全新公务员招考报名系统	http://sso.cdclib.org/interlibSSO/goto/6/=06190596Z93/kns55/detail.aspx?QueryID=48&CurRec=13&dbcode=cjfq&dbname=CJFD0608&filename=XXJS200604013	信息化建设	2006	2006年04期
“协同”要“PK”ERP？	http://sso.cdclib.org/interlibSSO/goto/6/=06190596Z93/kns55/detail.aspx?QueryID=48&CurRec=14&dbcode=cjfq&dbname=CJFD0608&filename=XXJS200604014	信息化建设	2006	2006年04期
网上行政审批软件突破点何在	http://sso.cdclib.org/interlibSSO/goto/6/=06190596Z93/kns55/detail.aspx?QueryID=48&CurRec=15&dbcode=cjfq&dbname=CJFD0608&filename=XXJS200604015	信息化建设	2006	2006年04期
基于DES和RSA的混合加密机制	http://sso.cdclib.org/interlibSSO/goto/6/=06190596Z93/kns55/detail.aspx?QueryID=48&CurRec=16&dbcode=cjfq&dbname=CJFD0608&filename=XXJS200604016	信息化建设	2006	2006年04期
美国电子政务项目管理应用现状分析	http://sso.cdclib.org/interlibSSO/goto/6/=06190596Z93/kns55/detail.aspx?QueryID=48&CurRec=17&dbcode=cjfq&dbname=CJFD0608&filename=XXJS200604017	信息化建设	2006	2006年04期
农机信息化网络建设应选择适宜模式	http://sso.cdclib.org/interlibSSO/goto/6/=06190596Z93/kns55/detail.aspx?QueryID=48&CurRec=18&dbcode=cjfq&dbname=CJFD0608&filename=XXJS200604018	信息化建设	2006	2006年04期
湖南农业信息化现状和“十一五”发展思路	http://sso.cdclib.org/interlibSSO/goto/6/=06190596Z93/kns55/detail.aspx?QueryID=48&CurRec=19&dbcode=cjfq&dbname=CJFD0608&filename=XXJS200604019	信息化建设	2006	2006年04期
构筑“天堂”百姓的和谐家园	http://sso.cdclib.org/interlibSSO/goto/6/=06190596Z93/kns55/detail.aspx?QueryID=48&CurRec=20&dbcode=cjfq&dbname=CJFD0608&filename=XXJS200604020	信息化建设	2006	2006年04期
浙籍IT精英齐集西子湖畔共谋反哺家乡——浙江电信浙江大学成功举办“春回燕归浙籍IT精英峰会”	http://sso.cdclib.org/interlibSSO/goto/6/=06190596Z93/kns55/detail.aspx?QueryID=48&CurRec=21&dbcode=cjfq&dbname=CJFD0608&filename=XXJS200604021	信息化建设	2006	2006年04期
打造实时政府 构建和谐社会	http://sso.cdclib.org/interlibSSO/goto/6/=06190596Z93/kns55/detail.aspx?QueryID=48&CurRec=22&dbcode=cjfq&dbname=CJFD0608&filename=XXJS200604022	信息化建设	2006	2006年04期
创新理念 服务政府——访IBM大中华地区政府与公共事业部总经理范宇	http://sso.cdclib.org/interlibSSO/goto/6/=06190596Z93/kns55/detail.aspx?QueryID=48&CurRec=23&dbcode=cjfq&dbname=CJFD0608&filename=XXJS200604023	信息化建设	2006	2006年04期
安装和卸载程序中的“学问”	http://sso.cdclib.org/interlibSSO/goto/6/=06190596Z93/kns55/detail.aspx?QueryID=48&CurRec=24&dbcode=cjfq&dbname=CJFD0608&filename=XXJS200604024	信息化建设	2006	2006年04期
Word轻松搞定生僻字	http://sso.cdclib.org/interlibSSO/goto/6/=06190596Z93/kns55/detail.aspx?QueryID=48&CurRec=25&dbcode=cjfq&dbname=CJFD0608&filename=XXJS200604025	信息化建设	2006	2006年04期
政策	http://sso.cdclib.org/interlibSSO/goto/6/=06190596Z93/kns55/detail.aspx?QueryID=48&CurRec=26&dbcode=cjfq&dbname=CJFD0608&filename=XXJS200604026	信息化建设	2006	2006年04期
动态	http://sso.cdclib.org/interlibSSO/goto/6/=06190596Z93/kns55/detail.aspx?QueryID=48&CurRec=27&dbcode=cjfq&dbname=CJFD0608&filename=XXJS200604027	信息化建设	2006	2006年04期
数据	http://sso.cdclib.org/interlibSSO/goto/6/=06190596Z93/kns55/detail.aspx?QueryID=48&CurRec=28&dbcode=cjfq&dbname=CJFD0608&filename=XXJS200604028	信息化建设	2006	2006年04期
门户网站与为人民服务	http://sso.cdclib.org/interlibSSO/goto/6/=06190596Z93/kns55/detail.aspx?QueryID=53&CurRec=1&dbcode=cjfq&dbname=CJFD0608&filename=XXJS200603001	信息化建设	2006	2006年03期
名刊摘要	http://sso.cdclib.org/interlibSSO/goto/6/=06190596Z93/kns55/detail.aspx?QueryID=53&CurRec=2&dbcode=cjfq&dbname=CJFD0608&filename=XXJS200603002	信息化建设	2006	2006年03期
总结经验 明确目标 积极推进水利信息化	http://sso.cdclib.org/interlibSSO/goto/6/=06190596Z93/kns55/detail.aspx?QueryID=53&CurRec=3&dbcode=cjfq&dbname=CJFD0608&filename=XXJS200603003	信息化建设	2006	2006年03期
面向资源监管 实施金土工程 为国土资源管理科学化现代化服务	http://sso.cdclib.org/interlibSSO/goto/6/=06190596Z93/kns55/detail.aspx?QueryID=53&CurRec=4&dbcode=cjfq&dbname=CJFD0608&filename=XXJS200603004	信息化建设	2006	2006年03期
“服务型政府”门户网站建设的对策建议	http://sso.cdclib.org/interlibSSO/goto/6/=06190596Z93/kns55/detail.aspx?QueryID=53&CurRec=5&dbcode=cjfq&dbname=CJFD0608&filename=XXJS200603005	信息化建设	2006	2006年03期
对中国政府网站建设的几点思考——从2005年中国政府网站绩效评估结果谈起	http://sso.cdclib.org/interlibSSO/goto/6/=06190596Z93/kns55/detail.aspx?QueryID=53&CurRec=6&dbcode=cjfq&dbname=CJFD0608&filename=XXJS200603006	信息化建设	2006	2006年03期
电子政务建设应重视人力资源管理	http://sso.cdclib.org/interlibSSO/goto/6/=06190596Z93/kns55/detail.aspx?QueryID=53&CurRec=7&dbcode=cjfq&dbname=CJFD0608&filename=XXJS200603007	信息化建设	2006	2006年03期
擦亮央网“商务之窗”——商务部做好央网内容保障工作经验谈	http://sso.cdclib.org/interlibSSO/goto/6/=06190596Z93/kns55/detail.aspx?QueryID=53&CurRec=8&dbcode=cjfq&dbname=CJFD0608&filename=XXJS200603008	信息化建设	2006	2006年03期
打造应急之“腦”——访清华大学公共安全研究中心副主任袁宏永教授	http://sso.cdclib.org/interlibSSO/goto/6/=06190596Z93/kns55/detail.aspx?QueryID=53&CurRec=9&dbcode=cjfq&dbname=CJFD0608&filename=XXJS200603009	信息化建设	2006	2006年03期
完善基础设施建设 应对公共突发事件——日本应急管理信息系统建设模式及借鉴	http://sso.cdclib.org/interlibSSO/goto/6/=06190596Z93/kns55/detail.aspx?QueryID=53&CurRec=10&dbcode=cjfq&dbname=CJFD0608&filename=XXJS200603010	信息化建设	2006	2006年03期
Web 2.0 助力政府网站建设	http://sso.cdclib.org/interlibSSO/goto/6/=06190596Z93/kns55/detail.aspx?QueryID=53&CurRec=11&dbcode=cjfq&dbname=CJFD0608&filename=XXJS200603011	信息化建设	2006	2006年03期
共享数据库规划建设分析及对策研究	http://sso.cdclib.org/interlibSSO/goto/6/=06190596Z93/kns55/detail.aspx?QueryID=53&CurRec=12&dbcode=cjfq&dbname=CJFD0608&filename=XXJS200603012	信息化建设	2006	2006年03期
让网上的“衙门”有生命	http://sso.cdclib.org/interlibSSO/goto/6/=06190596Z93/kns55/detail.aspx?QueryID=53&CurRec=13&dbcode=cjfq&dbname=CJFD0608&filename=XXJS200603013	信息化建设	2006	2006年03期
技术与道德的搏弈	http://sso.cdclib.org/interlibSSO/goto/6/=06190596Z93/kns55/detail.aspx?QueryID=53&CurRec=14&dbcode=cjfq&dbname=CJFD0608&filename=XXJS200603014	信息化建设	2006	2006年03期
利用物理隔离技术解決涉密网与非涉密网信息交换的安全问题	http://sso.cdclib.org/interlibSSO/goto/6/=06190596Z93/kns55/detail.aspx?QueryID=53&CurRec=15&dbcode=cjfq&dbname=CJFD0608&filename=XXJS200603015	信息化建设	2006	2006年03期
密码窃贼的六大阴招	http://sso.cdclib.org/interlibSSO/goto/6/=06190596Z93/kns55/detail.aspx?QueryID=53&CurRec=16&dbcode=cjfq&dbname=CJFD0608&filename=XXJS200603016	信息化建设	2006	2006年03期
印度的农业信息化	http://sso.cdclib.org/interlibSSO/goto/6/=06190596Z93/kns55/detail.aspx?QueryID=53&CurRec=17&dbcode=cjfq&dbname=CJFD0608&filename=XXJS200603017	信息化建设	2006	2006年03期
英国、瑞典电子政务和政府网站建设特点及启示	http://sso.cdclib.org/interlibSSO/goto/6/=06190596Z93/kns55/detail.aspx?QueryID=53&CurRec=18&dbcode=cjfq&dbname=CJFD0608&filename=XXJS200603018	信息化建设	2006	2006年03期
我国电子政务发展的法律保障	http://sso.cdclib.org/interlibSSO/goto/6/=06190596Z93/kns55/detail.aspx?QueryID=53&CurRec=19&dbcode=cjfq&dbname=CJFD0608&filename=XXJS200603019	信息化建设	2006	2006年03期
利用OA平台推进政务信息管理工作——浙江电力信息采编系统的建设和应用	http://sso.cdclib.org/interlibSSO/goto/6/=06190596Z93/kns55/detail.aspx?QueryID=53&CurRec=20&dbcode=cjfq&dbname=CJFD0608&filename=XXJS200603020	信息化建设	2006	2006年03期
浙江电信产业链助推浙江经济社会发展	http://sso.cdclib.org/interlibSSO/goto/6/=06190596Z93/kns55/detail.aspx?QueryID=53&CurRec=21&dbcode=cjfq&dbname=CJFD0608&filename=XXJS200603021	信息化建设	2006	2006年03期
网络“钓客”	http://sso.cdclib.org/interlibSSO/goto/6/=06190596Z93/kns55/detail.aspx?QueryID=53&CurRec=22&dbcode=cjfq&dbname=CJFD0608&filename=XXJS200603022	信息化建设	2006	2006年03期
系统优化八步法	http://sso.cdclib.org/interlibSSO/goto/6/=06190596Z93/kns55/detail.aspx?QueryID=53&CurRec=23&dbcode=cjfq&dbname=CJFD0608&filename=XXJS200603023	信息化建设	2006	2006年03期
巧妙解决Word文档章首换页问题	http://sso.cdclib.org/interlibSSO/goto/6/=06190596Z93/kns55/detail.aspx?QueryID=53&CurRec=24&dbcode=cjfq&dbname=CJFD0608&filename=XXJS200603024	信息化建设	2006	2006年03期
信息化在线	http://sso.cdclib.org/interlibSSO/goto/6/=06190596Z93/kns55/detail.aspx?QueryID=53&CurRec=25&dbcode=cjfq&dbname=CJFD0608&filename=XXJS200603025	信息化建设	2006	2006年03期
