谢谢你陪我们一起长	http://sso.cdclib.org/interlibSSO/goto/6/=06190596Z93/kns55/detail.aspx?QueryID=4&CurRec=1&dbcode=cjfq&dbname=CJFD9498&filename=YHJS199412000	中国计算机用户	1994	1994年12期
蓬勃发展的微机数据库	http://sso.cdclib.org/interlibSSO/goto/6/=06190596Z93/kns55/detail.aspx?QueryID=4&CurRec=2&dbcode=cjfq&dbname=CJFD9498&filename=YHJS199412001	中国计算机用户	1994	1994年12期
传统微机数据库系统及其发展趋势	http://sso.cdclib.org/interlibSSO/goto/6/=06190596Z93/kns55/detail.aspx?QueryID=4&CurRec=3&dbcode=cjfq&dbname=CJFD9498&filename=YHJS199412002	中国计算机用户	1994	1994年12期
微机环境下de先进数据库技术	http://sso.cdclib.org/interlibSSO/goto/6/=06190596Z93/kns55/detail.aspx?QueryID=4&CurRec=4&dbcode=cjfq&dbname=CJFD9498&filename=YHJS199412003	中国计算机用户	1994	1994年12期
微机数据库的选择	http://sso.cdclib.org/interlibSSO/goto/6/=06190596Z93/kns55/detail.aspx?QueryID=4&CurRec=5&dbcode=cjfq&dbname=CJFD9498&filename=YHJS199412004	中国计算机用户	1994	1994年12期
数据库产品集粹	http://sso.cdclib.org/interlibSSO/goto/6/=06190596Z93/kns55/detail.aspx?QueryID=4&CurRec=6&dbcode=cjfq&dbname=CJFD9498&filename=YHJS199412005	中国计算机用户	1994	1994年12期
产业动态	http://sso.cdclib.org/interlibSSO/goto/6/=06190596Z93/kns55/detail.aspx?QueryID=4&CurRec=7&dbcode=cjfq&dbname=CJFD9498&filename=YHJS199412006	中国计算机用户	1994	1994年12期
新一代操作系统——Windows95	http://sso.cdclib.org/interlibSSO/goto/6/=06190596Z93/kns55/detail.aspx?QueryID=4&CurRec=8&dbcode=cjfq&dbname=CJFD9498&filename=YHJS199412007	中国计算机用户	1994	1994年12期
我国公用数据网的现况及发展	http://sso.cdclib.org/interlibSSO/goto/6/=06190596Z93/kns55/detail.aspx?QueryID=4&CurRec=9&dbcode=cjfq&dbname=CJFD9498&filename=YHJS199412008	中国计算机用户	1994	1994年12期
全球软件主要走势	http://sso.cdclib.org/interlibSSO/goto/6/=06190596Z93/kns55/detail.aspx?QueryID=4&CurRec=10&dbcode=cjfq&dbname=CJFD9498&filename=YHJS199412009	中国计算机用户	1994	1994年12期
MD分会将召开年会	http://sso.cdclib.org/interlibSSO/goto/6/=06190596Z93/kns55/detail.aspx?QueryID=4&CurRec=11&dbcode=cjfq&dbname=CJFD9498&filename=YHJS199412010	中国计算机用户	1994	1994年12期
1993年～1998年UNIX RDBMS市场分析	http://sso.cdclib.org/interlibSSO/goto/6/=06190596Z93/kns55/detail.aspx?QueryID=4&CurRec=12&dbcode=cjfq&dbname=CJFD9498&filename=YHJS199412011	中国计算机用户	1994	1994年12期
摩托罗拉在京举办产品及应用研讨会	http://sso.cdclib.org/interlibSSO/goto/6/=06190596Z93/kns55/detail.aspx?QueryID=4&CurRec=13&dbcode=cjfq&dbname=CJFD9498&filename=YHJS199412012	中国计算机用户	1994	1994年12期
全国主要城市微机和办公自动化产品最低报价	http://sso.cdclib.org/interlibSSO/goto/6/=06190596Z93/kns55/detail.aspx?QueryID=4&CurRec=14&dbcode=cjfq&dbname=CJFD9498&filename=YHJS199412013	中国计算机用户	1994	1994年12期
1994年度国内软件市场调查分析	http://sso.cdclib.org/interlibSSO/goto/6/=06190596Z93/kns55/detail.aspx?QueryID=4&CurRec=15&dbcode=cjfq&dbname=CJFD9498&filename=YHJS199412014	中国计算机用户	1994	1994年12期
PT/EXPO COMM CHINA 94在京举行	http://sso.cdclib.org/interlibSSO/goto/6/=06190596Z93/kns55/detail.aspx?QueryID=4&CurRec=16&dbcode=cjfq&dbname=CJFD9498&filename=YHJS199412015	中国计算机用户	1994	1994年12期
SDRC分会’94年会暨技术交流会在成都召开	http://sso.cdclib.org/interlibSSO/goto/6/=06190596Z93/kns55/detail.aspx?QueryID=4&CurRec=17&dbcode=cjfq&dbname=CJFD9498&filename=YHJS199412016	中国计算机用户	1994	1994年12期
天羚电话语音卡问与答	http://sso.cdclib.org/interlibSSO/goto/6/=06190596Z93/kns55/detail.aspx?QueryID=4&CurRec=18&dbcode=cjfq&dbname=CJFD9498&filename=YHJS199412017	中国计算机用户	1994	1994年12期
Windows环境下TrueType字体编程	http://sso.cdclib.org/interlibSSO/goto/6/=06190596Z93/kns55/detail.aspx?QueryID=4&CurRec=19&dbcode=cjfq&dbname=CJFD9498&filename=YHJS199412018	中国计算机用户	1994	1994年12期
UMB在应用程序中的使用	http://sso.cdclib.org/interlibSSO/goto/6/=06190596Z93/kns55/detail.aspx?QueryID=4&CurRec=20&dbcode=cjfq&dbname=CJFD9498&filename=YHJS199412019	中国计算机用户	1994	1994年12期
C++函数重载与继承机制的应用	http://sso.cdclib.org/interlibSSO/goto/6/=06190596Z93/kns55/detail.aspx?QueryID=4&CurRec=21&dbcode=cjfq&dbname=CJFD9498&filename=YHJS199412020	中国计算机用户	1994	1994年12期
AutoCAD图标文件格式及应用	http://sso.cdclib.org/interlibSSO/goto/6/=06190596Z93/kns55/detail.aspx?QueryID=4&CurRec=22&dbcode=cjfq&dbname=CJFD9498&filename=YHJS199412021	中国计算机用户	1994	1994年12期
VGA两种特殊模式的应用	http://sso.cdclib.org/interlibSSO/goto/6/=06190596Z93/kns55/detail.aspx?QueryID=4&CurRec=23&dbcode=cjfq&dbname=CJFD9498&filename=YHJS199412022	中国计算机用户	1994	1994年12期
绘图机驱动软件设计	http://sso.cdclib.org/interlibSSO/goto/6/=06190596Z93/kns55/detail.aspx?QueryID=4&CurRec=24&dbcode=cjfq&dbname=CJFD9498&filename=YHJS199412023	中国计算机用户	1994	1994年12期
第三讲 数字图象处理原理及程序设计初步	http://sso.cdclib.org/interlibSSO/goto/6/=06190596Z93/kns55/detail.aspx?QueryID=4&CurRec=25&dbcode=cjfq&dbname=CJFD9498&filename=YHJS199412024	中国计算机用户	1994	1994年12期
将联想系统下的五笔字型输入方法移植到Windows	http://sso.cdclib.org/interlibSSO/goto/6/=06190596Z93/kns55/detail.aspx?QueryID=4&CurRec=26&dbcode=cjfq&dbname=CJFD9498&filename=YHJS199412025	中国计算机用户	1994	1994年12期
利用SPT文件在3D Studio中使用汉字	http://sso.cdclib.org/interlibSSO/goto/6/=06190596Z93/kns55/detail.aspx?QueryID=4&CurRec=27&dbcode=cjfq&dbname=CJFD9498&filename=YHJS199412026	中国计算机用户	1994	1994年12期
在VGA视频页面间实现图形复制的两种方法	http://sso.cdclib.org/interlibSSO/goto/6/=06190596Z93/kns55/detail.aspx?QueryID=4&CurRec=28&dbcode=cjfq&dbname=CJFD9498&filename=YHJS199412027	中国计算机用户	1994	1994年12期
巧用INT 1CH中断仿节能型电脑	http://sso.cdclib.org/interlibSSO/goto/6/=06190596Z93/kns55/detail.aspx?QueryID=4&CurRec=29&dbcode=cjfq&dbname=CJFD9498&filename=YHJS199412028	中国计算机用户	1994	1994年12期
FoxPro系统功能调用	http://sso.cdclib.org/interlibSSO/goto/6/=06190596Z93/kns55/detail.aspx?QueryID=4&CurRec=30&dbcode=cjfq&dbname=CJFD9498&filename=YHJS199412029	中国计算机用户	1994	1994年12期
MORE命令的新用法	http://sso.cdclib.org/interlibSSO/goto/6/=06190596Z93/kns55/detail.aspx?QueryID=4&CurRec=31&dbcode=cjfq&dbname=CJFD9498&filename=YHJS199412030	中国计算机用户	1994	1994年12期
在FoxBASE下改变VGA设置的16种显示色	http://sso.cdclib.org/interlibSSO/goto/6/=06190596Z93/kns55/detail.aspx?QueryID=4&CurRec=32&dbcode=cjfq&dbname=CJFD9498&filename=YHJS199412031	中国计算机用户	1994	1994年12期
一种防止反编译.FOX文件的简易方法	http://sso.cdclib.org/interlibSSO/goto/6/=06190596Z93/kns55/detail.aspx?QueryID=4&CurRec=33&dbcode=cjfq&dbname=CJFD9498&filename=YHJS199412032	中国计算机用户	1994	1994年12期
显示器特技编程之八——卡通动画技术在VGA上的实现	http://sso.cdclib.org/interlibSSO/goto/6/=06190596Z93/kns55/detail.aspx?QueryID=4&CurRec=34&dbcode=cjfq&dbname=CJFD9498&filename=YHJS199412033	中国计算机用户	1994	1994年12期
灵活编程属性控制寄存器	http://sso.cdclib.org/interlibSSO/goto/6/=06190596Z93/kns55/detail.aspx?QueryID=4&CurRec=35&dbcode=cjfq&dbname=CJFD9498&filename=YHJS199412034	中国计算机用户	1994	1994年12期
声霸卡随卡软件	http://sso.cdclib.org/interlibSSO/goto/6/=06190596Z93/kns55/detail.aspx?QueryID=4&CurRec=36&dbcode=cjfq&dbname=CJFD9498&filename=YHJS199412035	中国计算机用户	1994	1994年12期
本刊读者服务部向您推荐下列软件产品	http://sso.cdclib.org/interlibSSO/goto/6/=06190596Z93/kns55/detail.aspx?QueryID=4&CurRec=37&dbcode=cjfq&dbname=CJFD9498&filename=YHJS199412036	中国计算机用户	1994	1994年12期
用8251A实现8031单片机通信	http://sso.cdclib.org/interlibSSO/goto/6/=06190596Z93/kns55/detail.aspx?QueryID=4&CurRec=38&dbcode=cjfq&dbname=CJFD9498&filename=YHJS199412037	中国计算机用户	1994	1994年12期
3070打印机联机故障分析	http://sso.cdclib.org/interlibSSO/goto/6/=06190596Z93/kns55/detail.aspx?QueryID=4&CurRec=39&dbcode=cjfq&dbname=CJFD9498&filename=YHJS199412038	中国计算机用户	1994	1994年12期
关于1994年度推荐优秀软件产品活动的通告	http://sso.cdclib.org/interlibSSO/goto/6/=06190596Z93/kns55/detail.aspx?QueryID=4&CurRec=40&dbcode=cjfq&dbname=CJFD9498&filename=YHJS199412039	中国计算机用户	1994	1994年12期
国际公用软件交流网软件清单(第十二期)	http://sso.cdclib.org/interlibSSO/goto/6/=06190596Z93/kns55/detail.aspx?QueryID=4&CurRec=41&dbcode=cjfq&dbname=CJFD9498&filename=YHJS199412040	中国计算机用户	1994	1994年12期
协会活动	http://sso.cdclib.org/interlibSSO/goto/6/=06190596Z93/kns55/detail.aspx?QueryID=4&CurRec=42&dbcode=cjfq&dbname=CJFD9498&filename=YHJS199412041	中国计算机用户	1994	1994年12期
新术语集汇	http://sso.cdclib.org/interlibSSO/goto/6/=06190596Z93/kns55/detail.aspx?QueryID=4&CurRec=43&dbcode=cjfq&dbname=CJFD9498&filename=YHJS199412042	中国计算机用户	1994	1994年12期
《中国计算机用户》1994年总要目	http://sso.cdclib.org/interlibSSO/goto/6/=06190596Z93/kns55/detail.aspx?QueryID=4&CurRec=44&dbcode=cjfq&dbname=CJFD9498&filename=YHJS199412043	中国计算机用户	1994	1994年12期
本刊计算机评测实验室即将成立	http://sso.cdclib.org/interlibSSO/goto/6/=06190596Z93/kns55/detail.aspx?QueryID=10&CurRec=1&dbcode=cjfq&dbname=CJFD9498&filename=YHJS199411000	中国计算机用户	1994	1994年11期
走向完美的电子出版时代	http://sso.cdclib.org/interlibSSO/goto/6/=06190596Z93/kns55/detail.aspx?QueryID=10&CurRec=2&dbcode=cjfq&dbname=CJFD9498&filename=YHJS199411001	中国计算机用户	1994	1994年11期
电子出版系统结构与组成	http://sso.cdclib.org/interlibSSO/goto/6/=06190596Z93/kns55/detail.aspx?QueryID=10&CurRec=3&dbcode=cjfq&dbname=CJFD9498&filename=YHJS199411002	中国计算机用户	1994	1994年11期
电子出版系统与PostScript语言	http://sso.cdclib.org/interlibSSO/goto/6/=06190596Z93/kns55/detail.aspx?QueryID=10&CurRec=4&dbcode=cjfq&dbname=CJFD9498&filename=YHJS199411003	中国计算机用户	1994	1994年11期
电子出版系统的关键环节——排版技术	http://sso.cdclib.org/interlibSSO/goto/6/=06190596Z93/kns55/detail.aspx?QueryID=10&CurRec=5&dbcode=cjfq&dbname=CJFD9498&filename=YHJS199411004	中国计算机用户	1994	1994年11期
Windows NT 3.5在网络世界异军突起	http://sso.cdclib.org/interlibSSO/goto/6/=06190596Z93/kns55/detail.aspx?QueryID=10&CurRec=6&dbcode=cjfq&dbname=CJFD9498&filename=YHJS199411005	中国计算机用户	1994	1994年11期
彩色管理	http://sso.cdclib.org/interlibSSO/goto/6/=06190596Z93/kns55/detail.aspx?QueryID=10&CurRec=7&dbcode=cjfq&dbname=CJFD9498&filename=YHJS199411006	中国计算机用户	1994	1994年11期
电子出版系统产品集锦	http://sso.cdclib.org/interlibSSO/goto/6/=06190596Z93/kns55/detail.aspx?QueryID=10&CurRec=8&dbcode=cjfq&dbname=CJFD9498&filename=YHJS199411007	中国计算机用户	1994	1994年11期
产业动态	http://sso.cdclib.org/interlibSSO/goto/6/=06190596Z93/kns55/detail.aspx?QueryID=10&CurRec=9&dbcode=cjfq&dbname=CJFD9498&filename=YHJS199411008	中国计算机用户	1994	1994年11期
千江有水千江月	http://sso.cdclib.org/interlibSSO/goto/6/=06190596Z93/kns55/detail.aspx?QueryID=10&CurRec=10&dbcode=cjfq&dbname=CJFD9498&filename=YHJS199411009	中国计算机用户	1994	1994年11期
迅速崛起的无线数据通信网	http://sso.cdclib.org/interlibSSO/goto/6/=06190596Z93/kns55/detail.aspx?QueryID=10&CurRec=11&dbcode=cjfq&dbname=CJFD9498&filename=YHJS199411010	中国计算机用户	1994	1994年11期
PCLAN操作系统:客户机/服务器计算的基础	http://sso.cdclib.org/interlibSSO/goto/6/=06190596Z93/kns55/detail.aspx?QueryID=10&CurRec=12&dbcode=cjfq&dbname=CJFD9498&filename=YHJS199411011	中国计算机用户	1994	1994年11期
价格信息	http://sso.cdclib.org/interlibSSO/goto/6/=06190596Z93/kns55/detail.aspx?QueryID=10&CurRec=13&dbcode=cjfq&dbname=CJFD9498&filename=YHJS199411012	中国计算机用户	1994	1994年11期
1994年上半年国内微机市场调查分析	http://sso.cdclib.org/interlibSSO/goto/6/=06190596Z93/kns55/detail.aspx?QueryID=10&CurRec=14&dbcode=cjfq&dbname=CJFD9498&filename=YHJS199411013	中国计算机用户	1994	1994年11期
绘图仪产品问与答	http://sso.cdclib.org/interlibSSO/goto/6/=06190596Z93/kns55/detail.aspx?QueryID=10&CurRec=15&dbcode=cjfq&dbname=CJFD9498&filename=YHJS199411014	中国计算机用户	1994	1994年11期
利用DDEML API实现DDE服务程序	http://sso.cdclib.org/interlibSSO/goto/6/=06190596Z93/kns55/detail.aspx?QueryID=10&CurRec=16&dbcode=cjfq&dbname=CJFD9498&filename=YHJS199411015	中国计算机用户	1994	1994年11期
Windows色彩抖动的原理	http://sso.cdclib.org/interlibSSO/goto/6/=06190596Z93/kns55/detail.aspx?QueryID=10&CurRec=17&dbcode=cjfq&dbname=CJFD9498&filename=YHJS199411016	中国计算机用户	1994	1994年11期
Windows三维界面的实现	http://sso.cdclib.org/interlibSSO/goto/6/=06190596Z93/kns55/detail.aspx?QueryID=10&CurRec=18&dbcode=cjfq&dbname=CJFD9498&filename=YHJS199411017	中国计算机用户	1994	1994年11期
康柏电脑世界’94在京举行深圳合资经营工厂开始投产	http://sso.cdclib.org/interlibSSO/goto/6/=06190596Z93/kns55/detail.aspx?QueryID=10&CurRec=19&dbcode=cjfq&dbname=CJFD9498&filename=YHJS199411018	中国计算机用户	1994	1994年11期
第二讲 数字图象处理在微机上的实现	http://sso.cdclib.org/interlibSSO/goto/6/=06190596Z93/kns55/detail.aspx?QueryID=10&CurRec=20&dbcode=cjfq&dbname=CJFD9498&filename=YHJS199411019	中国计算机用户	1994	1994年11期
防病毒软件Norton AntiVirus 3.0	http://sso.cdclib.org/interlibSSO/goto/6/=06190596Z93/kns55/detail.aspx?QueryID=10&CurRec=21&dbcode=cjfq&dbname=CJFD9498&filename=YHJS199411020	中国计算机用户	1994	1994年11期
文本方式下的图形显示	http://sso.cdclib.org/interlibSSO/goto/6/=06190596Z93/kns55/detail.aspx?QueryID=10&CurRec=22&dbcode=cjfq&dbname=CJFD9498&filename=YHJS199411021	中国计算机用户	1994	1994年11期
一个MOSAIC特技显示程序	http://sso.cdclib.org/interlibSSO/goto/6/=06190596Z93/kns55/detail.aspx?QueryID=10&CurRec=23&dbcode=cjfq&dbname=CJFD9498&filename=YHJS199411022	中国计算机用户	1994	1994年11期
SPDOS 6.0F对TVGA直接写屏功能的实现	http://sso.cdclib.org/interlibSSO/goto/6/=06190596Z93/kns55/detail.aspx?QueryID=10&CurRec=24&dbcode=cjfq&dbname=CJFD9498&filename=YHJS199411023	中国计算机用户	1994	1994年11期
在FoxPro中巧妙使用堆栈技术	http://sso.cdclib.org/interlibSSO/goto/6/=06190596Z93/kns55/detail.aspx?QueryID=10&CurRec=25&dbcode=cjfq&dbname=CJFD9498&filename=YHJS199411024	中国计算机用户	1994	1994年11期
UCDOS 3.0使用一法程序中自动控制提示行	http://sso.cdclib.org/interlibSSO/goto/6/=06190596Z93/kns55/detail.aspx?QueryID=10&CurRec=26&dbcode=cjfq&dbname=CJFD9498&filename=YHJS199411025	中国计算机用户	1994	1994年11期
错误处理程序的完善	http://sso.cdclib.org/interlibSSO/goto/6/=06190596Z93/kns55/detail.aspx?QueryID=10&CurRec=27&dbcode=cjfq&dbname=CJFD9498&filename=YHJS199411026	中国计算机用户	1994	1994年11期
Windows启动位图的替换	http://sso.cdclib.org/interlibSSO/goto/6/=06190596Z93/kns55/detail.aspx?QueryID=10&CurRec=28&dbcode=cjfq&dbname=CJFD9498&filename=YHJS199411027	中国计算机用户	1994	1994年11期
WPS 3.0F控制符的ASCII码值	http://sso.cdclib.org/interlibSSO/goto/6/=06190596Z93/kns55/detail.aspx?QueryID=10&CurRec=29&dbcode=cjfq&dbname=CJFD9498&filename=YHJS199411028	中国计算机用户	1994	1994年11期
在MS—DOS 6.2的压缩盘上应用PCtools 5.0	http://sso.cdclib.org/interlibSSO/goto/6/=06190596Z93/kns55/detail.aspx?QueryID=10&CurRec=30&dbcode=cjfq&dbname=CJFD9498&filename=YHJS199411029	中国计算机用户	1994	1994年11期
华诚卫通公司推出定位、通讯、报警应用系统	http://sso.cdclib.org/interlibSSO/goto/6/=06190596Z93/kns55/detail.aspx?QueryID=10&CurRec=31&dbcode=cjfq&dbname=CJFD9498&filename=YHJS199411030	中国计算机用户	1994	1994年11期
Calibrate提高硬盘读写速度的强有力工具	http://sso.cdclib.org/interlibSSO/goto/6/=06190596Z93/kns55/detail.aspx?QueryID=10&CurRec=32&dbcode=cjfq&dbname=CJFD9498&filename=YHJS199411031	中国计算机用户	1994	1994年11期
Lotus与中科院软件所宣布首项合作成果	http://sso.cdclib.org/interlibSSO/goto/6/=06190596Z93/kns55/detail.aspx?QueryID=10&CurRec=33&dbcode=cjfq&dbname=CJFD9498&filename=YHJS199411032	中国计算机用户	1994	1994年11期
服务窗	http://sso.cdclib.org/interlibSSO/goto/6/=06190596Z93/kns55/detail.aspx?QueryID=10&CurRec=34&dbcode=cjfq&dbname=CJFD9498&filename=YHJS199411033	中国计算机用户	1994	1994年11期
STAR系列打印机故障检修(二)	http://sso.cdclib.org/interlibSSO/goto/6/=06190596Z93/kns55/detail.aspx?QueryID=10&CurRec=35&dbcode=cjfq&dbname=CJFD9498&filename=YHJS199411034	中国计算机用户	1994	1994年11期
微机硬盘子系统故障诊断与维修	http://sso.cdclib.org/interlibSSO/goto/6/=06190596Z93/kns55/detail.aspx?QueryID=10&CurRec=36&dbcode=cjfq&dbname=CJFD9498&filename=YHJS199411035	中国计算机用户	1994	1994年11期
GW500彩显枕形失真维修一例	http://sso.cdclib.org/interlibSSO/goto/6/=06190596Z93/kns55/detail.aspx?QueryID=10&CurRec=37&dbcode=cjfq&dbname=CJFD9498&filename=YHJS199411036	中国计算机用户	1994	1994年11期
Motorola Series 900系统和服务器——开放系统模块化扩充途径	http://sso.cdclib.org/interlibSSO/goto/6/=06190596Z93/kns55/detail.aspx?QueryID=10&CurRec=38&dbcode=cjfq&dbname=CJFD9498&filename=YHJS199411037	中国计算机用户	1994	1994年11期
公用软件	http://sso.cdclib.org/interlibSSO/goto/6/=06190596Z93/kns55/detail.aspx?QueryID=10&CurRec=39&dbcode=cjfq&dbname=CJFD9498&filename=YHJS199411038	中国计算机用户	1994	1994年11期
协会活动	http://sso.cdclib.org/interlibSSO/goto/6/=06190596Z93/kns55/detail.aspx?QueryID=10&CurRec=40&dbcode=cjfq&dbname=CJFD9498&filename=YHJS199411039	中国计算机用户	1994	1994年11期
焕然一新 争创一流	http://sso.cdclib.org/interlibSSO/goto/6/=06190596Z93/kns55/detail.aspx?QueryID=16&CurRec=1&dbcode=cjfq&dbname=CJFD9498&filename=YHJS199410000	中国计算机用户	1994	1994年10期
终端——至关重要的人机界面	http://sso.cdclib.org/interlibSSO/goto/6/=06190596Z93/kns55/detail.aspx?QueryID=16&CurRec=2&dbcode=cjfq&dbname=CJFD9498&filename=YHJS199410001	中国计算机用户	1994	1994年10期
计算机终端现状与未来发展方向	http://sso.cdclib.org/interlibSSO/goto/6/=06190596Z93/kns55/detail.aspx?QueryID=16&CurRec=3&dbcode=cjfq&dbname=CJFD9498&filename=YHJS199410002	中国计算机用户	1994	1994年10期
国内终端市场的主角——汉字字符图形终端	http://sso.cdclib.org/interlibSSO/goto/6/=06190596Z93/kns55/detail.aspx?QueryID=16&CurRec=4&dbcode=cjfq&dbname=CJFD9498&filename=YHJS199410003	中国计算机用户	1994	1994年10期
X终端——未来终端的发展方向	http://sso.cdclib.org/interlibSSO/goto/6/=06190596Z93/kns55/detail.aspx?QueryID=16&CurRec=5&dbcode=cjfq&dbname=CJFD9498&filename=YHJS199410004	中国计算机用户	1994	1994年10期
如何选择终端	http://sso.cdclib.org/interlibSSO/goto/6/=06190596Z93/kns55/detail.aspx?QueryID=16&CurRec=6&dbcode=cjfq&dbname=CJFD9498&filename=YHJS199410005	中国计算机用户	1994	1994年10期
终端产品集粹	http://sso.cdclib.org/interlibSSO/goto/6/=06190596Z93/kns55/detail.aspx?QueryID=16&CurRec=7&dbcode=cjfq&dbname=CJFD9498&filename=YHJS199410006	中国计算机用户	1994	1994年10期
产业动态	http://sso.cdclib.org/interlibSSO/goto/6/=06190596Z93/kns55/detail.aspx?QueryID=16&CurRec=8&dbcode=cjfq&dbname=CJFD9498&filename=YHJS199410007	中国计算机用户	1994	1994年10期
以应用促发展 藉产品闯市场——第三届全国计算机应用展览交易会侧记	http://sso.cdclib.org/interlibSSO/goto/6/=06190596Z93/kns55/detail.aspx?QueryID=16&CurRec=9&dbcode=cjfq&dbname=CJFD9498&filename=YHJS199410008	中国计算机用户	1994	1994年10期
PC组网技术及市场动向	http://sso.cdclib.org/interlibSSO/goto/6/=06190596Z93/kns55/detail.aspx?QueryID=16&CurRec=10&dbcode=cjfq&dbname=CJFD9498&filename=YHJS199410009	中国计算机用户	1994	1994年10期
美国ASCII/ANSI终端市场趋淡	http://sso.cdclib.org/interlibSSO/goto/6/=06190596Z93/kns55/detail.aspx?QueryID=16&CurRec=11&dbcode=cjfq&dbname=CJFD9498&filename=YHJS199410010	中国计算机用户	1994	1994年10期
华光集团与苹果公司实现全面合作	http://sso.cdclib.org/interlibSSO/goto/6/=06190596Z93/kns55/detail.aspx?QueryID=16&CurRec=12&dbcode=cjfq&dbname=CJFD9498&filename=YHJS199410011	中国计算机用户	1994	1994年10期
争夺新世纪的制高点——谈全球“信息高速公路”	http://sso.cdclib.org/interlibSSO/goto/6/=06190596Z93/kns55/detail.aspx?QueryID=16&CurRec=13&dbcode=cjfq&dbname=CJFD9498&filename=YHJS199410012	中国计算机用户	1994	1994年10期
价格信息	http://sso.cdclib.org/interlibSSO/goto/6/=06190596Z93/kns55/detail.aspx?QueryID=16&CurRec=14&dbcode=cjfq&dbname=CJFD9498&filename=YHJS199410013	中国计算机用户	1994	1994年10期
扫描仪市场调查分析	http://sso.cdclib.org/interlibSSO/goto/6/=06190596Z93/kns55/detail.aspx?QueryID=16&CurRec=15&dbcode=cjfq&dbname=CJFD9498&filename=YHJS199410014	中国计算机用户	1994	1994年10期
选择多媒体编辑软件几项考虑	http://sso.cdclib.org/interlibSSO/goto/6/=06190596Z93/kns55/detail.aspx?QueryID=16&CurRec=16&dbcode=cjfq&dbname=CJFD9498&filename=YHJS199410015	中国计算机用户	1994	1994年10期
倚天忘形输入法问与答	http://sso.cdclib.org/interlibSSO/goto/6/=06190596Z93/kns55/detail.aspx?QueryID=16&CurRec=17&dbcode=cjfq&dbname=CJFD9498&filename=YHJS199410016	中国计算机用户	1994	1994年10期
Windows音波文件及应用	http://sso.cdclib.org/interlibSSO/goto/6/=06190596Z93/kns55/detail.aspx?QueryID=16&CurRec=18&dbcode=cjfq&dbname=CJFD9498&filename=YHJS199410017	中国计算机用户	1994	1994年10期
Windows下的键盘指针编程	http://sso.cdclib.org/interlibSSO/goto/6/=06190596Z93/kns55/detail.aspx?QueryID=16&CurRec=19&dbcode=cjfq&dbname=CJFD9498&filename=YHJS199410018	中国计算机用户	1994	1994年10期
图象处理领域轮廓跟踪及应用	http://sso.cdclib.org/interlibSSO/goto/6/=06190596Z93/kns55/detail.aspx?QueryID=16&CurRec=20&dbcode=cjfq&dbname=CJFD9498&filename=YHJS199410019	中国计算机用户	1994	1994年10期
MS-DOS 6的磁盘压缩技术及应用	http://sso.cdclib.org/interlibSSO/goto/6/=06190596Z93/kns55/detail.aspx?QueryID=16&CurRec=21&dbcode=cjfq&dbname=CJFD9498&filename=YHJS199410020	中国计算机用户	1994	1994年10期
第一讲 步入普及应用的数字图象处理	http://sso.cdclib.org/interlibSSO/goto/6/=06190596Z93/kns55/detail.aspx?QueryID=16&CurRec=22&dbcode=cjfq&dbname=CJFD9498&filename=YHJS199410021	中国计算机用户	1994	1994年10期
Windows NT Server 3.5	http://sso.cdclib.org/interlibSSO/goto/6/=06190596Z93/kns55/detail.aspx?QueryID=16&CurRec=23&dbcode=cjfq&dbname=CJFD9498&filename=YHJS199410022	中国计算机用户	1994	1994年10期
Windows使用技巧一组	http://sso.cdclib.org/interlibSSO/goto/6/=06190596Z93/kns55/detail.aspx?QueryID=16&CurRec=24&dbcode=cjfq&dbname=CJFD9498&filename=YHJS199410023	中国计算机用户	1994	1994年10期
对BWCC固有控制的修改	http://sso.cdclib.org/interlibSSO/goto/6/=06190596Z93/kns55/detail.aspx?QueryID=16&CurRec=25&dbcode=cjfq&dbname=CJFD9498&filename=YHJS199410024	中国计算机用户	1994	1994年10期
常用编辑软件文件自动转换成华光文件	http://sso.cdclib.org/interlibSSO/goto/6/=06190596Z93/kns55/detail.aspx?QueryID=16&CurRec=26&dbcode=cjfq&dbname=CJFD9498&filename=YHJS199410025	中国计算机用户	1994	1994年10期
在UCDOS 3.0环境下使用SPDOS 6.0F的图形字符	http://sso.cdclib.org/interlibSSO/goto/6/=06190596Z93/kns55/detail.aspx?QueryID=16&CurRec=27&dbcode=cjfq&dbname=CJFD9498&filename=YHJS199410026	中国计算机用户	1994	1994年10期
FoxBASE中鼠标的使用	http://sso.cdclib.org/interlibSSO/goto/6/=06190596Z93/kns55/detail.aspx?QueryID=16&CurRec=28&dbcode=cjfq&dbname=CJFD9498&filename=YHJS199410027	中国计算机用户	1994	1994年10期
增强型拷贝工具	http://sso.cdclib.org/interlibSSO/goto/6/=06190596Z93/kns55/detail.aspx?QueryID=16&CurRec=29&dbcode=cjfq&dbname=CJFD9498&filename=YHJS199410028	中国计算机用户	1994	1994年10期
在家用电脑上使用JQK汉字系统	http://sso.cdclib.org/interlibSSO/goto/6/=06190596Z93/kns55/detail.aspx?QueryID=16&CurRec=30&dbcode=cjfq&dbname=CJFD9498&filename=YHJS199410029	中国计算机用户	1994	1994年10期
一个实用的安全防护程序	http://sso.cdclib.org/interlibSSO/goto/6/=06190596Z93/kns55/detail.aspx?QueryID=16&CurRec=31&dbcode=cjfq&dbname=CJFD9498&filename=YHJS199410030	中国计算机用户	1994	1994年10期
WPS在Novell网上的安装、管理及使用	http://sso.cdclib.org/interlibSSO/goto/6/=06190596Z93/kns55/detail.aspx?QueryID=16&CurRec=32&dbcode=cjfq&dbname=CJFD9498&filename=YHJS199410031	中国计算机用户	1994	1994年10期
性能优越的图形处理软件Graphic Workshop	http://sso.cdclib.org/interlibSSO/goto/6/=06190596Z93/kns55/detail.aspx?QueryID=16&CurRec=33&dbcode=cjfq&dbname=CJFD9498&filename=YHJS199410032	中国计算机用户	1994	1994年10期
万能脱壳工具软件RCOPY03	http://sso.cdclib.org/interlibSSO/goto/6/=06190596Z93/kns55/detail.aspx?QueryID=16&CurRec=34&dbcode=cjfq&dbname=CJFD9498&filename=YHJS199410033	中国计算机用户	1994	1994年10期
服务窗	http://sso.cdclib.org/interlibSSO/goto/6/=06190596Z93/kns55/detail.aspx?QueryID=16&CurRec=35&dbcode=cjfq&dbname=CJFD9498&filename=YHJS199410034	中国计算机用户	1994	1994年10期
STAR系列打印机故障检修(一)	http://sso.cdclib.org/interlibSSO/goto/6/=06190596Z93/kns55/detail.aspx?QueryID=16&CurRec=36&dbcode=cjfq&dbname=CJFD9498&filename=YHJS199410035	中国计算机用户	1994	1994年10期
ATM维修实例	http://sso.cdclib.org/interlibSSO/goto/6/=06190596Z93/kns55/detail.aspx?QueryID=16&CurRec=37&dbcode=cjfq&dbname=CJFD9498&filename=YHJS199410036	中国计算机用户	1994	1994年10期
SANTAK UPS—500故障检修两例	http://sso.cdclib.org/interlibSSO/goto/6/=06190596Z93/kns55/detail.aspx?QueryID=16&CurRec=38&dbcode=cjfq&dbname=CJFD9498&filename=YHJS199410037	中国计算机用户	1994	1994年10期
自制“吸锡器”	http://sso.cdclib.org/interlibSSO/goto/6/=06190596Z93/kns55/detail.aspx?QueryID=16&CurRec=39&dbcode=cjfq&dbname=CJFD9498&filename=YHJS199410038	中国计算机用户	1994	1994年10期
Unisys客户机/服务器产品——U6000系列	http://sso.cdclib.org/interlibSSO/goto/6/=06190596Z93/kns55/detail.aspx?QueryID=16&CurRec=40&dbcode=cjfq&dbname=CJFD9498&filename=YHJS199410039	中国计算机用户	1994	1994年10期
公用软件	http://sso.cdclib.org/interlibSSO/goto/6/=06190596Z93/kns55/detail.aspx?QueryID=16&CurRec=41&dbcode=cjfq&dbname=CJFD9498&filename=YHJS199410040	中国计算机用户	1994	1994年10期
协会活动	http://sso.cdclib.org/interlibSSO/goto/6/=06190596Z93/kns55/detail.aspx?QueryID=16&CurRec=42&dbcode=cjfq&dbname=CJFD9498&filename=YHJS199410041	中国计算机用户	1994	1994年10期
新术语集汇	http://sso.cdclib.org/interlibSSO/goto/6/=06190596Z93/kns55/detail.aspx?QueryID=16&CurRec=43&dbcode=cjfq&dbname=CJFD9498&filename=YHJS199410042	中国计算机用户	1994	1994年10期
风起云涌看网络	http://sso.cdclib.org/interlibSSO/goto/6/=06190596Z93/kns55/detail.aspx?QueryID=22&CurRec=1&dbcode=cjfq&dbname=CJFD9498&filename=YHJS199409000	中国计算机用户	1994	1994年09期
计算机网络技术概述	http://sso.cdclib.org/interlibSSO/goto/6/=06190596Z93/kns55/detail.aspx?QueryID=22&CurRec=2&dbcode=cjfq&dbname=CJFD9498&filename=YHJS199409001	中国计算机用户	1994	1994年09期
如何选购网络操作系统	http://sso.cdclib.org/interlibSSO/goto/6/=06190596Z93/kns55/detail.aspx?QueryID=22&CurRec=3&dbcode=cjfq&dbname=CJFD9498&filename=YHJS199409002	中国计算机用户	1994	1994年09期
网络连接设备的发展现状及展望	http://sso.cdclib.org/interlibSSO/goto/6/=06190596Z93/kns55/detail.aspx?QueryID=22&CurRec=4&dbcode=cjfq&dbname=CJFD9498&filename=YHJS199409003	中国计算机用户	1994	1994年09期
网卡技术与产品	http://sso.cdclib.org/interlibSSO/goto/6/=06190596Z93/kns55/detail.aspx?QueryID=22&CurRec=5&dbcode=cjfq&dbname=CJFD9498&filename=YHJS199409004	中国计算机用户	1994	1994年09期
网络厂商及产品概览	http://sso.cdclib.org/interlibSSO/goto/6/=06190596Z93/kns55/detail.aspx?QueryID=22&CurRec=6&dbcode=cjfq&dbname=CJFD9498&filename=YHJS199409005	中国计算机用户	1994	1994年09期
LZW压缩技术分析	http://sso.cdclib.org/interlibSSO/goto/6/=06190596Z93/kns55/detail.aspx?QueryID=22&CurRec=7&dbcode=cjfq&dbname=CJFD9498&filename=YHJS199409006	中国计算机用户	1994	1994年09期
Windows 3.1消息过滤机制及应用	http://sso.cdclib.org/interlibSSO/goto/6/=06190596Z93/kns55/detail.aspx?QueryID=22&CurRec=8&dbcode=cjfq&dbname=CJFD9498&filename=YHJS199409007	中国计算机用户	1994	1994年09期
True Type字体分析	http://sso.cdclib.org/interlibSSO/goto/6/=06190596Z93/kns55/detail.aspx?QueryID=22&CurRec=9&dbcode=cjfq&dbname=CJFD9498&filename=YHJS199409008	中国计算机用户	1994	1994年09期
FoxBASE与高级语言间的数据共享	http://sso.cdclib.org/interlibSSO/goto/6/=06190596Z93/kns55/detail.aspx?QueryID=22&CurRec=10&dbcode=cjfq&dbname=CJFD9498&filename=YHJS199409009	中国计算机用户	1994	1994年09期
Windows 下C 编程技巧 第三讲 多媒体Windows应用程序设计	http://sso.cdclib.org/interlibSSO/goto/6/=06190596Z93/kns55/detail.aspx?QueryID=22&CurRec=11&dbcode=cjfq&dbname=CJFD9498&filename=YHJS199409010	中国计算机用户	1994	1994年09期
磁盘重整工具——Norton Speed Disk	http://sso.cdclib.org/interlibSSO/goto/6/=06190596Z93/kns55/detail.aspx?QueryID=22&CurRec=12&dbcode=cjfq&dbname=CJFD9498&filename=YHJS199409011	中国计算机用户	1994	1994年09期
为FoxBASE+增加模拟打印功能	http://sso.cdclib.org/interlibSSO/goto/6/=06190596Z93/kns55/detail.aspx?QueryID=22&CurRec=13&dbcode=cjfq&dbname=CJFD9498&filename=YHJS199409012	中国计算机用户	1994	1994年09期
用C语言开发FoxBASE的图形功能	http://sso.cdclib.org/interlibSSO/goto/6/=06190596Z93/kns55/detail.aspx?QueryID=22&CurRec=14&dbcode=cjfq&dbname=CJFD9498&filename=YHJS199409013	中国计算机用户	1994	1994年09期
用缩放的矩形框定义图形剪裁区域	http://sso.cdclib.org/interlibSSO/goto/6/=06190596Z93/kns55/detail.aspx?QueryID=22&CurRec=15&dbcode=cjfq&dbname=CJFD9498&filename=YHJS199409014	中国计算机用户	1994	1994年09期
基于矩形面的一种图象变形算法	http://sso.cdclib.org/interlibSSO/goto/6/=06190596Z93/kns55/detail.aspx?QueryID=22&CurRec=16&dbcode=cjfq&dbname=CJFD9498&filename=YHJS199409015	中国计算机用户	1994	1994年09期
Alt键的妙用	http://sso.cdclib.org/interlibSSO/goto/6/=06190596Z93/kns55/detail.aspx?QueryID=22&CurRec=17&dbcode=cjfq&dbname=CJFD9498&filename=YHJS199409016	中国计算机用户	1994	1994年09期
也谈SPDOS6.0F使用WBX后内存不够的对策	http://sso.cdclib.org/interlibSSO/goto/6/=06190596Z93/kns55/detail.aspx?QueryID=22&CurRec=18&dbcode=cjfq&dbname=CJFD9498&filename=YHJS199409017	中国计算机用户	1994	1994年09期
在汉化的XENIX系统上安装A640多用户I/O卡	http://sso.cdclib.org/interlibSSO/goto/6/=06190596Z93/kns55/detail.aspx?QueryID=22&CurRec=19&dbcode=cjfq&dbname=CJFD9498&filename=YHJS199409018	中国计算机用户	1994	1994年09期
服务窗	http://sso.cdclib.org/interlibSSO/goto/6/=06190596Z93/kns55/detail.aspx?QueryID=22&CurRec=20&dbcode=cjfq&dbname=CJFD9498&filename=YHJS199409019	中国计算机用户	1994	1994年09期
资料窗	http://sso.cdclib.org/interlibSSO/goto/6/=06190596Z93/kns55/detail.aspx?QueryID=22&CurRec=21&dbcode=cjfq&dbname=CJFD9498&filename=YHJS199409020	中国计算机用户	1994	1994年09期
“拆解至尊”——CM386	http://sso.cdclib.org/interlibSSO/goto/6/=06190596Z93/kns55/detail.aspx?QueryID=22&CurRec=22&dbcode=cjfq&dbname=CJFD9498&filename=YHJS199409021	中国计算机用户	1994	1994年09期
利用VB中的3D控件制作界面	http://sso.cdclib.org/interlibSSO/goto/6/=06190596Z93/kns55/detail.aspx?QueryID=22&CurRec=23&dbcode=cjfq&dbname=CJFD9498&filename=YHJS199409022	中国计算机用户	1994	1994年09期
显示器维修50例(三)	http://sso.cdclib.org/interlibSSO/goto/6/=06190596Z93/kns55/detail.aspx?QueryID=22&CurRec=24&dbcode=cjfq&dbname=CJFD9498&filename=YHJS199409023	中国计算机用户	1994	1994年09期
微机外部总线故障分析与排除	http://sso.cdclib.org/interlibSSO/goto/6/=06190596Z93/kns55/detail.aspx?QueryID=22&CurRec=25&dbcode=cjfq&dbname=CJFD9498&filename=YHJS199409024	中国计算机用户	1994	1994年09期
EPSON超时代喷墨打印机系列	http://sso.cdclib.org/interlibSSO/goto/6/=06190596Z93/kns55/detail.aspx?QueryID=22&CurRec=26&dbcode=cjfq&dbname=CJFD9498&filename=YHJS199409025	中国计算机用户	1994	1994年09期
公用软件	http://sso.cdclib.org/interlibSSO/goto/6/=06190596Z93/kns55/detail.aspx?QueryID=22&CurRec=27&dbcode=cjfq&dbname=CJFD9498&filename=YHJS199409026	中国计算机用户	1994	1994年09期
谁持彩练当空舞——’94中国国际计算机展印象	http://sso.cdclib.org/interlibSSO/goto/6/=06190596Z93/kns55/detail.aspx?QueryID=22&CurRec=28&dbcode=cjfq&dbname=CJFD9498&filename=YHJS199409027	中国计算机用户	1994	1994年09期
协会活动	http://sso.cdclib.org/interlibSSO/goto/6/=06190596Z93/kns55/detail.aspx?QueryID=22&CurRec=29&dbcode=cjfq&dbname=CJFD9498&filename=YHJS199409028	中国计算机用户	1994	1994年09期
产业动态	http://sso.cdclib.org/interlibSSO/goto/6/=06190596Z93/kns55/detail.aspx?QueryID=22&CurRec=30&dbcode=cjfq&dbname=CJFD9498&filename=YHJS199409029	中国计算机用户	1994	1994年09期
电脑彩色印前技术发展及市场走向	http://sso.cdclib.org/interlibSSO/goto/6/=06190596Z93/kns55/detail.aspx?QueryID=22&CurRec=31&dbcode=cjfq&dbname=CJFD9498&filename=YHJS199409030	中国计算机用户	1994	1994年09期
台式机视象处理技术	http://sso.cdclib.org/interlibSSO/goto/6/=06190596Z93/kns55/detail.aspx?QueryID=22&CurRec=32&dbcode=cjfq&dbname=CJFD9498&filename=YHJS199409031	中国计算机用户	1994	1994年09期
Intel PC用监视器市场剖析	http://sso.cdclib.org/interlibSSO/goto/6/=06190596Z93/kns55/detail.aspx?QueryID=22&CurRec=33&dbcode=cjfq&dbname=CJFD9498&filename=YHJS199409032	中国计算机用户	1994	1994年09期
全国主要城市微机和办公自动化产品最低报价	http://sso.cdclib.org/interlibSSO/goto/6/=06190596Z93/kns55/detail.aspx?QueryID=22&CurRec=34&dbcode=cjfq&dbname=CJFD9498&filename=YHJS199409033	中国计算机用户	1994	1994年09期
1993年～1994年度北京市场扫描仪调查分析	http://sso.cdclib.org/interlibSSO/goto/6/=06190596Z93/kns55/detail.aspx?QueryID=22&CurRec=35&dbcode=cjfq&dbname=CJFD9498&filename=YHJS199409034	中国计算机用户	1994	1994年09期
UPS产品问与答	http://sso.cdclib.org/interlibSSO/goto/6/=06190596Z93/kns55/detail.aspx?QueryID=22&CurRec=36&dbcode=cjfq&dbname=CJFD9498&filename=YHJS199409035	中国计算机用户	1994	1994年09期
编辑部热线	http://sso.cdclib.org/interlibSSO/goto/6/=06190596Z93/kns55/detail.aspx?QueryID=28&CurRec=1&dbcode=cjfq&dbname=CJFD9498&filename=YHJS199408000	中国计算机用户	1994	1994年08期
客户/服务器——新一代计算机应用模式	http://sso.cdclib.org/interlibSSO/goto/6/=06190596Z93/kns55/detail.aspx?QueryID=28&CurRec=2&dbcode=cjfq&dbname=CJFD9498&filename=YHJS199408001	中国计算机用户	1994	1994年08期
客户/服务器结构概述	http://sso.cdclib.org/interlibSSO/goto/6/=06190596Z93/kns55/detail.aspx?QueryID=28&CurRec=3&dbcode=cjfq&dbname=CJFD9498&filename=YHJS199408002	中国计算机用户	1994	1994年08期
客户/服务器结构与分布式数据库	http://sso.cdclib.org/interlibSSO/goto/6/=06190596Z93/kns55/detail.aspx?QueryID=28&CurRec=4&dbcode=cjfq&dbname=CJFD9498&filename=YHJS199408003	中国计算机用户	1994	1994年08期
客户/服务器应用模式	http://sso.cdclib.org/interlibSSO/goto/6/=06190596Z93/kns55/detail.aspx?QueryID=28&CurRec=5&dbcode=cjfq&dbname=CJFD9498&filename=YHJS199408004	中国计算机用户	1994	1994年08期
两个基于客户/服务器模型的应用实例	http://sso.cdclib.org/interlibSSO/goto/6/=06190596Z93/kns55/detail.aspx?QueryID=28&CurRec=6&dbcode=cjfq&dbname=CJFD9498&filename=YHJS199408005	中国计算机用户	1994	1994年08期
客户/服务器厂商及产品概览	http://sso.cdclib.org/interlibSSO/goto/6/=06190596Z93/kns55/detail.aspx?QueryID=28&CurRec=7&dbcode=cjfq&dbname=CJFD9498&filename=YHJS199408006	中国计算机用户	1994	1994年08期
用Windows API编制通信程序	http://sso.cdclib.org/interlibSSO/goto/6/=06190596Z93/kns55/detail.aspx?QueryID=28&CurRec=8&dbcode=cjfq&dbname=CJFD9498&filename=YHJS199408007	中国计算机用户	1994	1994年08期
Windows和动态连接库	http://sso.cdclib.org/interlibSSO/goto/6/=06190596Z93/kns55/detail.aspx?QueryID=28&CurRec=9&dbcode=cjfq&dbname=CJFD9498&filename=YHJS199408008	中国计算机用户	1994	1994年08期
TVGA 256色扩展模式C++鼠标编程	http://sso.cdclib.org/interlibSSO/goto/6/=06190596Z93/kns55/detail.aspx?QueryID=28&CurRec=10&dbcode=cjfq&dbname=CJFD9498&filename=YHJS199408009	中国计算机用户	1994	1994年08期
多路中断INT2FH的分析与应用	http://sso.cdclib.org/interlibSSO/goto/6/=06190596Z93/kns55/detail.aspx?QueryID=28&CurRec=11&dbcode=cjfq&dbname=CJFD9498&filename=YHJS199408010	中国计算机用户	1994	1994年08期
第二讲 C++的ObjectWindows应用程序设计	http://sso.cdclib.org/interlibSSO/goto/6/=06190596Z93/kns55/detail.aspx?QueryID=28&CurRec=12&dbcode=cjfq&dbname=CJFD9498&filename=YHJS199408011	中国计算机用户	1994	1994年08期
字处理软件Microsoft Word for Windows 6	http://sso.cdclib.org/interlibSSO/goto/6/=06190596Z93/kns55/detail.aspx?QueryID=28&CurRec=13&dbcode=cjfq&dbname=CJFD9498&filename=YHJS199408012	中国计算机用户	1994	1994年08期
显示器特技编程之六——VGA256色模式页次切换	http://sso.cdclib.org/interlibSSO/goto/6/=06190596Z93/kns55/detail.aspx?QueryID=28&CurRec=14&dbcode=cjfq&dbname=CJFD9498&filename=YHJS199408013	中国计算机用户	1994	1994年08期
UCDOS3.0的一个缺陷	http://sso.cdclib.org/interlibSSO/goto/6/=06190596Z93/kns55/detail.aspx?QueryID=28&CurRec=15&dbcode=cjfq&dbname=CJFD9498&filename=YHJS199408014	中国计算机用户	1994	1994年08期
在Windows中运行WPS6.0F的方法	http://sso.cdclib.org/interlibSSO/goto/6/=06190596Z93/kns55/detail.aspx?QueryID=28&CurRec=16&dbcode=cjfq&dbname=CJFD9498&filename=YHJS199408015	中国计算机用户	1994	1994年08期
错误自动捕捉与显示	http://sso.cdclib.org/interlibSSO/goto/6/=06190596Z93/kns55/detail.aspx?QueryID=28&CurRec=17&dbcode=cjfq&dbname=CJFD9498&filename=YHJS199408016	中国计算机用户	1994	1994年08期
用Workshop制作中文资源时遇到的问题及解决方法	http://sso.cdclib.org/interlibSSO/goto/6/=06190596Z93/kns55/detail.aspx?QueryID=28&CurRec=18&dbcode=cjfq&dbname=CJFD9498&filename=YHJS199408017	中国计算机用户	1994	1994年08期
在Windows里拷贝活动窗口的用户区	http://sso.cdclib.org/interlibSSO/goto/6/=06190596Z93/kns55/detail.aspx?QueryID=28&CurRec=19&dbcode=cjfq&dbname=CJFD9498&filename=YHJS199408018	中国计算机用户	1994	1994年08期
谈影子内存及CMOS设置	http://sso.cdclib.org/interlibSSO/goto/6/=06190596Z93/kns55/detail.aspx?QueryID=28&CurRec=20&dbcode=cjfq&dbname=CJFD9498&filename=YHJS199408019	中国计算机用户	1994	1994年08期
服务窗	http://sso.cdclib.org/interlibSSO/goto/6/=06190596Z93/kns55/detail.aspx?QueryID=28&CurRec=21&dbcode=cjfq&dbname=CJFD9498&filename=YHJS199408020	中国计算机用户	1994	1994年08期
资料窗	http://sso.cdclib.org/interlibSSO/goto/6/=06190596Z93/kns55/detail.aspx?QueryID=28&CurRec=22&dbcode=cjfq&dbname=CJFD9498&filename=YHJS199408021	中国计算机用户	1994	1994年08期
工具软件GeniCopy及FDFORMAT用法	http://sso.cdclib.org/interlibSSO/goto/6/=06190596Z93/kns55/detail.aspx?QueryID=28&CurRec=23&dbcode=cjfq&dbname=CJFD9498&filename=YHJS199408022	中国计算机用户	1994	1994年08期
显示器维修50例(二)	http://sso.cdclib.org/interlibSSO/goto/6/=06190596Z93/kns55/detail.aspx?QueryID=28&CurRec=24&dbcode=cjfq&dbname=CJFD9498&filename=YHJS199408023	中国计算机用户	1994	1994年08期
激光打印机定影故障的修复	http://sso.cdclib.org/interlibSSO/goto/6/=06190596Z93/kns55/detail.aspx?QueryID=28&CurRec=25&dbcode=cjfq&dbname=CJFD9498&filename=YHJS199408024	中国计算机用户	1994	1994年08期
AR3240打印机故障维修三例	http://sso.cdclib.org/interlibSSO/goto/6/=06190596Z93/kns55/detail.aspx?QueryID=28&CurRec=26&dbcode=cjfq&dbname=CJFD9498&filename=YHJS199408025	中国计算机用户	1994	1994年08期
协会活动	http://sso.cdclib.org/interlibSSO/goto/6/=06190596Z93/kns55/detail.aspx?QueryID=28&CurRec=27&dbcode=cjfq&dbname=CJFD9498&filename=YHJS199408026	中国计算机用户	1994	1994年08期
大同开放系统与客户/服务器结构	http://sso.cdclib.org/interlibSSO/goto/6/=06190596Z93/kns55/detail.aspx?QueryID=28&CurRec=28&dbcode=cjfq&dbname=CJFD9498&filename=YHJS199408027	中国计算机用户	1994	1994年08期
公用软件	http://sso.cdclib.org/interlibSSO/goto/6/=06190596Z93/kns55/detail.aspx?QueryID=28&CurRec=29&dbcode=cjfq&dbname=CJFD9498&filename=YHJS199408028	中国计算机用户	1994	1994年08期
刊中刊	http://sso.cdclib.org/interlibSSO/goto/6/=06190596Z93/kns55/detail.aspx?QueryID=28&CurRec=30&dbcode=cjfq&dbname=CJFD9498&filename=YHJS199408029	中国计算机用户	1994	1994年08期
产业动态	http://sso.cdclib.org/interlibSSO/goto/6/=06190596Z93/kns55/detail.aspx?QueryID=28&CurRec=31&dbcode=cjfq&dbname=CJFD9498&filename=YHJS199408030	中国计算机用户	1994	1994年08期
信息基础设施与美国信息高速公路计划	http://sso.cdclib.org/interlibSSO/goto/6/=06190596Z93/kns55/detail.aspx?QueryID=28&CurRec=32&dbcode=cjfq&dbname=CJFD9498&filename=YHJS199408031	中国计算机用户	1994	1994年08期
文字处理软件市场回顾与展望	http://sso.cdclib.org/interlibSSO/goto/6/=06190596Z93/kns55/detail.aspx?QueryID=28&CurRec=33&dbcode=cjfq&dbname=CJFD9498&filename=YHJS199408032	中国计算机用户	1994	1994年08期
全国主要城市微机和办公自动化产品最低报价	http://sso.cdclib.org/interlibSSO/goto/6/=06190596Z93/kns55/detail.aspx?QueryID=28&CurRec=34&dbcode=cjfq&dbname=CJFD9498&filename=YHJS199408033	中国计算机用户	1994	1994年08期
国内服务器市场调查分析	http://sso.cdclib.org/interlibSSO/goto/6/=06190596Z93/kns55/detail.aspx?QueryID=28&CurRec=35&dbcode=cjfq&dbname=CJFD9498&filename=YHJS199408034	中国计算机用户	1994	1994年08期
声霸卡问与答	http://sso.cdclib.org/interlibSSO/goto/6/=06190596Z93/kns55/detail.aspx?QueryID=28&CurRec=36&dbcode=cjfq&dbname=CJFD9498&filename=YHJS199408035	中国计算机用户	1994	1994年08期
网络与通信术语集汇(二)	http://sso.cdclib.org/interlibSSO/goto/6/=06190596Z93/kns55/detail.aspx?QueryID=28&CurRec=37&dbcode=cjfq&dbname=CJFD9498&filename=YHJS199408036	中国计算机用户	1994	1994年08期
观众的选择——第十五届京交会产品观众选评活动揭晓	http://sso.cdclib.org/interlibSSO/goto/6/=06190596Z93/kns55/detail.aspx?QueryID=34&CurRec=1&dbcode=cjfq&dbname=CJFD9498&filename=YHJS199407000	中国计算机用户	1994	1994年07期
读者推荐选题	http://sso.cdclib.org/interlibSSO/goto/6/=06190596Z93/kns55/detail.aspx?QueryID=34&CurRec=2&dbcode=cjfq&dbname=CJFD9498&filename=YHJS199407001	中国计算机用户	1994	1994年07期
便携式——PC个人化的大趋势	http://sso.cdclib.org/interlibSSO/goto/6/=06190596Z93/kns55/detail.aspx?QueryID=34&CurRec=3&dbcode=cjfq&dbname=CJFD9498&filename=YHJS199407002	中国计算机用户	1994	1994年07期
便携式PC与移动数据通信	http://sso.cdclib.org/interlibSSO/goto/6/=06190596Z93/kns55/detail.aspx?QueryID=34&CurRec=4&dbcode=cjfq&dbname=CJFD9498&filename=YHJS199407003	中国计算机用户	1994	1994年07期
笔记本PC多媒体人机界面	http://sso.cdclib.org/interlibSSO/goto/6/=06190596Z93/kns55/detail.aspx?QueryID=34&CurRec=5&dbcode=cjfq&dbname=CJFD9498&filename=YHJS199407004	中国计算机用户	1994	1994年07期
笔记本PC技术及市场	http://sso.cdclib.org/interlibSSO/goto/6/=06190596Z93/kns55/detail.aspx?QueryID=34&CurRec=6&dbcode=cjfq&dbname=CJFD9498&filename=YHJS199407005	中国计算机用户	1994	1994年07期
PDA与掌上型PC技术及其市场	http://sso.cdclib.org/interlibSSO/goto/6/=06190596Z93/kns55/detail.aspx?QueryID=34&CurRec=7&dbcode=cjfq&dbname=CJFD9498&filename=YHJS199407006	中国计算机用户	1994	1994年07期
便携式PC厂商及产品概览	http://sso.cdclib.org/interlibSSO/goto/6/=06190596Z93/kns55/detail.aspx?QueryID=34&CurRec=8&dbcode=cjfq&dbname=CJFD9498&filename=YHJS199407007	中国计算机用户	1994	1994年07期
用RS-232口联接UNIX与DOS	http://sso.cdclib.org/interlibSSO/goto/6/=06190596Z93/kns55/detail.aspx?QueryID=34&CurRec=9&dbcode=cjfq&dbname=CJFD9498&filename=YHJS199407008	中国计算机用户	1994	1994年07期
Turbo Vision for C++的汉化	http://sso.cdclib.org/interlibSSO/goto/6/=06190596Z93/kns55/detail.aspx?QueryID=34&CurRec=10&dbcode=cjfq&dbname=CJFD9498&filename=YHJS199407009	中国计算机用户	1994	1994年07期
VGA/TVGA卡的VRAM技术与应用	http://sso.cdclib.org/interlibSSO/goto/6/=06190596Z93/kns55/detail.aspx?QueryID=34&CurRec=11&dbcode=cjfq&dbname=CJFD9498&filename=YHJS199407010	中国计算机用户	1994	1994年07期
多用途菜单实现方法及应用	http://sso.cdclib.org/interlibSSO/goto/6/=06190596Z93/kns55/detail.aspx?QueryID=34&CurRec=12&dbcode=cjfq&dbname=CJFD9498&filename=YHJS199407011	中国计算机用户	1994	1994年07期
第一讲 Windows编程入门	http://sso.cdclib.org/interlibSSO/goto/6/=06190596Z93/kns55/detail.aspx?QueryID=34&CurRec=13&dbcode=cjfq&dbname=CJFD9498&filename=YHJS199407012	中国计算机用户	1994	1994年07期
开创了新一代Windows外层标准的Norton Desktop for Windows 3.0	http://sso.cdclib.org/interlibSSO/goto/6/=06190596Z93/kns55/detail.aspx?QueryID=34&CurRec=14&dbcode=cjfq&dbname=CJFD9498&filename=YHJS199407013	中国计算机用户	1994	1994年07期
显示器特技编程之五——直接视频操作	http://sso.cdclib.org/interlibSSO/goto/6/=06190596Z93/kns55/detail.aspx?QueryID=34&CurRec=15&dbcode=cjfq&dbname=CJFD9498&filename=YHJS199407014	中国计算机用户	1994	1994年07期
为软驱增加自动感知盘片准备好的功能	http://sso.cdclib.org/interlibSSO/goto/6/=06190596Z93/kns55/detail.aspx?QueryID=34&CurRec=16&dbcode=cjfq&dbname=CJFD9498&filename=YHJS199407015	中国计算机用户	1994	1994年07期
小巧的文件破碎器	http://sso.cdclib.org/interlibSSO/goto/6/=06190596Z93/kns55/detail.aspx?QueryID=34&CurRec=17&dbcode=cjfq&dbname=CJFD9498&filename=YHJS199407016	中国计算机用户	1994	1994年07期
利用Windows的裁剪板获取WPS的帮助信息	http://sso.cdclib.org/interlibSSO/goto/6/=06190596Z93/kns55/detail.aspx?QueryID=34&CurRec=18&dbcode=cjfq&dbname=CJFD9498&filename=YHJS199407017	中国计算机用户	1994	1994年07期
运行SPDOS 6.0F时看不到提示行怎么办	http://sso.cdclib.org/interlibSSO/goto/6/=06190596Z93/kns55/detail.aspx?QueryID=34&CurRec=19&dbcode=cjfq&dbname=CJFD9498&filename=YHJS199407018	中国计算机用户	1994	1994年07期
WPS文件的回收	http://sso.cdclib.org/interlibSSO/goto/6/=06190596Z93/kns55/detail.aspx?QueryID=34&CurRec=20&dbcode=cjfq&dbname=CJFD9498&filename=YHJS199407019	中国计算机用户	1994	1994年07期
显示汉字又一法	http://sso.cdclib.org/interlibSSO/goto/6/=06190596Z93/kns55/detail.aspx?QueryID=34&CurRec=21&dbcode=cjfq&dbname=CJFD9498&filename=YHJS199407020	中国计算机用户	1994	1994年07期
MSDOS 6.0中CHOICE的妙用	http://sso.cdclib.org/interlibSSO/goto/6/=06190596Z93/kns55/detail.aspx?QueryID=34&CurRec=22&dbcode=cjfq&dbname=CJFD9498&filename=YHJS199407021	中国计算机用户	1994	1994年07期
服务窗	http://sso.cdclib.org/interlibSSO/goto/6/=06190596Z93/kns55/detail.aspx?QueryID=34&CurRec=23&dbcode=cjfq&dbname=CJFD9498&filename=YHJS199407022	中国计算机用户	1994	1994年07期
内存清除工具RI 2.0	http://sso.cdclib.org/interlibSSO/goto/6/=06190596Z93/kns55/detail.aspx?QueryID=34&CurRec=24&dbcode=cjfq&dbname=CJFD9498&filename=YHJS199407023	中国计算机用户	1994	1994年07期
MiTooL系列工具中的KP及MSCAN	http://sso.cdclib.org/interlibSSO/goto/6/=06190596Z93/kns55/detail.aspx?QueryID=34&CurRec=25&dbcode=cjfq&dbname=CJFD9498&filename=YHJS199407024	中国计算机用户	1994	1994年07期
显示器维修50例(一)	http://sso.cdclib.org/interlibSSO/goto/6/=06190596Z93/kns55/detail.aspx?QueryID=34&CurRec=26&dbcode=cjfq&dbname=CJFD9498&filename=YHJS199407025	中国计算机用户	1994	1994年07期
机箱数码显示的调整方法	http://sso.cdclib.org/interlibSSO/goto/6/=06190596Z93/kns55/detail.aspx?QueryID=34&CurRec=27&dbcode=cjfq&dbname=CJFD9498&filename=YHJS199407026	中国计算机用户	1994	1994年07期
笔记本电脑软驱故障处理	http://sso.cdclib.org/interlibSSO/goto/6/=06190596Z93/kns55/detail.aspx?QueryID=34&CurRec=28&dbcode=cjfq&dbname=CJFD9498&filename=YHJS199407027	中国计算机用户	1994	1994年07期
微机电源假负载的制作	http://sso.cdclib.org/interlibSSO/goto/6/=06190596Z93/kns55/detail.aspx?QueryID=34&CurRec=29&dbcode=cjfq&dbname=CJFD9498&filename=YHJS199407028	中国计算机用户	1994	1994年07期
三届六次常务理事会议在京召开	http://sso.cdclib.org/interlibSSO/goto/6/=06190596Z93/kns55/detail.aspx?QueryID=34&CurRec=30&dbcode=cjfq&dbname=CJFD9498&filename=YHJS199407029	中国计算机用户	1994	1994年07期
优利分会召开京区技术交流会	http://sso.cdclib.org/interlibSSO/goto/6/=06190596Z93/kns55/detail.aspx?QueryID=34&CurRec=31&dbcode=cjfq&dbname=CJFD9498&filename=YHJS199407030	中国计算机用户	1994	1994年07期
IBM ThinkPad系列便携式电脑科技新突破	http://sso.cdclib.org/interlibSSO/goto/6/=06190596Z93/kns55/detail.aspx?QueryID=34&CurRec=32&dbcode=cjfq&dbname=CJFD9498&filename=YHJS199407031	中国计算机用户	1994	1994年07期
公用软件	http://sso.cdclib.org/interlibSSO/goto/6/=06190596Z93/kns55/detail.aspx?QueryID=34&CurRec=33&dbcode=cjfq&dbname=CJFD9498&filename=YHJS199407032	中国计算机用户	1994	1994年07期
产业动态	http://sso.cdclib.org/interlibSSO/goto/6/=06190596Z93/kns55/detail.aspx?QueryID=34&CurRec=34&dbcode=cjfq&dbname=CJFD9498&filename=YHJS199407033	中国计算机用户	1994	1994年07期
前景远大的多媒体PC技术及其市场	http://sso.cdclib.org/interlibSSO/goto/6/=06190596Z93/kns55/detail.aspx?QueryID=34&CurRec=35&dbcode=cjfq&dbname=CJFD9498&filename=YHJS199407034	中国计算机用户	1994	1994年07期
LAN网间互连产品市场展望	http://sso.cdclib.org/interlibSSO/goto/6/=06190596Z93/kns55/detail.aspx?QueryID=34&CurRec=36&dbcode=cjfq&dbname=CJFD9498&filename=YHJS199407035	中国计算机用户	1994	1994年07期
1993年～1994年度国内打印机市场分析	http://sso.cdclib.org/interlibSSO/goto/6/=06190596Z93/kns55/detail.aspx?QueryID=34&CurRec=37&dbcode=cjfq&dbname=CJFD9498&filename=YHJS199407036	中国计算机用户	1994	1994年07期
1993年～1994年度网络产品市场调查分析	http://sso.cdclib.org/interlibSSO/goto/6/=06190596Z93/kns55/detail.aspx?QueryID=34&CurRec=38&dbcode=cjfq&dbname=CJFD9498&filename=YHJS199407037	中国计算机用户	1994	1994年07期
全国主要城市微机和办公自动化产品最低报价	http://sso.cdclib.org/interlibSSO/goto/6/=06190596Z93/kns55/detail.aspx?QueryID=34&CurRec=39&dbcode=cjfq&dbname=CJFD9498&filename=YHJS199407038	中国计算机用户	1994	1994年07期
调制解调器问与答	http://sso.cdclib.org/interlibSSO/goto/6/=06190596Z93/kns55/detail.aspx?QueryID=34&CurRec=40&dbcode=cjfq&dbname=CJFD9498&filename=YHJS199407039	中国计算机用户	1994	1994年07期
如何选择微机网络产品	http://sso.cdclib.org/interlibSSO/goto/6/=06190596Z93/kns55/detail.aspx?QueryID=34&CurRec=41&dbcode=cjfq&dbname=CJFD9498&filename=YHJS199407040	中国计算机用户	1994	1994年07期
网络与通信术语集汇(一)	http://sso.cdclib.org/interlibSSO/goto/6/=06190596Z93/kns55/detail.aspx?QueryID=34&CurRec=42&dbcode=cjfq&dbname=CJFD9498&filename=YHJS199407041	中国计算机用户	1994	1994年07期
工业控制计算机工业自动化的推进器	http://sso.cdclib.org/interlibSSO/goto/6/=06190596Z93/kns55/detail.aspx?QueryID=40&CurRec=1&dbcode=cjfq&dbname=CJFD9498&filename=YHJS199406000	中国计算机用户	1994	1994年06期
工业控制计算机的现状与发展	http://sso.cdclib.org/interlibSSO/goto/6/=06190596Z93/kns55/detail.aspx?QueryID=40&CurRec=2&dbcode=cjfq&dbname=CJFD9498&filename=YHJS199406001	中国计算机用户	1994	1994年06期
各种工业总线的工业控制计算机	http://sso.cdclib.org/interlibSSO/goto/6/=06190596Z93/kns55/detail.aspx?QueryID=40&CurRec=3&dbcode=cjfq&dbname=CJFD9498&filename=YHJS199406002	中国计算机用户	1994	1994年06期
可编程序控制器发展走向及其市场应用	http://sso.cdclib.org/interlibSSO/goto/6/=06190596Z93/kns55/detail.aspx?QueryID=40&CurRec=4&dbcode=cjfq&dbname=CJFD9498&filename=YHJS199406003	中国计算机用户	1994	1994年06期
集散型控制系统的现状与应用	http://sso.cdclib.org/interlibSSO/goto/6/=06190596Z93/kns55/detail.aspx?QueryID=40&CurRec=5&dbcode=cjfq&dbname=CJFD9498&filename=YHJS199406004	中国计算机用户	1994	1994年06期
DEC提供移植CICS事务处理能力	http://sso.cdclib.org/interlibSSO/goto/6/=06190596Z93/kns55/detail.aspx?QueryID=40&CurRec=6&dbcode=cjfq&dbname=CJFD9498&filename=YHJS199406005	中国计算机用户	1994	1994年06期
工业控制计算机厂商及产品概览	http://sso.cdclib.org/interlibSSO/goto/6/=06190596Z93/kns55/detail.aspx?QueryID=40&CurRec=7&dbcode=cjfq&dbname=CJFD9498&filename=YHJS199406006	中国计算机用户	1994	1994年06期
一种流行的图象文件格式——TIFF6.0	http://sso.cdclib.org/interlibSSO/goto/6/=06190596Z93/kns55/detail.aspx?QueryID=40&CurRec=8&dbcode=cjfq&dbname=CJFD9498&filename=YHJS199406007	中国计算机用户	1994	1994年06期
Windows系统计时器及编程	http://sso.cdclib.org/interlibSSO/goto/6/=06190596Z93/kns55/detail.aspx?QueryID=40&CurRec=9&dbcode=cjfq&dbname=CJFD9498&filename=YHJS199406008	中国计算机用户	1994	1994年06期
三维消隐图象的制作	http://sso.cdclib.org/interlibSSO/goto/6/=06190596Z93/kns55/detail.aspx?QueryID=40&CurRec=10&dbcode=cjfq&dbname=CJFD9498&filename=YHJS199406009	中国计算机用户	1994	1994年06期
第三讲 FoxPro 2.5应用开发工具	http://sso.cdclib.org/interlibSSO/goto/6/=06190596Z93/kns55/detail.aspx?QueryID=40&CurRec=11&dbcode=cjfq&dbname=CJFD9498&filename=YHJS199406010	中国计算机用户	1994	1994年06期
MS-DOS 6.2简体中文版	http://sso.cdclib.org/interlibSSO/goto/6/=06190596Z93/kns55/detail.aspx?QueryID=40&CurRec=12&dbcode=cjfq&dbname=CJFD9498&filename=YHJS199406011	中国计算机用户	1994	1994年06期
显示器特技编程之四——屏幕分割	http://sso.cdclib.org/interlibSSO/goto/6/=06190596Z93/kns55/detail.aspx?QueryID=40&CurRec=13&dbcode=cjfq&dbname=CJFD9498&filename=YHJS199406012	中国计算机用户	1994	1994年06期
矢量绘图软件CorelDraw添加汉字输入	http://sso.cdclib.org/interlibSSO/goto/6/=06190596Z93/kns55/detail.aspx?QueryID=40&CurRec=14&dbcode=cjfq&dbname=CJFD9498&filename=YHJS199406013	中国计算机用户	1994	1994年06期
TVGA下鼠标的显示	http://sso.cdclib.org/interlibSSO/goto/6/=06190596Z93/kns55/detail.aspx?QueryID=40&CurRec=15&dbcode=cjfq&dbname=CJFD9498&filename=YHJS199406014	中国计算机用户	1994	1994年06期
FoxPro 2.0的汉化	http://sso.cdclib.org/interlibSSO/goto/6/=06190596Z93/kns55/detail.aspx?QueryID=40&CurRec=16&dbcode=cjfq&dbname=CJFD9498&filename=YHJS199406015	中国计算机用户	1994	1994年06期
减少王码汉字系统占用内存空间的方法	http://sso.cdclib.org/interlibSSO/goto/6/=06190596Z93/kns55/detail.aspx?QueryID=40&CurRec=17&dbcode=cjfq&dbname=CJFD9498&filename=YHJS199406016	中国计算机用户	1994	1994年06期
如何找回丢失的384KB扩展内存	http://sso.cdclib.org/interlibSSO/goto/6/=06190596Z93/kns55/detail.aspx?QueryID=40&CurRec=18&dbcode=cjfq&dbname=CJFD9498&filename=YHJS199406017	中国计算机用户	1994	1994年06期
资料窗	http://sso.cdclib.org/interlibSSO/goto/6/=06190596Z93/kns55/detail.aspx?QueryID=40&CurRec=19&dbcode=cjfq&dbname=CJFD9498&filename=YHJS199406018	中国计算机用户	1994	1994年06期
服务窗	http://sso.cdclib.org/interlibSSO/goto/6/=06190596Z93/kns55/detail.aspx?QueryID=40&CurRec=20&dbcode=cjfq&dbname=CJFD9498&filename=YHJS199406019	中国计算机用户	1994	1994年06期
激光打印机原理与维修(二)	http://sso.cdclib.org/interlibSSO/goto/6/=06190596Z93/kns55/detail.aspx?QueryID=40&CurRec=21&dbcode=cjfq&dbname=CJFD9498&filename=YHJS199406020	中国计算机用户	1994	1994年06期
几种实用的微机复位电路	http://sso.cdclib.org/interlibSSO/goto/6/=06190596Z93/kns55/detail.aspx?QueryID=40&CurRec=22&dbcode=cjfq&dbname=CJFD9498&filename=YHJS199406021	中国计算机用户	1994	1994年06期
微机喇叭电路的改装	http://sso.cdclib.org/interlibSSO/goto/6/=06190596Z93/kns55/detail.aspx?QueryID=40&CurRec=23&dbcode=cjfq&dbname=CJFD9498&filename=YHJS199406022	中国计算机用户	1994	1994年06期
“海星”跨国经营结硕果	http://sso.cdclib.org/interlibSSO/goto/6/=06190596Z93/kns55/detail.aspx?QueryID=40&CurRec=24&dbcode=cjfq&dbname=CJFD9498&filename=YHJS199406023	中国计算机用户	1994	1994年06期
Sun在世界杯足球赛技术方面的作用	http://sso.cdclib.org/interlibSSO/goto/6/=06190596Z93/kns55/detail.aspx?QueryID=40&CurRec=25&dbcode=cjfq&dbname=CJFD9498&filename=YHJS199406024	中国计算机用户	1994	1994年06期
Sun对网络计算的远见卓识	http://sso.cdclib.org/interlibSSO/goto/6/=06190596Z93/kns55/detail.aspx?QueryID=40&CurRec=26&dbcode=cjfq&dbname=CJFD9498&filename=YHJS199406025	中国计算机用户	1994	1994年06期
现在就加入“国际公用软件交流网(SN)”	http://sso.cdclib.org/interlibSSO/goto/6/=06190596Z93/kns55/detail.aspx?QueryID=40&CurRec=27&dbcode=cjfq&dbname=CJFD9498&filename=YHJS199406026	中国计算机用户	1994	1994年06期
协会活动	http://sso.cdclib.org/interlibSSO/goto/6/=06190596Z93/kns55/detail.aspx?QueryID=40&CurRec=28&dbcode=cjfq&dbname=CJFD9498&filename=YHJS199406027	中国计算机用户	1994	1994年06期
产业动态	http://sso.cdclib.org/interlibSSO/goto/6/=06190596Z93/kns55/detail.aspx?QueryID=40&CurRec=29&dbcode=cjfq&dbname=CJFD9498&filename=YHJS199406028	中国计算机用户	1994	1994年06期
展会聚焦	http://sso.cdclib.org/interlibSSO/goto/6/=06190596Z93/kns55/detail.aspx?QueryID=40&CurRec=30&dbcode=cjfq&dbname=CJFD9498&filename=YHJS199406029	中国计算机用户	1994	1994年06期
90年代的数据库技术及其市场	http://sso.cdclib.org/interlibSSO/goto/6/=06190596Z93/kns55/detail.aspx?QueryID=40&CurRec=31&dbcode=cjfq&dbname=CJFD9498&filename=YHJS199406030	中国计算机用户	1994	1994年06期
商用UNIX机市场六强竞争态势及前景	http://sso.cdclib.org/interlibSSO/goto/6/=06190596Z93/kns55/detail.aspx?QueryID=40&CurRec=32&dbcode=cjfq&dbname=CJFD9498&filename=YHJS199406031	中国计算机用户	1994	1994年06期
全国主要城市微机和办公自动化产品最低报价(慧聪商情网5月7日14城市联网数据)	http://sso.cdclib.org/interlibSSO/goto/6/=06190596Z93/kns55/detail.aspx?QueryID=40&CurRec=33&dbcode=cjfq&dbname=CJFD9498&filename=YHJS199406032	中国计算机用户	1994	1994年06期
开拓国内电脑市场策略	http://sso.cdclib.org/interlibSSO/goto/6/=06190596Z93/kns55/detail.aspx?QueryID=40&CurRec=34&dbcode=cjfq&dbname=CJFD9498&filename=YHJS199406033	中国计算机用户	1994	1994年06期
夹缝中生存 竞争中发展——1994年中国计算机产业扫描	http://sso.cdclib.org/interlibSSO/goto/6/=06190596Z93/kns55/detail.aspx?QueryID=40&CurRec=35&dbcode=cjfq&dbname=CJFD9498&filename=YHJS199406034	中国计算机用户	1994	1994年06期
“无忧卡”问与答	http://sso.cdclib.org/interlibSSO/goto/6/=06190596Z93/kns55/detail.aspx?QueryID=40&CurRec=36&dbcode=cjfq&dbname=CJFD9498&filename=YHJS199406035	中国计算机用户	1994	1994年06期
术语浅释	http://sso.cdclib.org/interlibSSO/goto/6/=06190596Z93/kns55/detail.aspx?QueryID=40&CurRec=37&dbcode=cjfq&dbname=CJFD9498&filename=YHJS199406036	中国计算机用户	1994	1994年06期
谈谈“一稿多投”——与作者商榷	http://sso.cdclib.org/interlibSSO/goto/6/=06190596Z93/kns55/detail.aspx?QueryID=46&CurRec=1&dbcode=cjfq&dbname=CJFD9498&filename=YHJS199405000	中国计算机用户	1994	1994年05期
编辑部本月新闻	http://sso.cdclib.org/interlibSSO/goto/6/=06190596Z93/kns55/detail.aspx?QueryID=46&CurRec=2&dbcode=cjfq&dbname=CJFD9498&filename=YHJS199405001	中国计算机用户	1994	1994年05期
发展迅速的总线技术 微机换代的绿色通道	http://sso.cdclib.org/interlibSSO/goto/6/=06190596Z93/kns55/detail.aspx?QueryID=46&CurRec=3&dbcode=cjfq&dbname=CJFD9498&filename=YHJS199405002	中国计算机用户	1994	1994年05期
总线概述	http://sso.cdclib.org/interlibSSO/goto/6/=06190596Z93/kns55/detail.aspx?QueryID=46&CurRec=4&dbcode=cjfq&dbname=CJFD9498&filename=YHJS199405003	中国计算机用户	1994	1994年05期
PCI总线	http://sso.cdclib.org/interlibSSO/goto/6/=06190596Z93/kns55/detail.aspx?QueryID=46&CurRec=5&dbcode=cjfq&dbname=CJFD9498&filename=YHJS199405004	中国计算机用户	1994	1994年05期
总线上的多主技术	http://sso.cdclib.org/interlibSSO/goto/6/=06190596Z93/kns55/detail.aspx?QueryID=46&CurRec=6&dbcode=cjfq&dbname=CJFD9498&filename=YHJS199405005	中国计算机用户	1994	1994年05期
SCSI接口	http://sso.cdclib.org/interlibSSO/goto/6/=06190596Z93/kns55/detail.aspx?QueryID=46&CurRec=7&dbcode=cjfq&dbname=CJFD9498&filename=YHJS199405006	中国计算机用户	1994	1994年05期
PCMCIA标准及其产品	http://sso.cdclib.org/interlibSSO/goto/6/=06190596Z93/kns55/detail.aspx?QueryID=46&CurRec=8&dbcode=cjfq&dbname=CJFD9498&filename=YHJS199405007	中国计算机用户	1994	1994年05期
开放式网络环境下的应用系统设计	http://sso.cdclib.org/interlibSSO/goto/6/=06190596Z93/kns55/detail.aspx?QueryID=46&CurRec=9&dbcode=cjfq&dbname=CJFD9498&filename=YHJS199405008	中国计算机用户	1994	1994年05期
微机网络的安全性考虑	http://sso.cdclib.org/interlibSSO/goto/6/=06190596Z93/kns55/detail.aspx?QueryID=46&CurRec=10&dbcode=cjfq&dbname=CJFD9498&filename=YHJS199405009	中国计算机用户	1994	1994年05期
Windows中的消息循环及应用程序的开发	http://sso.cdclib.org/interlibSSO/goto/6/=06190596Z93/kns55/detail.aspx?QueryID=46&CurRec=11&dbcode=cjfq&dbname=CJFD9498&filename=YHJS199405010	中国计算机用户	1994	1994年05期
动态数据交换(DDE)协议及应用	http://sso.cdclib.org/interlibSSO/goto/6/=06190596Z93/kns55/detail.aspx?QueryID=46&CurRec=12&dbcode=cjfq&dbname=CJFD9498&filename=YHJS199405011	中国计算机用户	1994	1994年05期
第二讲 FoxPro 2.5语言的主要特点	http://sso.cdclib.org/interlibSSO/goto/6/=06190596Z93/kns55/detail.aspx?QueryID=46&CurRec=13&dbcode=cjfq&dbname=CJFD9498&filename=YHJS199405012	中国计算机用户	1994	1994年05期
工具软件向Windows领域的进军——Norton Utilities 8.0	http://sso.cdclib.org/interlibSSO/goto/6/=06190596Z93/kns55/detail.aspx?QueryID=46&CurRec=14&dbcode=cjfq&dbname=CJFD9498&filename=YHJS199405013	中国计算机用户	1994	1994年05期
WPS 3.0F打印输出“U”字的解决办法	http://sso.cdclib.org/interlibSSO/goto/6/=06190596Z93/kns55/detail.aspx?QueryID=46&CurRec=15&dbcode=cjfq&dbname=CJFD9498&filename=YHJS199405014	中国计算机用户	1994	1994年05期
WPS文字处理系统中使用AR-2463打印机	http://sso.cdclib.org/interlibSSO/goto/6/=06190596Z93/kns55/detail.aspx?QueryID=46&CurRec=16&dbcode=cjfq&dbname=CJFD9498&filename=YHJS199405015	中国计算机用户	1994	1994年05期
TVGA1024*768模式下的两个基本图形功能函数	http://sso.cdclib.org/interlibSSO/goto/6/=06190596Z93/kns55/detail.aspx?QueryID=46&CurRec=17&dbcode=cjfq&dbname=CJFD9498&filename=YHJS199405016	中国计算机用户	1994	1994年05期
给DOS命令安装一个授权开关	http://sso.cdclib.org/interlibSSO/goto/6/=06190596Z93/kns55/detail.aspx?QueryID=46&CurRec=18&dbcode=cjfq&dbname=CJFD9498&filename=YHJS199405017	中国计算机用户	1994	1994年05期
西文Windows下的汉字显示	http://sso.cdclib.org/interlibSSO/goto/6/=06190596Z93/kns55/detail.aspx?QueryID=46&CurRec=19&dbcode=cjfq&dbname=CJFD9498&filename=YHJS199405018	中国计算机用户	1994	1994年05期
清除病毒的通用方法	http://sso.cdclib.org/interlibSSO/goto/6/=06190596Z93/kns55/detail.aspx?QueryID=46&CurRec=20&dbcode=cjfq&dbname=CJFD9498&filename=YHJS199405019	中国计算机用户	1994	1994年05期
LQ-1600K打印机使用经验	http://sso.cdclib.org/interlibSSO/goto/6/=06190596Z93/kns55/detail.aspx?QueryID=46&CurRec=21&dbcode=cjfq&dbname=CJFD9498&filename=YHJS199405020	中国计算机用户	1994	1994年05期
完善的DOS程序界面制作工具Turbo Vision for C++	http://sso.cdclib.org/interlibSSO/goto/6/=06190596Z93/kns55/detail.aspx?QueryID=46&CurRec=22&dbcode=cjfq&dbname=CJFD9498&filename=YHJS199405021	中国计算机用户	1994	1994年05期
一个完善的拷贝工具HD COPY	http://sso.cdclib.org/interlibSSO/goto/6/=06190596Z93/kns55/detail.aspx?QueryID=46&CurRec=23&dbcode=cjfq&dbname=CJFD9498&filename=YHJS199405022	中国计算机用户	1994	1994年05期
激光打印机原理与维修(一)	http://sso.cdclib.org/interlibSSO/goto/6/=06190596Z93/kns55/detail.aspx?QueryID=46&CurRec=24&dbcode=cjfq&dbname=CJFD9498&filename=YHJS199405023	中国计算机用户	1994	1994年05期
部分集成电路的代换	http://sso.cdclib.org/interlibSSO/goto/6/=06190596Z93/kns55/detail.aspx?QueryID=46&CurRec=25&dbcode=cjfq&dbname=CJFD9498&filename=YHJS199405024	中国计算机用户	1994	1994年05期
286系统板特殊故障维修一例	http://sso.cdclib.org/interlibSSO/goto/6/=06190596Z93/kns55/detail.aspx?QueryID=46&CurRec=26&dbcode=cjfq&dbname=CJFD9498&filename=YHJS199405025	中国计算机用户	1994	1994年05期
使台式计算机与Motorola的UNIX系统和服务器集成的PC-Interface	http://sso.cdclib.org/interlibSSO/goto/6/=06190596Z93/kns55/detail.aspx?QueryID=46&CurRec=27&dbcode=cjfq&dbname=CJFD9498&filename=YHJS199405026	中国计算机用户	1994	1994年05期
现在就加入“国际公用软件交流网(SN)”	http://sso.cdclib.org/interlibSSO/goto/6/=06190596Z93/kns55/detail.aspx?QueryID=46&CurRec=28&dbcode=cjfq&dbname=CJFD9498&filename=YHJS199405027	中国计算机用户	1994	1994年05期
网员信箱	http://sso.cdclib.org/interlibSSO/goto/6/=06190596Z93/kns55/detail.aspx?QueryID=46&CurRec=29&dbcode=cjfq&dbname=CJFD9498&filename=YHJS199405028	中国计算机用户	1994	1994年05期
本期部分公用软件简介	http://sso.cdclib.org/interlibSSO/goto/6/=06190596Z93/kns55/detail.aspx?QueryID=46&CurRec=30&dbcode=cjfq&dbname=CJFD9498&filename=YHJS199405029	中国计算机用户	1994	1994年05期
协会活动	http://sso.cdclib.org/interlibSSO/goto/6/=06190596Z93/kns55/detail.aspx?QueryID=46&CurRec=31&dbcode=cjfq&dbname=CJFD9498&filename=YHJS199405030	中国计算机用户	1994	1994年05期
发刊词	http://sso.cdclib.org/interlibSSO/goto/6/=06190596Z93/kns55/detail.aspx?QueryID=46&CurRec=32&dbcode=cjfq&dbname=CJFD9498&filename=YHJS199405031	中国计算机用户	1994	1994年05期
产业动态	http://sso.cdclib.org/interlibSSO/goto/6/=06190596Z93/kns55/detail.aspx?QueryID=46&CurRec=33&dbcode=cjfq&dbname=CJFD9498&filename=YHJS199405032	中国计算机用户	1994	1994年05期
展会聚焦	http://sso.cdclib.org/interlibSSO/goto/6/=06190596Z93/kns55/detail.aspx?QueryID=46&CurRec=34&dbcode=cjfq&dbname=CJFD9498&filename=YHJS199405033	中国计算机用户	1994	1994年05期
90年代计算机技术与产业发展的若干趋势	http://sso.cdclib.org/interlibSSO/goto/6/=06190596Z93/kns55/detail.aspx?QueryID=46&CurRec=35&dbcode=cjfq&dbname=CJFD9498&filename=YHJS199405034	中国计算机用户	1994	1994年05期
台式机市场走势分析	http://sso.cdclib.org/interlibSSO/goto/6/=06190596Z93/kns55/detail.aspx?QueryID=46&CurRec=36&dbcode=cjfq&dbname=CJFD9498&filename=YHJS199405035	中国计算机用户	1994	1994年05期
中国主要城市商品行情(微机和办公自动化类)	http://sso.cdclib.org/interlibSSO/goto/6/=06190596Z93/kns55/detail.aspx?QueryID=46&CurRec=37&dbcode=cjfq&dbname=CJFD9498&filename=YHJS199405036	中国计算机用户	1994	1994年05期
家用电脑调查报告	http://sso.cdclib.org/interlibSSO/goto/6/=06190596Z93/kns55/detail.aspx?QueryID=46&CurRec=38&dbcode=cjfq&dbname=CJFD9498&filename=YHJS199405037	中国计算机用户	1994	1994年05期
1993年北京UPS市场调查	http://sso.cdclib.org/interlibSSO/goto/6/=06190596Z93/kns55/detail.aspx?QueryID=46&CurRec=39&dbcode=cjfq&dbname=CJFD9498&filename=YHJS199405038	中国计算机用户	1994	1994年05期
再铸辉煌——写在中文平台标准行将发布之际	http://sso.cdclib.org/interlibSSO/goto/6/=06190596Z93/kns55/detail.aspx?QueryID=46&CurRec=40&dbcode=cjfq&dbname=CJFD9498&filename=YHJS199405039	中国计算机用户	1994	1994年05期
触摸屏问与答	http://sso.cdclib.org/interlibSSO/goto/6/=06190596Z93/kns55/detail.aspx?QueryID=46&CurRec=41&dbcode=cjfq&dbname=CJFD9498&filename=YHJS199405040	中国计算机用户	1994	1994年05期
“巨人多窗口开发环境”问与答	http://sso.cdclib.org/interlibSSO/goto/6/=06190596Z93/kns55/detail.aspx?QueryID=46&CurRec=42&dbcode=cjfq&dbname=CJFD9498&filename=YHJS199405041	中国计算机用户	1994	1994年05期
术语浅释	http://sso.cdclib.org/interlibSSO/goto/6/=06190596Z93/kns55/detail.aspx?QueryID=46&CurRec=43&dbcode=cjfq&dbname=CJFD9498&filename=YHJS199405042	中国计算机用户	1994	1994年05期
激光打印机墨粉的再生和代用	http://sso.cdclib.org/interlibSSO/goto/6/=06190596Z93/kns55/detail.aspx?QueryID=46&CurRec=44&dbcode=cjfq&dbname=CJFD9498&filename=YHJS199405043	中国计算机用户	1994	1994年05期
现在就加入“国际公用软件交流网(SN)”	http://sso.cdclib.org/interlibSSO/goto/6/=06190596Z93/kns55/detail.aspx?QueryID=52&CurRec=1&dbcode=cjfq&dbname=CJFD9498&filename=YHJS199404000	中国计算机用户	1994	1994年04期
网员信箱	http://sso.cdclib.org/interlibSSO/goto/6/=06190596Z93/kns55/detail.aspx?QueryID=52&CurRec=2&dbcode=cjfq&dbname=CJFD9498&filename=YHJS199404001	中国计算机用户	1994	1994年04期
协会活动	http://sso.cdclib.org/interlibSSO/goto/6/=06190596Z93/kns55/detail.aspx?QueryID=52&CurRec=3&dbcode=cjfq&dbname=CJFD9498&filename=YHJS199404002	中国计算机用户	1994	1994年04期
产业动态	http://sso.cdclib.org/interlibSSO/goto/6/=06190596Z93/kns55/detail.aspx?QueryID=52&CurRec=4&dbcode=cjfq&dbname=CJFD9498&filename=YHJS199404003	中国计算机用户	1994	1994年04期
融商电子化呼唤磁卡与IC卡	http://sso.cdclib.org/interlibSSO/goto/6/=06190596Z93/kns55/detail.aspx?QueryID=52&CurRec=5&dbcode=cjfq&dbname=CJFD9498&filename=YHJS199404004	中国计算机用户	1994	1994年04期
磁卡技术及其应用	http://sso.cdclib.org/interlibSSO/goto/6/=06190596Z93/kns55/detail.aspx?QueryID=52&CurRec=6&dbcode=cjfq&dbname=CJFD9498&filename=YHJS199404005	中国计算机用户	1994	1994年04期
IC卡技术	http://sso.cdclib.org/interlibSSO/goto/6/=06190596Z93/kns55/detail.aspx?QueryID=52&CurRec=7&dbcode=cjfq&dbname=CJFD9498&filename=YHJS199404006	中国计算机用户	1994	1994年04期
IC卡市场分析	http://sso.cdclib.org/interlibSSO/goto/6/=06190596Z93/kns55/detail.aspx?QueryID=52&CurRec=8&dbcode=cjfq&dbname=CJFD9498&filename=YHJS199404007	中国计算机用户	1994	1994年04期
IC卡应用及范例	http://sso.cdclib.org/interlibSSO/goto/6/=06190596Z93/kns55/detail.aspx?QueryID=52&CurRec=9&dbcode=cjfq&dbname=CJFD9498&filename=YHJS199404008	中国计算机用户	1994	1994年04期
磁卡及相关产品介绍	http://sso.cdclib.org/interlibSSO/goto/6/=06190596Z93/kns55/detail.aspx?QueryID=52&CurRec=10&dbcode=cjfq&dbname=CJFD9498&filename=YHJS199404009	中国计算机用户	1994	1994年04期
如何在DOS 5.0下进入NOVELL网络	http://sso.cdclib.org/interlibSSO/goto/6/=06190596Z93/kns55/detail.aspx?QueryID=52&CurRec=11&dbcode=cjfq&dbname=CJFD9498&filename=YHJS199404010	中国计算机用户	1994	1994年04期
为Windows 3.1中文版增加五笔字型输入方法	http://sso.cdclib.org/interlibSSO/goto/6/=06190596Z93/kns55/detail.aspx?QueryID=52&CurRec=12&dbcode=cjfq&dbname=CJFD9498&filename=YHJS199404011	中国计算机用户	1994	1994年04期
WPS 6.0F使用WBX内存不够的对策	http://sso.cdclib.org/interlibSSO/goto/6/=06190596Z93/kns55/detail.aspx?QueryID=52&CurRec=13&dbcode=cjfq&dbname=CJFD9498&filename=YHJS199404012	中国计算机用户	1994	1994年04期
内存TSR程序动态管理工具	http://sso.cdclib.org/interlibSSO/goto/6/=06190596Z93/kns55/detail.aspx?QueryID=52&CurRec=14&dbcode=cjfq&dbname=CJFD9498&filename=YHJS199404013	中国计算机用户	1994	1994年04期
面向对象的鼠标器工具箱	http://sso.cdclib.org/interlibSSO/goto/6/=06190596Z93/kns55/detail.aspx?QueryID=52&CurRec=15&dbcode=cjfq&dbname=CJFD9498&filename=YHJS199404014	中国计算机用户	1994	1994年04期
图形编辑中精确定位的“十字架”设计	http://sso.cdclib.org/interlibSSO/goto/6/=06190596Z93/kns55/detail.aspx?QueryID=52&CurRec=16&dbcode=cjfq&dbname=CJFD9498&filename=YHJS199404015	中国计算机用户	1994	1994年04期
显示器特技编程之三——虚屏模拟	http://sso.cdclib.org/interlibSSO/goto/6/=06190596Z93/kns55/detail.aspx?QueryID=52&CurRec=17&dbcode=cjfq&dbname=CJFD9498&filename=YHJS199404016	中国计算机用户	1994	1994年04期
对函数outtext()和settextstylein()的一点改进	http://sso.cdclib.org/interlibSSO/goto/6/=06190596Z93/kns55/detail.aspx?QueryID=52&CurRec=18&dbcode=cjfq&dbname=CJFD9498&filename=YHJS199404017	中国计算机用户	1994	1994年04期
用C语言实现DOS SHELL的方法	http://sso.cdclib.org/interlibSSO/goto/6/=06190596Z93/kns55/detail.aspx?QueryID=52&CurRec=19&dbcode=cjfq&dbname=CJFD9498&filename=YHJS199404018	中国计算机用户	1994	1994年04期
第一讲 FoxPro的产品发展及特征	http://sso.cdclib.org/interlibSSO/goto/6/=06190596Z93/kns55/detail.aspx?QueryID=52&CurRec=20&dbcode=cjfq&dbname=CJFD9498&filename=YHJS199404019	中国计算机用户	1994	1994年04期
字表编辑处理软件CCED 5.0	http://sso.cdclib.org/interlibSSO/goto/6/=06190596Z93/kns55/detail.aspx?QueryID=52&CurRec=21&dbcode=cjfq&dbname=CJFD9498&filename=YHJS199404020	中国计算机用户	1994	1994年04期
小型编辑器QEdit	http://sso.cdclib.org/interlibSSO/goto/6/=06190596Z93/kns55/detail.aspx?QueryID=52&CurRec=22&dbcode=cjfq&dbname=CJFD9498&filename=YHJS199404021	中国计算机用户	1994	1994年04期
汉字字形与图形自动描述、编辑软件系统(演示版)	http://sso.cdclib.org/interlibSSO/goto/6/=06190596Z93/kns55/detail.aspx?QueryID=52&CurRec=23&dbcode=cjfq&dbname=CJFD9498&filename=YHJS199404022	中国计算机用户	1994	1994年04期
MS-DOS 6的内存管理及应用	http://sso.cdclib.org/interlibSSO/goto/6/=06190596Z93/kns55/detail.aspx?QueryID=52&CurRec=24&dbcode=cjfq&dbname=CJFD9498&filename=YHJS199404023	中国计算机用户	1994	1994年04期
通用C语言数据库数据录入全屏幕编辑法	http://sso.cdclib.org/interlibSSO/goto/6/=06190596Z93/kns55/detail.aspx?QueryID=52&CurRec=25&dbcode=cjfq&dbname=CJFD9498&filename=YHJS199404024	中国计算机用户	1994	1994年04期
Windows标象文件及其应用	http://sso.cdclib.org/interlibSSO/goto/6/=06190596Z93/kns55/detail.aspx?QueryID=52&CurRec=26&dbcode=cjfq&dbname=CJFD9498&filename=YHJS199404025	中国计算机用户	1994	1994年04期
Microsoft Excel 5.0电子表格软件	http://sso.cdclib.org/interlibSSO/goto/6/=06190596Z93/kns55/detail.aspx?QueryID=52&CurRec=27&dbcode=cjfq&dbname=CJFD9498&filename=YHJS199404026	中国计算机用户	1994	1994年04期
术语浅释	http://sso.cdclib.org/interlibSSO/goto/6/=06190596Z93/kns55/detail.aspx?QueryID=52&CurRec=28&dbcode=cjfq&dbname=CJFD9498&filename=YHJS199404027	中国计算机用户	1994	1994年04期
微机数码管的调整与安装	http://sso.cdclib.org/interlibSSO/goto/6/=06190596Z93/kns55/detail.aspx?QueryID=52&CurRec=29&dbcode=cjfq&dbname=CJFD9498&filename=YHJS199404028	中国计算机用户	1994	1994年04期
3070/3080打印机故障维修	http://sso.cdclib.org/interlibSSO/goto/6/=06190596Z93/kns55/detail.aspx?QueryID=52&CurRec=30&dbcode=cjfq&dbname=CJFD9498&filename=YHJS199404029	中国计算机用户	1994	1994年04期
一条色带顶两条使用	http://sso.cdclib.org/interlibSSO/goto/6/=06190596Z93/kns55/detail.aspx?QueryID=52&CurRec=31&dbcode=cjfq&dbname=CJFD9498&filename=YHJS199404030	中国计算机用户	1994	1994年04期
AR3240打印头拆装方法	http://sso.cdclib.org/interlibSSO/goto/6/=06190596Z93/kns55/detail.aspx?QueryID=52&CurRec=32&dbcode=cjfq&dbname=CJFD9498&filename=YHJS199404031	中国计算机用户	1994	1994年04期
彩显关机亮点维修一例	http://sso.cdclib.org/interlibSSO/goto/6/=06190596Z93/kns55/detail.aspx?QueryID=52&CurRec=33&dbcode=cjfq&dbname=CJFD9498&filename=YHJS199404032	中国计算机用户	1994	1994年04期
部分集成电路的代换	http://sso.cdclib.org/interlibSSO/goto/6/=06190596Z93/kns55/detail.aspx?QueryID=52&CurRec=34&dbcode=cjfq&dbname=CJFD9498&filename=YHJS199404033	中国计算机用户	1994	1994年04期
致力于开放系统集成的CDC公司	http://sso.cdclib.org/interlibSSO/goto/6/=06190596Z93/kns55/detail.aspx?QueryID=52&CurRec=35&dbcode=cjfq&dbname=CJFD9498&filename=YHJS199404034	中国计算机用户	1994	1994年04期
Control Data电信领域电脑应用系统	http://sso.cdclib.org/interlibSSO/goto/6/=06190596Z93/kns55/detail.aspx?QueryID=52&CurRec=36&dbcode=cjfq&dbname=CJFD9498&filename=YHJS199404035	中国计算机用户	1994	1994年04期
实达终端问与答	http://sso.cdclib.org/interlibSSO/goto/6/=06190596Z93/kns55/detail.aspx?QueryID=52&CurRec=37&dbcode=cjfq&dbname=CJFD9498&filename=YHJS199404036	中国计算机用户	1994	1994年04期
迎新春 谈改革 顺潮流	http://sso.cdclib.org/interlibSSO/goto/6/=06190596Z93/kns55/detail.aspx?QueryID=58&CurRec=1&dbcode=cjfq&dbname=CJFD9498&filename=YHJS199403000	中国计算机用户	1994	1994年03期
梦想成真	http://sso.cdclib.org/interlibSSO/goto/6/=06190596Z93/kns55/detail.aspx?QueryID=58&CurRec=2&dbcode=cjfq&dbname=CJFD9498&filename=YHJS199403001	中国计算机用户	1994	1994年03期
协会活动	http://sso.cdclib.org/interlibSSO/goto/6/=06190596Z93/kns55/detail.aspx?QueryID=58&CurRec=3&dbcode=cjfq&dbname=CJFD9498&filename=YHJS199403002	中国计算机用户	1994	1994年03期
现在就加入“国际公用软件交流网(SN)”	http://sso.cdclib.org/interlibSSO/goto/6/=06190596Z93/kns55/detail.aspx?QueryID=58&CurRec=4&dbcode=cjfq&dbname=CJFD9498&filename=YHJS199403003	中国计算机用户	1994	1994年03期
网员信箱	http://sso.cdclib.org/interlibSSO/goto/6/=06190596Z93/kns55/detail.aspx?QueryID=58&CurRec=5&dbcode=cjfq&dbname=CJFD9498&filename=YHJS199403004	中国计算机用户	1994	1994年03期
国际公用软件交流网章程	http://sso.cdclib.org/interlibSSO/goto/6/=06190596Z93/kns55/detail.aspx?QueryID=58&CurRec=6&dbcode=cjfq&dbname=CJFD9498&filename=YHJS199403005	中国计算机用户	1994	1994年03期
Control Data致力于为中国制造业提供CIMS集成解决方案	http://sso.cdclib.org/interlibSSO/goto/6/=06190596Z93/kns55/detail.aspx?QueryID=58&CurRec=7&dbcode=cjfq&dbname=CJFD9498&filename=YHJS199403006	中国计算机用户	1994	1994年03期
产业动态	http://sso.cdclib.org/interlibSSO/goto/6/=06190596Z93/kns55/detail.aspx?QueryID=58&CurRec=8&dbcode=cjfq&dbname=CJFD9498&filename=YHJS199403007	中国计算机用户	1994	1994年03期
我国计算机市场简析	http://sso.cdclib.org/interlibSSO/goto/6/=06190596Z93/kns55/detail.aspx?QueryID=58&CurRec=9&dbcode=cjfq&dbname=CJFD9498&filename=YHJS199403008	中国计算机用户	1994	1994年03期
开拓计算机动画市场 掌握计算机动画技术	http://sso.cdclib.org/interlibSSO/goto/6/=06190596Z93/kns55/detail.aspx?QueryID=58&CurRec=10&dbcode=cjfq&dbname=CJFD9498&filename=YHJS199403009	中国计算机用户	1994	1994年03期
计算机动画综述	http://sso.cdclib.org/interlibSSO/goto/6/=06190596Z93/kns55/detail.aspx?QueryID=58&CurRec=11&dbcode=cjfq&dbname=CJFD9498&filename=YHJS199403010	中国计算机用户	1994	1994年03期
三维计算机动画的关键技术	http://sso.cdclib.org/interlibSSO/goto/6/=06190596Z93/kns55/detail.aspx?QueryID=58&CurRec=12&dbcode=cjfq&dbname=CJFD9498&filename=YHJS199403011	中国计算机用户	1994	1994年03期
计算机动画系统配置及动画制作过程	http://sso.cdclib.org/interlibSSO/goto/6/=06190596Z93/kns55/detail.aspx?QueryID=58&CurRec=13&dbcode=cjfq&dbname=CJFD9498&filename=YHJS199403012	中国计算机用户	1994	1994年03期
学用3D Studio进行动画创作	http://sso.cdclib.org/interlibSSO/goto/6/=06190596Z93/kns55/detail.aspx?QueryID=58&CurRec=14&dbcode=cjfq&dbname=CJFD9498&filename=YHJS199403013	中国计算机用户	1994	1994年03期
计算机动画产品简介	http://sso.cdclib.org/interlibSSO/goto/6/=06190596Z93/kns55/detail.aspx?QueryID=58&CurRec=15&dbcode=cjfq&dbname=CJFD9498&filename=YHJS199403014	中国计算机用户	1994	1994年03期
为Windows 3.1中文版扩充汉字输入方法	http://sso.cdclib.org/interlibSSO/goto/6/=06190596Z93/kns55/detail.aspx?QueryID=58&CurRec=16&dbcode=cjfq&dbname=CJFD9498&filename=YHJS199403015	中国计算机用户	1994	1994年03期
DOS 3.3也能管理1M以上内存	http://sso.cdclib.org/interlibSSO/goto/6/=06190596Z93/kns55/detail.aspx?QueryID=58&CurRec=17&dbcode=cjfq&dbname=CJFD9498&filename=YHJS199403016	中国计算机用户	1994	1994年03期
如何防止内存驻留程序的反复装入	http://sso.cdclib.org/interlibSSO/goto/6/=06190596Z93/kns55/detail.aspx?QueryID=58&CurRec=18&dbcode=cjfq&dbname=CJFD9498&filename=YHJS199403017	中国计算机用户	1994	1994年03期
反跟踪一技	http://sso.cdclib.org/interlibSSO/goto/6/=06190596Z93/kns55/detail.aspx?QueryID=58&CurRec=19&dbcode=cjfq&dbname=CJFD9498&filename=YHJS199403018	中国计算机用户	1994	1994年03期
图形显示中明暗层次自然过渡的处理方法	http://sso.cdclib.org/interlibSSO/goto/6/=06190596Z93/kns55/detail.aspx?QueryID=58&CurRec=20&dbcode=cjfq&dbname=CJFD9498&filename=YHJS199403019	中国计算机用户	1994	1994年03期
屏幕象素的块拷贝	http://sso.cdclib.org/interlibSSO/goto/6/=06190596Z93/kns55/detail.aspx?QueryID=58&CurRec=21&dbcode=cjfq&dbname=CJFD9498&filename=YHJS199403020	中国计算机用户	1994	1994年03期
用C语言读取磁盘文件位置链表的方法	http://sso.cdclib.org/interlibSSO/goto/6/=06190596Z93/kns55/detail.aspx?QueryID=58&CurRec=22&dbcode=cjfq&dbname=CJFD9498&filename=YHJS199403021	中国计算机用户	1994	1994年03期
丢失硬盘类型参数的修复	http://sso.cdclib.org/interlibSSO/goto/6/=06190596Z93/kns55/detail.aspx?QueryID=58&CurRec=23&dbcode=cjfq&dbname=CJFD9498&filename=YHJS199403022	中国计算机用户	1994	1994年03期
UNIX引导盘的制作与使用	http://sso.cdclib.org/interlibSSO/goto/6/=06190596Z93/kns55/detail.aspx?QueryID=58&CurRec=24&dbcode=cjfq&dbname=CJFD9498&filename=YHJS199403023	中国计算机用户	1994	1994年03期
一种保护AutoLISP开发成果的措施	http://sso.cdclib.org/interlibSSO/goto/6/=06190596Z93/kns55/detail.aspx?QueryID=58&CurRec=25&dbcode=cjfq&dbname=CJFD9498&filename=YHJS199403024	中国计算机用户	1994	1994年03期
2.13H汉字系统繁体字库的生成及打印	http://sso.cdclib.org/interlibSSO/goto/6/=06190596Z93/kns55/detail.aspx?QueryID=58&CurRec=26&dbcode=cjfq&dbname=CJFD9498&filename=YHJS199403025	中国计算机用户	1994	1994年03期
第三讲 Informix PDQ并行数据库查询	http://sso.cdclib.org/interlibSSO/goto/6/=06190596Z93/kns55/detail.aspx?QueryID=58&CurRec=27&dbcode=cjfq&dbname=CJFD9498&filename=YHJS199403026	中国计算机用户	1994	1994年03期
软盘扩容软件800Ⅱ	http://sso.cdclib.org/interlibSSO/goto/6/=06190596Z93/kns55/detail.aspx?QueryID=58&CurRec=28&dbcode=cjfq&dbname=CJFD9498&filename=YHJS199403027	中国计算机用户	1994	1994年03期
游戏克星GAME BUSTER 4.0	http://sso.cdclib.org/interlibSSO/goto/6/=06190596Z93/kns55/detail.aspx?QueryID=58&CurRec=29&dbcode=cjfq&dbname=CJFD9498&filename=YHJS199403028	中国计算机用户	1994	1994年03期
Windows简体中文版汉字输入法的制作	http://sso.cdclib.org/interlibSSO/goto/6/=06190596Z93/kns55/detail.aspx?QueryID=58&CurRec=30&dbcode=cjfq&dbname=CJFD9498&filename=YHJS199403029	中国计算机用户	1994	1994年03期
医院门诊收费系统的设计与实现	http://sso.cdclib.org/interlibSSO/goto/6/=06190596Z93/kns55/detail.aspx?QueryID=58&CurRec=31&dbcode=cjfq&dbname=CJFD9498&filename=YHJS199403030	中国计算机用户	1994	1994年03期
图符用户界面的程序设计	http://sso.cdclib.org/interlibSSO/goto/6/=06190596Z93/kns55/detail.aspx?QueryID=58&CurRec=32&dbcode=cjfq&dbname=CJFD9498&filename=YHJS199403031	中国计算机用户	1994	1994年03期
在C++环境下Windows3.0应用程序的开发	http://sso.cdclib.org/interlibSSO/goto/6/=06190596Z93/kns55/detail.aspx?QueryID=58&CurRec=33&dbcode=cjfq&dbname=CJFD9498&filename=YHJS199403032	中国计算机用户	1994	1994年03期
个人计算机的选择与组装(二)	http://sso.cdclib.org/interlibSSO/goto/6/=06190596Z93/kns55/detail.aspx?QueryID=58&CurRec=34&dbcode=cjfq&dbname=CJFD9498&filename=YHJS199403033	中国计算机用户	1994	1994年03期
中环CT100终端故障维修两例	http://sso.cdclib.org/interlibSSO/goto/6/=06190596Z93/kns55/detail.aspx?QueryID=58&CurRec=35&dbcode=cjfq&dbname=CJFD9498&filename=YHJS199403034	中国计算机用户	1994	1994年03期
多能终端故障排除一例	http://sso.cdclib.org/interlibSSO/goto/6/=06190596Z93/kns55/detail.aspx?QueryID=58&CurRec=36&dbcode=cjfq&dbname=CJFD9498&filename=YHJS199403035	中国计算机用户	1994	1994年03期
CR3240打印机维修三例	http://sso.cdclib.org/interlibSSO/goto/6/=06190596Z93/kns55/detail.aspx?QueryID=58&CurRec=37&dbcode=cjfq&dbname=CJFD9498&filename=YHJS199403036	中国计算机用户	1994	1994年03期
ARC386主机板维修两例	http://sso.cdclib.org/interlibSSO/goto/6/=06190596Z93/kns55/detail.aspx?QueryID=58&CurRec=38&dbcode=cjfq&dbname=CJFD9498&filename=YHJS199403037	中国计算机用户	1994	1994年03期
用7805稳压块巧修四通MS-2401打字机	http://sso.cdclib.org/interlibSSO/goto/6/=06190596Z93/kns55/detail.aspx?QueryID=58&CurRec=39&dbcode=cjfq&dbname=CJFD9498&filename=YHJS199403038	中国计算机用户	1994	1994年03期
喷墨打印技术——告别针式打印机的时代	http://sso.cdclib.org/interlibSSO/goto/6/=06190596Z93/kns55/detail.aspx?QueryID=58&CurRec=40&dbcode=cjfq&dbname=CJFD9498&filename=YHJS199403039	中国计算机用户	1994	1994年03期
“汉王九九”问与答	http://sso.cdclib.org/interlibSSO/goto/6/=06190596Z93/kns55/detail.aspx?QueryID=58&CurRec=41&dbcode=cjfq&dbname=CJFD9498&filename=YHJS199403040	中国计算机用户	1994	1994年03期
致力于开放系统集成的CDC公司	http://sso.cdclib.org/interlibSSO/goto/6/=06190596Z93/kns55/detail.aspx?QueryID=58&CurRec=42&dbcode=cjfq&dbname=CJFD9498&filename=YHJS199403041	中国计算机用户	1994	1994年03期
Control Data地政信息管理集成系统	http://sso.cdclib.org/interlibSSO/goto/6/=06190596Z93/kns55/detail.aspx?QueryID=58&CurRec=43&dbcode=cjfq&dbname=CJFD9498&filename=YHJS199403042	中国计算机用户	1994	1994年03期
CDC公司OA应用解决方案	http://sso.cdclib.org/interlibSSO/goto/6/=06190596Z93/kns55/detail.aspx?QueryID=58&CurRec=44&dbcode=cjfq&dbname=CJFD9498&filename=YHJS199403043	中国计算机用户	1994	1994年03期
协会活动	http://sso.cdclib.org/interlibSSO/goto/6/=06190596Z93/kns55/detail.aspx?QueryID=64&CurRec=1&dbcode=cjfq&dbname=CJFD9498&filename=YHJS199402000	中国计算机用户	1994	1994年02期
编辑部热线	http://sso.cdclib.org/interlibSSO/goto/6/=06190596Z93/kns55/detail.aspx?QueryID=64&CurRec=2&dbcode=cjfq&dbname=CJFD9498&filename=YHJS199402001	中国计算机用户	1994	1994年02期
现在就加入国际公用软件交流网	http://sso.cdclib.org/interlibSSO/goto/6/=06190596Z93/kns55/detail.aspx?QueryID=64&CurRec=3&dbcode=cjfq&dbname=CJFD9498&filename=YHJS199402002	中国计算机用户	1994	1994年02期
国际公用软件交流网问与答	http://sso.cdclib.org/interlibSSO/goto/6/=06190596Z93/kns55/detail.aspx?QueryID=64&CurRec=4&dbcode=cjfq&dbname=CJFD9498&filename=YHJS199402003	中国计算机用户	1994	1994年02期
国际公用软件交流网章程	http://sso.cdclib.org/interlibSSO/goto/6/=06190596Z93/kns55/detail.aspx?QueryID=64&CurRec=5&dbcode=cjfq&dbname=CJFD9498&filename=YHJS199402004	中国计算机用户	1994	1994年02期
部分公用软件简介	http://sso.cdclib.org/interlibSSO/goto/6/=06190596Z93/kns55/detail.aspx?QueryID=64&CurRec=6&dbcode=cjfq&dbname=CJFD9498&filename=YHJS199402005	中国计算机用户	1994	1994年02期
产业动态	http://sso.cdclib.org/interlibSSO/goto/6/=06190596Z93/kns55/detail.aspx?QueryID=64&CurRec=7&dbcode=cjfq&dbname=CJFD9498&filename=YHJS199402006	中国计算机用户	1994	1994年02期
计算机工业经济分析与预测	http://sso.cdclib.org/interlibSSO/goto/6/=06190596Z93/kns55/detail.aspx?QueryID=64&CurRec=8&dbcode=cjfq&dbname=CJFD9498&filename=YHJS199402007	中国计算机用户	1994	1994年02期
反病毒产品潮起潮落 反病毒技术日趋成熟	http://sso.cdclib.org/interlibSSO/goto/6/=06190596Z93/kns55/detail.aspx?QueryID=64&CurRec=9&dbcode=cjfq&dbname=CJFD9498&filename=YHJS199402008	中国计算机用户	1994	1994年02期
计算机反病毒技术及产品综述	http://sso.cdclib.org/interlibSSO/goto/6/=06190596Z93/kns55/detail.aspx?QueryID=64&CurRec=10&dbcode=cjfq&dbname=CJFD9498&filename=YHJS199402009	中国计算机用户	1994	1994年02期
反病毒领域中存在的误区	http://sso.cdclib.org/interlibSSO/goto/6/=06190596Z93/kns55/detail.aspx?QueryID=64&CurRec=11&dbcode=cjfq&dbname=CJFD9498&filename=YHJS199402010	中国计算机用户	1994	1994年02期
手工清除计算机病毒的通用原则与实现方法	http://sso.cdclib.org/interlibSSO/goto/6/=06190596Z93/kns55/detail.aspx?QueryID=64&CurRec=12&dbcode=cjfq&dbname=CJFD9498&filename=YHJS199402011	中国计算机用户	1994	1994年02期
反病毒产品面面观	http://sso.cdclib.org/interlibSSO/goto/6/=06190596Z93/kns55/detail.aspx?QueryID=64&CurRec=13&dbcode=cjfq&dbname=CJFD9498&filename=YHJS199402012	中国计算机用户	1994	1994年02期
如何在Windows下使用“金山”	http://sso.cdclib.org/interlibSSO/goto/6/=06190596Z93/kns55/detail.aspx?QueryID=64&CurRec=14&dbcode=cjfq&dbname=CJFD9498&filename=YHJS199402013	中国计算机用户	1994	1994年02期
用TCTOOLS实现按钮和图形鼠标	http://sso.cdclib.org/interlibSSO/goto/6/=06190596Z93/kns55/detail.aspx?QueryID=64&CurRec=15&dbcode=cjfq&dbname=CJFD9498&filename=YHJS199402014	中国计算机用户	1994	1994年02期
一种实用的平滑放大汉字方法	http://sso.cdclib.org/interlibSSO/goto/6/=06190596Z93/kns55/detail.aspx?QueryID=64&CurRec=16&dbcode=cjfq&dbname=CJFD9498&filename=YHJS199402015	中国计算机用户	1994	1994年02期
锁闭键盘鼠标、保护显示器的实用程序	http://sso.cdclib.org/interlibSSO/goto/6/=06190596Z93/kns55/detail.aspx?QueryID=64&CurRec=17&dbcode=cjfq&dbname=CJFD9498&filename=YHJS199402016	中国计算机用户	1994	1994年02期
用AutoLISP设计立体投影窗口画面	http://sso.cdclib.org/interlibSSO/goto/6/=06190596Z93/kns55/detail.aspx?QueryID=64&CurRec=18&dbcode=cjfq&dbname=CJFD9498&filename=YHJS199402017	中国计算机用户	1994	1994年02期
C语言下汉字快速显示及旋转的实现	http://sso.cdclib.org/interlibSSO/goto/6/=06190596Z93/kns55/detail.aspx?QueryID=64&CurRec=19&dbcode=cjfq&dbname=CJFD9498&filename=YHJS199402018	中国计算机用户	1994	1994年02期
进入子目录的实用方法	http://sso.cdclib.org/interlibSSO/goto/6/=06190596Z93/kns55/detail.aspx?QueryID=64&CurRec=20&dbcode=cjfq&dbname=CJFD9498&filename=YHJS199402019	中国计算机用户	1994	1994年02期
一种强行进入微机SETUP程序的方法	http://sso.cdclib.org/interlibSSO/goto/6/=06190596Z93/kns55/detail.aspx?QueryID=64&CurRec=21&dbcode=cjfq&dbname=CJFD9498&filename=YHJS199402020	中国计算机用户	1994	1994年02期
为五笔字型输入法增添简码提示功能	http://sso.cdclib.org/interlibSSO/goto/6/=06190596Z93/kns55/detail.aspx?QueryID=64&CurRec=22&dbcode=cjfq&dbname=CJFD9498&filename=YHJS199402021	中国计算机用户	1994	1994年02期
CodeBase显示汉化	http://sso.cdclib.org/interlibSSO/goto/6/=06190596Z93/kns55/detail.aspx?QueryID=64&CurRec=23&dbcode=cjfq&dbname=CJFD9498&filename=YHJS199402022	中国计算机用户	1994	1994年02期
为XENIX系统添上路径提示符	http://sso.cdclib.org/interlibSSO/goto/6/=06190596Z93/kns55/detail.aspx?QueryID=64&CurRec=24&dbcode=cjfq&dbname=CJFD9498&filename=YHJS199402023	中国计算机用户	1994	1994年02期
九针打印机仿真二十四针打印机方法概述	http://sso.cdclib.org/interlibSSO/goto/6/=06190596Z93/kns55/detail.aspx?QueryID=64&CurRec=25&dbcode=cjfq&dbname=CJFD9498&filename=YHJS199402024	中国计算机用户	1994	1994年02期
第二讲 Informix动态可伸缩结构	http://sso.cdclib.org/interlibSSO/goto/6/=06190596Z93/kns55/detail.aspx?QueryID=64&CurRec=26&dbcode=cjfq&dbname=CJFD9498&filename=YHJS199402025	中国计算机用户	1994	1994年02期
用PCTOOLS 8.0实现微机的通信	http://sso.cdclib.org/interlibSSO/goto/6/=06190596Z93/kns55/detail.aspx?QueryID=64&CurRec=27&dbcode=cjfq&dbname=CJFD9498&filename=YHJS199402026	中国计算机用户	1994	1994年02期
双机通讯软件FILELINK	http://sso.cdclib.org/interlibSSO/goto/6/=06190596Z93/kns55/detail.aspx?QueryID=64&CurRec=28&dbcode=cjfq&dbname=CJFD9498&filename=YHJS199402027	中国计算机用户	1994	1994年02期
软件加密工具:指纹磁盘生成器	http://sso.cdclib.org/interlibSSO/goto/6/=06190596Z93/kns55/detail.aspx?QueryID=64&CurRec=29&dbcode=cjfq&dbname=CJFD9498&filename=YHJS199402028	中国计算机用户	1994	1994年02期
多版本DOS安装工具MDS	http://sso.cdclib.org/interlibSSO/goto/6/=06190596Z93/kns55/detail.aspx?QueryID=64&CurRec=30&dbcode=cjfq&dbname=CJFD9498&filename=YHJS199402029	中国计算机用户	1994	1994年02期
音乐软件设计	http://sso.cdclib.org/interlibSSO/goto/6/=06190596Z93/kns55/detail.aspx?QueryID=64&CurRec=31&dbcode=cjfq&dbname=CJFD9498&filename=YHJS199402030	中国计算机用户	1994	1994年02期
两台微机间数据传输的联接	http://sso.cdclib.org/interlibSSO/goto/6/=06190596Z93/kns55/detail.aspx?QueryID=64&CurRec=32&dbcode=cjfq&dbname=CJFD9498&filename=YHJS199402031	中国计算机用户	1994	1994年02期
动态字库驻留VRAM高端	http://sso.cdclib.org/interlibSSO/goto/6/=06190596Z93/kns55/detail.aspx?QueryID=64&CurRec=33&dbcode=cjfq&dbname=CJFD9498&filename=YHJS199402032	中国计算机用户	1994	1994年02期
数据库系统的可靠性技术	http://sso.cdclib.org/interlibSSO/goto/6/=06190596Z93/kns55/detail.aspx?QueryID=64&CurRec=34&dbcode=cjfq&dbname=CJFD9498&filename=YHJS199402033	中国计算机用户	1994	1994年02期
增强了Microsoft应用软件功能的Visual Basic	http://sso.cdclib.org/interlibSSO/goto/6/=06190596Z93/kns55/detail.aspx?QueryID=64&CurRec=35&dbcode=cjfq&dbname=CJFD9498&filename=YHJS199402034	中国计算机用户	1994	1994年02期
软驱常见故障维修五例	http://sso.cdclib.org/interlibSSO/goto/6/=06190596Z93/kns55/detail.aspx?QueryID=64&CurRec=36&dbcode=cjfq&dbname=CJFD9498&filename=YHJS199402035	中国计算机用户	1994	1994年02期
键盘“卡键”故障维修	http://sso.cdclib.org/interlibSSO/goto/6/=06190596Z93/kns55/detail.aspx?QueryID=64&CurRec=37&dbcode=cjfq&dbname=CJFD9498&filename=YHJS199402036	中国计算机用户	1994	1994年02期
GW-300显示器无光栅故障的分析与维修	http://sso.cdclib.org/interlibSSO/goto/6/=06190596Z93/kns55/detail.aspx?QueryID=64&CurRec=38&dbcode=cjfq&dbname=CJFD9498&filename=YHJS199402037	中国计算机用户	1994	1994年02期
AST286软驱控制电路维修一例	http://sso.cdclib.org/interlibSSO/goto/6/=06190596Z93/kns55/detail.aspx?QueryID=64&CurRec=39&dbcode=cjfq&dbname=CJFD9498&filename=YHJS199402038	中国计算机用户	1994	1994年02期
个人计算机的选择与组装(一)	http://sso.cdclib.org/interlibSSO/goto/6/=06190596Z93/kns55/detail.aspx?QueryID=64&CurRec=40&dbcode=cjfq&dbname=CJFD9498&filename=YHJS199402039	中国计算机用户	1994	1994年02期
实施EDI的明智选择	http://sso.cdclib.org/interlibSSO/goto/6/=06190596Z93/kns55/detail.aspx?QueryID=64&CurRec=41&dbcode=cjfq&dbname=CJFD9498&filename=YHJS199402040	中国计算机用户	1994	1994年02期
术语浅释	http://sso.cdclib.org/interlibSSO/goto/6/=06190596Z93/kns55/detail.aspx?QueryID=64&CurRec=42&dbcode=cjfq&dbname=CJFD9498&filename=YHJS199402041	中国计算机用户	1994	1994年02期
“中国龙Ⅰ”中文系统问与答	http://sso.cdclib.org/interlibSSO/goto/6/=06190596Z93/kns55/detail.aspx?QueryID=64&CurRec=43&dbcode=cjfq&dbname=CJFD9498&filename=YHJS199402042	中国计算机用户	1994	1994年02期
BIOS扩展键盘读的使用方法	http://sso.cdclib.org/interlibSSO/goto/6/=06190596Z93/kns55/detail.aspx?QueryID=64&CurRec=44&dbcode=cjfq&dbname=CJFD9498&filename=YHJS199402043	中国计算机用户	1994	1994年02期
国际联络委员会举行第一次委员会会议	http://sso.cdclib.org/interlibSSO/goto/6/=06190596Z93/kns55/detail.aspx?QueryID=70&CurRec=1&dbcode=cjfq&dbname=CJFD9498&filename=YHJS199401000	中国计算机用户	1994	1994年01期
’94国际计算机、条码技术和设备展示交流会将在天津举行	http://sso.cdclib.org/interlibSSO/goto/6/=06190596Z93/kns55/detail.aspx?QueryID=70&CurRec=2&dbcode=cjfq&dbname=CJFD9498&filename=YHJS199401001	中国计算机用户	1994	1994年01期
UPS分会召开首届会员大会	http://sso.cdclib.org/interlibSSO/goto/6/=06190596Z93/kns55/detail.aspx?QueryID=70&CurRec=3&dbcode=cjfq&dbname=CJFD9498&filename=YHJS199401002	中国计算机用户	1994	1994年01期
HP分会、CHP公司将举办第二次“周培源CHP奖用金”评选活动	http://sso.cdclib.org/interlibSSO/goto/6/=06190596Z93/kns55/detail.aspx?QueryID=70&CurRec=4&dbcode=cjfq&dbname=CJFD9498&filename=YHJS199401003	中国计算机用户	1994	1994年01期
我们的追求 读者的期望	http://sso.cdclib.org/interlibSSO/goto/6/=06190596Z93/kns55/detail.aspx?QueryID=70&CurRec=5&dbcode=cjfq&dbname=CJFD9498&filename=YHJS199401004	中国计算机用户	1994	1994年01期
SDRC分会工作回顾	http://sso.cdclib.org/interlibSSO/goto/6/=06190596Z93/kns55/detail.aspx?QueryID=70&CurRec=6&dbcode=cjfq&dbname=CJFD9498&filename=YHJS199401005	中国计算机用户	1994	1994年01期
DEC系列机分会召开’93年会	http://sso.cdclib.org/interlibSSO/goto/6/=06190596Z93/kns55/detail.aspx?QueryID=70&CurRec=7&dbcode=cjfq&dbname=CJFD9498&filename=YHJS199401006	中国计算机用户	1994	1994年01期
现在就加入国际公用软件交流网	http://sso.cdclib.org/interlibSSO/goto/6/=06190596Z93/kns55/detail.aspx?QueryID=70&CurRec=8&dbcode=cjfq&dbname=CJFD9498&filename=YHJS199401007	中国计算机用户	1994	1994年01期
国际公用软件交流网章程	http://sso.cdclib.org/interlibSSO/goto/6/=06190596Z93/kns55/detail.aspx?QueryID=70&CurRec=9&dbcode=cjfq&dbname=CJFD9498&filename=YHJS199401008	中国计算机用户	1994	1994年01期
国际公用软件交流网软件清单	http://sso.cdclib.org/interlibSSO/goto/6/=06190596Z93/kns55/detail.aspx?QueryID=70&CurRec=10&dbcode=cjfq&dbname=CJFD9498&filename=YHJS199401009	中国计算机用户	1994	1994年01期
部分公用软件简介	http://sso.cdclib.org/interlibSSO/goto/6/=06190596Z93/kns55/detail.aspx?QueryID=70&CurRec=11&dbcode=cjfq&dbname=CJFD9498&filename=YHJS199401010	中国计算机用户	1994	1994年01期
“清华三艾”杯ITbase知识大奖赛揭晓	http://sso.cdclib.org/interlibSSO/goto/6/=06190596Z93/kns55/detail.aspx?QueryID=70&CurRec=12&dbcode=cjfq&dbname=CJFD9498&filename=YHJS199401011	中国计算机用户	1994	1994年01期
价格信息	http://sso.cdclib.org/interlibSSO/goto/6/=06190596Z93/kns55/detail.aspx?QueryID=70&CurRec=13&dbcode=cjfq&dbname=CJFD9498&filename=YHJS199401012	中国计算机用户	1994	1994年01期
图新信息	http://sso.cdclib.org/interlibSSO/goto/6/=06190596Z93/kns55/detail.aspx?QueryID=70&CurRec=14&dbcode=cjfq&dbname=CJFD9498&filename=YHJS199401013	中国计算机用户	1994	1994年01期
产品技术专题:汉卡——回首汉卡来时路	http://sso.cdclib.org/interlibSSO/goto/6/=06190596Z93/kns55/detail.aspx?QueryID=70&CurRec=15&dbcode=cjfq&dbname=CJFD9498&filename=YHJS199401014	中国计算机用户	1994	1994年01期
汉字系统与汉卡技术	http://sso.cdclib.org/interlibSSO/goto/6/=06190596Z93/kns55/detail.aspx?QueryID=70&CurRec=16&dbcode=cjfq&dbname=CJFD9498&filename=YHJS199401015	中国计算机用户	1994	1994年01期
第二届多媒体研讨会在杭州举行	http://sso.cdclib.org/interlibSSO/goto/6/=06190596Z93/kns55/detail.aspx?QueryID=70&CurRec=17&dbcode=cjfq&dbname=CJFD9498&filename=YHJS199401016	中国计算机用户	1994	1994年01期
磁卡机自动读写软件研制成功	http://sso.cdclib.org/interlibSSO/goto/6/=06190596Z93/kns55/detail.aspx?QueryID=70&CurRec=18&dbcode=cjfq&dbname=CJFD9498&filename=YHJS199401017	中国计算机用户	1994	1994年01期
汉卡配接的各类应用软件	http://sso.cdclib.org/interlibSSO/goto/6/=06190596Z93/kns55/detail.aspx?QueryID=70&CurRec=19&dbcode=cjfq&dbname=CJFD9498&filename=YHJS199401018	中国计算机用户	1994	1994年01期
汉卡市场异彩纷呈 用户如何情有独钟	http://sso.cdclib.org/interlibSSO/goto/6/=06190596Z93/kns55/detail.aspx?QueryID=70&CurRec=20&dbcode=cjfq&dbname=CJFD9498&filename=YHJS199401019	中国计算机用户	1994	1994年01期
汉卡及汉字系统产品	http://sso.cdclib.org/interlibSSO/goto/6/=06190596Z93/kns55/detail.aspx?QueryID=70&CurRec=21&dbcode=cjfq&dbname=CJFD9498&filename=YHJS199401020	中国计算机用户	1994	1994年01期
内存单元监视器	http://sso.cdclib.org/interlibSSO/goto/6/=06190596Z93/kns55/detail.aspx?QueryID=70&CurRec=22&dbcode=cjfq&dbname=CJFD9498&filename=YHJS199401021	中国计算机用户	1994	1994年01期
用程序解释按键系列	http://sso.cdclib.org/interlibSSO/goto/6/=06190596Z93/kns55/detail.aspx?QueryID=70&CurRec=23&dbcode=cjfq&dbname=CJFD9498&filename=YHJS199401022	中国计算机用户	1994	1994年01期
推镜头显示效果的实现	http://sso.cdclib.org/interlibSSO/goto/6/=06190596Z93/kns55/detail.aspx?QueryID=70&CurRec=24&dbcode=cjfq&dbname=CJFD9498&filename=YHJS199401023	中国计算机用户	1994	1994年01期
给您的显示器装个软开关	http://sso.cdclib.org/interlibSSO/goto/6/=06190596Z93/kns55/detail.aspx?QueryID=70&CurRec=25&dbcode=cjfq&dbname=CJFD9498&filename=YHJS199401024	中国计算机用户	1994	1994年01期
黑白多灰度图象的打印	http://sso.cdclib.org/interlibSSO/goto/6/=06190596Z93/kns55/detail.aspx?QueryID=70&CurRec=26&dbcode=cjfq&dbname=CJFD9498&filename=YHJS199401025	中国计算机用户	1994	1994年01期
中断服务程序的一类特殊用法	http://sso.cdclib.org/interlibSSO/goto/6/=06190596Z93/kns55/detail.aspx?QueryID=70&CurRec=27&dbcode=cjfq&dbname=CJFD9498&filename=YHJS199401026	中国计算机用户	1994	1994年01期
鼠标器——让它作您的快门	http://sso.cdclib.org/interlibSSO/goto/6/=06190596Z93/kns55/detail.aspx?QueryID=70&CurRec=28&dbcode=cjfq&dbname=CJFD9498&filename=YHJS199401027	中国计算机用户	1994	1994年01期
用批命令实现屏蔽操作	http://sso.cdclib.org/interlibSSO/goto/6/=06190596Z93/kns55/detail.aspx?QueryID=70&CurRec=29&dbcode=cjfq&dbname=CJFD9498&filename=YHJS199401028	中国计算机用户	1994	1994年01期
如何在C语言中实现DOS SHELL	http://sso.cdclib.org/interlibSSO/goto/6/=06190596Z93/kns55/detail.aspx?QueryID=70&CurRec=30&dbcode=cjfq&dbname=CJFD9498&filename=YHJS199401029	中国计算机用户	1994	1994年01期
多用户操作系统下的仿DEBUG程序——UDB	http://sso.cdclib.org/interlibSSO/goto/6/=06190596Z93/kns55/detail.aspx?QueryID=70&CurRec=31&dbcode=cjfq&dbname=CJFD9498&filename=YHJS199401030	中国计算机用户	1994	1994年01期
简便有效地隐去FoxBASE“点信息”	http://sso.cdclib.org/interlibSSO/goto/6/=06190596Z93/kns55/detail.aspx?QueryID=70&CurRec=32&dbcode=cjfq&dbname=CJFD9498&filename=YHJS199401031	中国计算机用户	1994	1994年01期
利用WPS打印高级语言的数据	http://sso.cdclib.org/interlibSSO/goto/6/=06190596Z93/kns55/detail.aspx?QueryID=70&CurRec=33&dbcode=cjfq&dbname=CJFD9498&filename=YHJS199401032	中国计算机用户	1994	1994年01期
第一讲 Informix产品及发展方向	http://sso.cdclib.org/interlibSSO/goto/6/=06190596Z93/kns55/detail.aspx?QueryID=70&CurRec=34&dbcode=cjfq&dbname=CJFD9498&filename=YHJS199401033	中国计算机用户	1994	1994年01期
比PCTOOLS更优秀的工具软件XTG2.0	http://sso.cdclib.org/interlibSSO/goto/6/=06190596Z93/kns55/detail.aspx?QueryID=70&CurRec=35&dbcode=cjfq&dbname=CJFD9498&filename=YHJS199401034	中国计算机用户	1994	1994年01期
FoxBASE全编译软件QS1使用经验	http://sso.cdclib.org/interlibSSO/goto/6/=06190596Z93/kns55/detail.aspx?QueryID=70&CurRec=36&dbcode=cjfq&dbname=CJFD9498&filename=YHJS199401035	中国计算机用户	1994	1994年01期
如何使用Print Master Plus	http://sso.cdclib.org/interlibSSO/goto/6/=06190596Z93/kns55/detail.aspx?QueryID=70&CurRec=37&dbcode=cjfq&dbname=CJFD9498&filename=YHJS199401036	中国计算机用户	1994	1994年01期
致读者	http://sso.cdclib.org/interlibSSO/goto/6/=06190596Z93/kns55/detail.aspx?QueryID=70&CurRec=38&dbcode=cjfq&dbname=CJFD9498&filename=YHJS199401037	中国计算机用户	1994	1994年01期
TVGA图象模式的应用	http://sso.cdclib.org/interlibSSO/goto/6/=06190596Z93/kns55/detail.aspx?QueryID=70&CurRec=39&dbcode=cjfq&dbname=CJFD9498&filename=YHJS199401038	中国计算机用户	1994	1994年01期
最新立体文件格式分析和调用	http://sso.cdclib.org/interlibSSO/goto/6/=06190596Z93/kns55/detail.aspx?QueryID=70&CurRec=40&dbcode=cjfq&dbname=CJFD9498&filename=YHJS199401039	中国计算机用户	1994	1994年01期
PC计算机的打印机控制	http://sso.cdclib.org/interlibSSO/goto/6/=06190596Z93/kns55/detail.aspx?QueryID=70&CurRec=41&dbcode=cjfq&dbname=CJFD9498&filename=YHJS199401040	中国计算机用户	1994	1994年01期
令人耳目一新的Microsoft Visual C++	http://sso.cdclib.org/interlibSSO/goto/6/=06190596Z93/kns55/detail.aspx?QueryID=70&CurRec=42&dbcode=cjfq&dbname=CJFD9498&filename=YHJS199401041	中国计算机用户	1994	1994年01期
一种实用的八位D/A转换电路	http://sso.cdclib.org/interlibSSO/goto/6/=06190596Z93/kns55/detail.aspx?QueryID=70&CurRec=43&dbcode=cjfq&dbname=CJFD9498&filename=YHJS199401042	中国计算机用户	1994	1994年01期
LQ—1600K打印机常见故障及维修	http://sso.cdclib.org/interlibSSO/goto/6/=06190596Z93/kns55/detail.aspx?QueryID=70&CurRec=44&dbcode=cjfq&dbname=CJFD9498&filename=YHJS199401043	中国计算机用户	1994	1994年01期
RS—232C通信接口故障排除两例	http://sso.cdclib.org/interlibSSO/goto/6/=06190596Z93/kns55/detail.aspx?QueryID=70&CurRec=45&dbcode=cjfq&dbname=CJFD9498&filename=YHJS199401044	中国计算机用户	1994	1994年01期
终端常见故障检修	http://sso.cdclib.org/interlibSSO/goto/6/=06190596Z93/kns55/detail.aspx?QueryID=70&CurRec=46&dbcode=cjfq&dbname=CJFD9498&filename=YHJS199401045	中国计算机用户	1994	1994年01期
显示器维修四例	http://sso.cdclib.org/interlibSSO/goto/6/=06190596Z93/kns55/detail.aspx?QueryID=70&CurRec=47&dbcode=cjfq&dbname=CJFD9498&filename=YHJS199401046	中国计算机用户	1994	1994年01期
长城图形中文平台问与答	http://sso.cdclib.org/interlibSSO/goto/6/=06190596Z93/kns55/detail.aspx?QueryID=70&CurRec=48&dbcode=cjfq&dbname=CJFD9498&filename=YHJS199401047	中国计算机用户	1994	1994年01期
Ware一族	http://sso.cdclib.org/interlibSSO/goto/6/=06190596Z93/kns55/detail.aspx?QueryID=70&CurRec=49&dbcode=cjfq&dbname=CJFD9498&filename=YHJS199401048	中国计算机用户	1994	1994年01期
