EPW.EXE——给可执行文件加密		计算机时代	1997	1997年09期	"<正>由美国(休斯顿)的Alan D.Jones编写的这款共享软件,使用户可以方便地给.EXE和.COM这两类DOS的执行文件加上保密口令。该工具软件版本号是4.21,只有一个文件,字节量为4970B,小巧实用,用法简单。由EPW.EXE加密过的执行文件,只在文件的开头部分加上认读密码的调转指针,对执行文件本身不作任何改动。因此,用户使用执行文件的方法和习惯经加密后没有任何改变,使用被加密后的执行文件,原来应该输入的参数照常输入,只是在开始执行时,先在屏幕出现""Password:”,要求输入用户加密的口令。输入的密码正确,执行文件就正常执行。EPW.EXE采用自己特殊的符号记录用户的密码。因此,使用任何磁盘编辑工具或文本查看工具,除了可以看到文件头部增加的该程序名和作者姓名外,是查看不到用户所加密码的。据软件作者声称,靠随机方法试输入密码能解开由EPW所加密的概率为1/429497296。笔者试用时,将经加密后的执行文件用UNTILL95(金蝉脱壳)和CW3.0(拷贝王)进行脱壳处理,均未成功,说明EPW.EXE加密的可靠性还是比较高的。"	http://sso.cdclib.org/interlibSSO/goto/6/=06190596Z93/kcms/detail/detail.aspx?dbCode=cjfq&filename=JSJS199709019&dbname=CJFD9498
反病毒软件F-PROT2.21		计算机时代	1997	1997年06期	<正>概述  F—PROT是由冰岛Frisk Software International公司推出的集预防、查解病毒于一体,功能齐全的反病毒软件,目前在国际上比较流行。而国内的F—PROT多为旧版本。本文介绍较新的2.21版F—PROT2.21功能强大,可查解1870个病毒家族,每个病毒家族包括l—150种病毒,将其Virustop.exe程序驻留内存还可预防病毒。可用于DOS、WINDOWS系统,全菜单形式,操作简单方便。	http://sso.cdclib.org/interlibSSO/goto/6/=06190596Z93/kcms/detail/detail.aspx?dbCode=cjfq&filename=JSJS199706024&dbname=CJFD9498
基于Visual FoxPro的U盘物理序列号与盘符的获取方法		计算机时代	2010	2010年07期	基于Visual FoxPro环境,针对目前性价比高、可移性强的U盘,给出了其物理序列号与对应盘符的析出算法。该方法在软件保护和共享软件注册等方面具有一定的应用价值。	http://sso.cdclib.org/interlibSSO/goto/6/=06190596Z93/kcms/detail/detail.aspx?dbCode=cjfq&filename=JSJS201007021&dbname=CJFD0910
注册表优化专家Super Rabbit		计算机时代	2000	2000年08期	Ｓｕｐｅｒ Ｒａｂｂｉｔ（中文名字为超级兔仔注册表优化软件）能够查找 Ｗｉｎｄｏｗｓ ９８注册表中的垃圾，并给予清除，它的功能与微软的ＲｅｇＣｌｅａｎ相似，但它比ＲｅｇＣｌｅａｎ更好。ＳｕｐｅｒＲａｂｂｉｔ的界面是中文界面，操作方便，功能也比ＲｅｇＣｌｅａｎ强，它能够清除更多的注册表垃圾，这一点ＲｅｇＣｌｅａｎ也做不到。笔者使用后，发现 Ｓｕｐｅｒ Ｒａｂｂｉｔ能迅速地清理注册表中的垃圾，提高系统的性能。１Ｓｕｐｅｒ Ｒａｂｂｉｔ的功能 １）能对系统的注册表进行扫描并清除注册表垃圾。 ２）能对注册表文件进行备份和恢复。 ３）能对系统进行全自动或手工优化，加速 ｗｉｎｄｏｗｓ ９８。２ Ｓｕｐｅ	http://sso.cdclib.org/interlibSSO/goto/6/=06190596Z93/kcms/detail/detail.aspx?dbCode=cjfq&filename=JSJS200008019&dbname=CJFD9902
NOVELL网络管理中的几个问题		计算机时代	2000	2000年06期	在许多学校的机房中，大都采用Novell网络。这样一方面可节约成本，同时也便于管理。然而笔者到过几所学校，发现由于管理中存在的问题，既未发挥网络的优势，也给计算机实验教学带来诸多不便。现就我所遇到的几个问题及其解决的办法简述如下，希望能给从事NOVELL网络管理的同行以帮助。1工作站的启动工作站的启动方式一般有两种：自启动和远程启动。自启动适合于带硬盘的工作站，它是通过硬盘启动以后运行IPX和NETX文件与服务器连接。而远程启动则适合于无盘站或仅带软盘驱动器的工作站，它通过网卡中的启劫芯片调用SYS：LOGIN目录中的NET＄DOS.SYS文件启动工作站。有一学校的计算机房中的所有工作站都仅带	http://sso.cdclib.org/interlibSSO/goto/6/=06190596Z93/kcms/detail/detail.aspx?dbCode=cjfq&filename=JSJS200006016&dbname=CJFD9902
利用STEP3建立自己的屏幕保护程序		计算机时代	2001	2001年11期	ｓｔｅｐ３是一款操作非常简便的制作屏幕保护程序工具。正如它的名字ｓｔｅｐ３一样，利用ｓｔｅｐ３制作一个屏幕保护程序，只需要按照制作模板的要求通过三个步骤就可完成。其制作出的屏幕保护程序的功能也比较健全，如为屏幕保护图片添加文字、音乐；设定屏幕保护背景图案：设定屏幕保护图片出现方式及间隔时间；在生成屏幕保护程序前对实际效果进行预览等。 ｓｔｅｐ３是一个共享软件，有７天的试用期。用户可在ｈｔｔｐ／／ｗｗｗ．ｓｃｒｅｅｎｓａｖｅｒｓｈｏｔ．ｃｏｍ处下载。下载后双击 ｓｔｅｐ３．ｅｘｅ程序图标可实现自动安装。ｓｔｅｐ３默认的安装目录是ｃ：、ｓｔｅｐ３。不用时，可通过“控制面板”中的“添加／删除”程序进	http://sso.cdclib.org/interlibSSO/goto/6/=06190596Z93/kcms/detail/detail.aspx?dbCode=cjfq&filename=JSJS200111017&dbname=CJFD9902
VFP应用技巧三则		计算机时代	2001	2001年05期	１设置表格的计算公式 在设计输入记录的表单程序时，一般在表单中加入表格控件，将表格控件与某个表绑定。通过编辑表格的数据来编辑表的记录。在编辑数据过程中，为了能看到表中计算字段的值（如：工资表的收入合计），就需要设置表格的计算公式。为此，在表格控件的ＡｆｔｅｒＲｏｗＣｏｌＣｈａｎｇｅ事件中加入代码，当修改了表格的任一个单元格数据，并且插入点离开该单元格，便看到该记录的计算字段的结果。 设ｇｚ．ｄｂｆ为存放职工工资的表，ｇｓｂ．ｄｂｆ为存放计算公式的表，它含有两个字段：ｆｉｅｌｄｎａｍｅ（Ｃ，２０）──存放ｇｚ．ｄｂｆ中要计算的字段名，ｇｓ（Ｃ，１００）──存放对应字段的计算公式。在表单的数据环境	http://sso.cdclib.org/interlibSSO/goto/6/=06190596Z93/kcms/detail/detail.aspx?dbCode=cjfq&filename=JSJS200105009&dbname=CJFD9902
RegMon介绍及特殊应用		计算机时代	2001	2001年02期	注册表技术是最近的热门话题，各种报刊、杂志都有大量的相关技巧报道。Ｗｉｎｄｏｗｓ系统及相当多的应用程序在注册表中有关键设置。针对在整个运行过程中，系统及应用程序对注册表频繁操作（有读有写）的隐蔽性，及不利于用户了解实际读写操作位置和内容的现状， Ｍａｒｋ Ｒｕｓｓｉｎｏｖｉｃｈ和Ｂｒｙｃｅ Ｃｏｇｓｗｅｌｌ利用 Ｖｉｓｕａｌ Ｃ＋＋６．０和 ＶｔｏｏｌｓＤ ２．０开发了注册表监视程序ＲｅｇＭｏｎ，它能随时监测到系统及应用程序对注册表的操作。笔者在使用该免费软件时发现了一个特殊用途，因此对其作一介绍。１ＲｅｇＭｏｎ简介 Ｒｐｅ全称 Ｒｅｇｉｔｗ Ｍｏｎｉｔｏｒ，下载地址为ｈｔｔＰ： ｌｌＷＷｗ．	http://sso.cdclib.org/interlibSSO/goto/6/=06190596Z93/kcms/detail/detail.aspx?dbCode=cjfq&filename=JSJS200102004&dbname=CJFD9902
网络故障诊断浅谈		计算机时代	2002	2002年01期	１前言 进入新的世纪，全球因特网高速发展。抓住机遇，迎接挑战，我国的网络建设方兴未艾，建网用网的新高潮已经到来。网络诊断是管好、用好网络，使网络发挥最大作用的重要技术工作之一。首先简单介绍网络及路由器的基本概念，简述分层诊断技术，结合讨论路由器各种接口的诊断，综述互联网络连通性故障的排除。2 网络与路由器 网络诊断是一门综合性技术，涉及网络技术的方方面面。首先简单回顾一下网络和路由器的基本概念。 （1）计算机网络是由计算机集合加通信设施组成的系统，即利用各种通信手段，把地理上分散的计算机连在一起，达到相互通信而且共享软件、硬件和数据等资源的系统。计算机网络按其计算机分布范围通常被分为局域网和广	http://sso.cdclib.org/interlibSSO/goto/6/=06190596Z93/kcms/detail/detail.aspx?dbCode=cjfq&filename=JSJS200201004&dbname=CJFD9902
硬盘软件的快速恢复技巧		计算机时代	1998	1998年12期	<正> 作为计算机用户,特别是计算机管理人员,从计算机维护的角度看,有以下两个大伤脑筋的问题,工作过程中它们花费了我们大量的时间:问题一、硬盘软件的维护出现系统软件被删除、硬盘启动不正常等情况时,都需要进行硬盘软件的维护.当前,流行容量为G级的硬盘及基于WIN95/98的系统和应用.而基于WIN95/98的硬盘,若软	http://sso.cdclib.org/interlibSSO/goto/6/=06190596Z93/kcms/detail/detail.aspx?dbCode=cjfq&filename=JSJS199812018&dbname=CJFD9498
网员信箱		中国计算机用户	1994	1994年04期	<正> 9.申请入网至今为什么得不到网员证? 答:有下述几种原因:①在入网办法中已经写清入网者要同时填写网员登记表和汇出入网费,缺其中之一者都视为无效网员而得不到网员证,请申请入网者尽快补齐手续并注明上次寄出时间;②大量通过银行汇款的单据因单位名称不全,又无入网者姓名,致使我们根本不清楚入网费从何汇来而无法与登记表相对,影响了部分网员正式入网。凡在4月前通过银行汇款而至今没收到网员证的入网者,尽快将汇款凭证和入网登记表复印件同时传真至宣传部,以便我们查找。也希望从现在起凡通过银行汇款者请夹带上网员登记表或软件求购单,同时交银行办理,如有的银行不能夹带,请在寄出登记表的同时将汇出凭证复印件一同寄来;③请用正楷书写入网登记表,以免因字迹不清延误网员证的发放。10.共享软件(Shareware)如何向作者注册? 答:因许多入网者对共享软件的概念不清而对选购S类软件产生了疑问,共享软件免费使用时期通常为20～90天,如果使用者想长期合法使用,则要向作者直接注册,并交纳作	http://sso.cdclib.org/interlibSSO/goto/6/=06190596Z93/kcms/detail/detail.aspx?dbCode=cjfq&filename=YHJS199404001&dbname=CJFD9498
如何防止数据共享器共享软件狗		中国计算机用户	1997	1997年Z1期	<正> 软件狗是一种插在计算机并行口上的软硬件结合的加密产品,为多数软件开发商所采用。软件狗一般都有几十或几百字节的非易失性存储空间可供读写,现在较新的软件狗内部还包含了单片机。软件开发者可以通过接口函数和软件狗进行数据交换(即对软件狗进行读写),以检查软件狗是否插在并行口上;或者直接用软件狗附带的工具,加	http://sso.cdclib.org/interlibSSO/goto/6/=06190596Z93/kcms/detail/detail.aspx?dbCode=cjfq&filename=YHJS1997Z1035&dbname=CJFD9498
Delphi 2.0应用程序使用经验三则		中国计算机用户	1997	1997年Z1期	<正> 1.实用抓图程序 在Windows 3.1下,有很多的屏幕图案是利用剪贴板来保存的,也有一些共享软件为用户提供屏幕抓图功能,但由于这些共享软件没有提供源代码,故需要对图形进一步处理时,不得不借助其他的工具。利用Delphi 2.0开发的快速性,我们可以高效地自行编制出符合要求的实用屏幕抓图程序,并可根据特殊需要,任意添加功能。	http://sso.cdclib.org/interlibSSO/goto/6/=06190596Z93/kcms/detail/detail.aspx?dbCode=cjfq&filename=YHJS1997Z1036&dbname=CJFD9498
实用软件		中国计算机用户	1997	1997年35期	这是个以服务为宗旨的栏目！ 本栏目分实用软件,游戏软件、影视精品、休闲园地四部分,介绍网上提供的实用软件、游戏软件、影视节目、休闲等既有用又有趣的内容,目的是为读者工作、生活提供帮助,同时也使读者进一步了解Internet丰富的网上资源。 对于本栏目介绍的共享软件和免费软件,本刊开展了一项邮购服务,考虑联网和邮寄的费用,每张磁盘邮购价为20元,具体请参见栏目中的介绍。	http://sso.cdclib.org/interlibSSO/goto/6/=06190596Z93/kcms/detail/detail.aspx?dbCode=cjfq&filename=YHJS199735008&dbname=CJFD9498
拨号上网的记时软件——Online Meter		中国计算机用户	1997	1997年35期	<正> 拨号上网(即以电话线为数据传输媒介连入Internet网络)的用户通常都根据上网的时间来计费,即上网的时间越长则费用越高。如果你很有钱,不在乎上网的花费,或者交一定的钱后就可以随便使用,那么你没有必要使用和了解OnlineMeter这个软件,但是大多数拨导上网的网络爱好者都希望能够确切知道自己每次上网的日期,起止时间和已经花费了多少钱,这时使用Online Meter就可以达到这个目的。 Online Meter是一个Windows 95下的共享软件,有一定的使用期限,可以去如下的地址下载:http://www.krebsman.com/meter/。它的最新版本是3.0,文件名是onmet_en.zip,文件长度为965612字节。Online Meter3.0与它以前的版本相比较,有	http://sso.cdclib.org/interlibSSO/goto/6/=06190596Z93/kcms/detail/detail.aspx?dbCode=cjfq&filename=YHJS199735026&dbname=CJFD9498
在主页上实现“变脸”动画		中国计算机用户	1997	1997年35期	<正> 怎么样令主页更吸引人?当然是加入动画,声音等多媒体效果。利用小小的共享软件Hilank Morph,可以做出美女变野兽、老板变小狗等特殊的动画效果,(图1为HiJaak Morph的界面)提到Morph,大家可能会想到Michael Jackson在他著名的耗资数百万美元的MTV《Black OrWhite》里那一连串令人眼花缭乱的男女老少,亚非拉夫变脸,现在,利用共享软件HiJaak Morph,你只需分别打开开始和结束图象,选择中间要插入图象的帧数,再单击右下角的go键,就可以轻松地实现这种动画效果。	http://sso.cdclib.org/interlibSSO/goto/6/=06190596Z93/kcms/detail/detail.aspx?dbCode=cjfq&filename=YHJS199735028&dbname=CJFD9498
如何实现NetWare的IDE光驱共享		中国计算机用户	1997	1997年33期	<正> 大家知道,自从NetWare V3.12以来,NetWare就开始支持SCSI光驱的共享了,许多书中都介绍了使用方法,安装也较为容易。但关于IDE光驱共享的问题讲述得并不多,并且没有涉及到一些实际问题。在这里根据我们的实践经验,讲述一下NetWare中实现IDE光驱共享时遇到的问题和一些使用经验。	http://sso.cdclib.org/interlibSSO/goto/6/=06190596Z93/kcms/detail/detail.aspx?dbCode=cjfq&filename=YHJS199733032&dbname=CJFD9498
实用软件		中国计算机用户	1997	1997年32期	这是个以服务为宗旨的栏目! 本栏目分实用软件、游戏软件、影视精品、休闲园地四部分,介绍网上提供的实用软件、游戏软件、影视节目、休闲等既有用又有趣的内容,目的是为读者工作、生活提供帮助,同时也使读者进一步了解Internet丰富的网上资源。 对于本栏目介绍的共享软件和免费软件,本刊开展了一项邮购服务,考虑联网和邮寄的费用,每张磁盘邮购价为20元,具体请参见栏目中的介绍。邮购地址:(102206)北京1038信箱《软件世界》杂志社编辑部。	http://sso.cdclib.org/interlibSSO/goto/6/=06190596Z93/kcms/detail/detail.aspx?dbCode=cjfq&filename=YHJS199732008&dbname=CJFD9498
网上防身术		中国计算机用户	1997	1997年32期	<正> Internet自问世以来,不断充实完善,日益成为获取信息必不可少的工具。然而,当你在使用Intnrnet提供的信息服务时,或组建本系统的网络时,决不能麻痹大意,必须考虑安全措施。由于Internet技术的特点和开放性,它的安全性始终是用户应该考虑的问题。提高网络的安全性包括许多方面,本文就Internet上常见的安全问题作出分析,并给出相应的解决办法,希望能够引起广大网友的注意。	http://sso.cdclib.org/interlibSSO/goto/6/=06190596Z93/kcms/detail/detail.aspx?dbCode=cjfq&filename=YHJS199732016&dbname=CJFD9498
实用软件		中国计算机用户	1997	1997年29期	这是个以服务为宗旨的栏目! 本栏目分实用软件、游戏软件、影视精品、休闲园地四部分,介绍网上提供的实用软件、游戏软件、影视节目、休闲等既有用又有趣的内容,目的尽为读者工作,生活提供帮助,同时也使读者进一步了解Internet丰富的网上资源。 对于本栏目介绍的共享软件和免费软件,本刊开展了一项邮购服务,考虑联网和邮寄的费用,每张磁盘邮购价为20元,具体请参见栏目中的介绍。邮购地址:(102206)北京1038信箱《中国计算机用户》杂志社《网上生活》编辑部。	http://sso.cdclib.org/interlibSSO/goto/6/=06190596Z93/kcms/detail/detail.aspx?dbCode=cjfq&filename=YHJS199729011&dbname=CJFD9498
游戏软件		中国计算机用户	1997	1997年29期	<正> 游戏史上以浪漫而富有幻想著称的法国人开创过一个新的游戏种类,那就是动作冒险类。 还记得充满恐怖的《Alone in dark》(鬼屋魔影)系列吗?法国人破天荒地在电脑上采用三维技术,加入电影的移动视角,结合动作和解谜类游戏的精华创造了一个新的游戏种类——动作冒险。在Doom2一统天下的局面中,游戏公司纷纷跟风制作	http://sso.cdclib.org/interlibSSO/goto/6/=06190596Z93/kcms/detail/detail.aspx?dbCode=cjfq&filename=YHJS199729012&dbname=CJFD9498
共享软件集粹(二)——Internet工具		中国计算机用户	1997	1997年29期	<正> 一般人上网冲浪,主要使用的工具都不外乎浏览器、FTP工具、电子函件管理软件等。其实除此之外,还有一些非常实用的小软件,用好它们,可以大大节省上网的费用呢!例如离线浏览器能够自动下载网址内容,供你在离线状态下慢慢浏览;E-Fax软件可以在Internet上发送Fax,比普通Fax节约费用30％～50％。下面我给大家介绍一些好的Internet工具。	http://sso.cdclib.org/interlibSSO/goto/6/=06190596Z93/kcms/detail/detail.aspx?dbCode=cjfq&filename=YHJS199729020&dbname=CJFD9498
实用软件		中国计算机用户	1997	1997年26期	这是个以服务为宗旨的栏目! 本栏目分实用软件、游戏软件、影视精品、休闲园地四部分,介绍网上提供的实用软件、游戏软件、影视节目、休闲等既有用又有趣的内容,目的是为读者工作、生活提供帮助,同时也使读者进一步了解Internet丰富的网上资源。 对于本栏目介绍的共享软件和免费软件,本刊开展了一项邮购服务,考虑联网和邮寄的费用,每张磁盘邮购价为20元,具体请参见栏目中的介绍。邮购地址:(102206)北京1038信箱《中国计算机用户》杂志社《网上生活》编辑部。	http://sso.cdclib.org/interlibSSO/goto/6/=06190596Z93/kcms/detail/detail.aspx?dbCode=cjfq&filename=YHJS199726009&dbname=CJFD9498
共享软件集粹(一)——少儿教育软件		中国计算机用户	1997	1997年26期	<正> 教育软件一直是个倍受众人瞩目的热门,但如何才能寓教于乐,既得到孩子们的喜爱,又能发挥教育的作用呢?这其实是个国内外的计算机界和教育界人士共同关心的问题。据说在美国有一个身为计算机程序员的母亲,对儿子的数学成绩十分	http://sso.cdclib.org/interlibSSO/goto/6/=06190596Z93/kcms/detail/detail.aspx?dbCode=cjfq&filename=YHJS199726019&dbname=CJFD9498
理想的HTML文档自动转换工具——HTML Transit		中国计算机用户	1997	1997年24期	<正> HTML Transit是一个可将字处理和页面格式文件自动转换为HTML格式文件的共享软件。可以转换的文件格式包括MS Word(*.doc)、WordPerfect(*.wpd)、ASCII(*.txt)、Ami Pro(*.sam)、MS Windows Write(*.wri)在内共8种,可定义统一的转换元素作用于被转换的文件,对于转换的格式、导航、全局等参数可提前设定,是目前较为理想的HTML文档自动转换工具。 为了得到该程序,首先请接入Internet。在WWW浏览器中键入http://www.pccomputing.com,与PC Computing的Web节点相接,然后在1001 Best Downloads页面下的工具软件项下的File Converters类中,选择HTML Transit Converts下	http://sso.cdclib.org/interlibSSO/goto/6/=06190596Z93/kcms/detail/detail.aspx?dbCode=cjfq&filename=YHJS199724035&dbname=CJFD9498
实用软件		中国计算机用户	1997	1997年23期	这是个以服务为宗旨的栏目! 本栏目分实用软件、游戏软件、影视精品、休闲园地四部分,介绍网上提供的实用软件、游戏软件、影视节目、休闲等既有用又有趣的内容,目的是为读者工作、生活提供帮助,同时也使读者进一步了解Internet丰富的网上资源。 对于本栏目介绍的共享软件和免费软件,本刊开展了一项邮购服务,考虑联网和邮寄的费用,每张磁盘邮购价为20元,具体请参见栏目中的介绍。邮购地址:(102206)北京1038信箱《中国计算机用户》杂志社《网上生活》编辑部。	http://sso.cdclib.org/interlibSSO/goto/6/=06190596Z93/kcms/detail/detail.aspx?dbCode=cjfq&filename=YHJS199723010&dbname=CJFD9498
共享软件		中国计算机用户	1997	1997年23期	<正> 共享软件可谓是网上一宝,它们虽然一般都是些小程序,但多数非常实用,给电脑发烧友们带来方便。因此,很多网友都喜欢在网上淘金,搜索共享软件。但你可知道,共享软件并不完全等同干免费软件?说它是试用软件也许更合适些。你可以先试用一段时间,如果觉得这个软件对你有帮助,并想得到作者的技术支持,就可以将它买下;如果觉得没多大用处,当然也可以不买。下面我先将共享软件的发展历史细细道来,并推荐几个好的共享软件站点,有兴趣的网友可以去逛一逛,没准儿会有意想不到的惊喜!	http://sso.cdclib.org/interlibSSO/goto/6/=06190596Z93/kcms/detail/detail.aspx?dbCode=cjfq&filename=YHJS199723014&dbname=CJFD9498
实用软件		中国计算机用户	1997	1997年20期	这是个以服务为宗旨的栏目！ 本栏目分实用软件、游戏软件、影视精品、休闲园地四部分,介绍网上提供的实用软件、游戏软件、影视节目、休闲等既有用又有趣的内容,目的是为读者工作、生活提供帮助,同时也使读者进一步了解Internet丰富的网上资源。 对于本栏目介绍的共享软件和免费软件,本刊开展了一项邮购服务、考虑联网和邮寄的费用,每张磁盘邮购价为20元,具体请参见栏目中的介绍。邮购地址:(102206)北京1038信箱《中国计算机用户》杂志社《网上生活》编辑部。	http://sso.cdclib.org/interlibSSO/goto/6/=06190596Z93/kcms/detail/detail.aspx?dbCode=cjfq&filename=YHJS199720010&dbname=CJFD9498
软件升级		中国计算机用户	1997	1997年17期	<正> 去年,我的一个朋友将“女友2.0”升级为“妻子1.0”。他随即发现该软件占用大量的内存,几乎不给其他的设备留下什么系统资源。而现在他又惊讶地发现该软件正在生成一个更加占用资源的软件:“育儿”。	http://sso.cdclib.org/interlibSSO/goto/6/=06190596Z93/kcms/detail/detail.aspx?dbCode=cjfq&filename=YHJS199717009&dbname=CJFD9498
游戏软件		中国计算机用户	1997	1997年17期	<正> 蚂蚁跑(Ant Run)是一个很有意思的策略游戏,游戏开始时的界面如图8所示,中间游戏板被划分成6×8的网格,每个网格上有不同形状的的通道,这些通道的方向都是随意的。	http://sso.cdclib.org/interlibSSO/goto/6/=06190596Z93/kcms/detail/detail.aspx?dbCode=cjfq&filename=YHJS199717011&dbname=CJFD9498
多媒体之梦		中国计算机用户	1997	1997年08期	<正> 惬意地打开电脑,进入网络,小小荧屏就是一个七彩的世界。先浏览一下网中的《人民日报》、《新民晚报》吧;游戏瘾上来了,便忘形地和不知藏在哪个城市哪个角落的不知姓甚名谁的人玩起了斗个你死我活的游戏;这里发现一些共享软件,赶快下载,噼啪几下,弹指间这些软件被我“窃为己有”;灵感的火花在闪烁,噼哩啪啦敲打,随着键盘欢快的低吟浅唱,又一篇文章完成,再敲一组阿拉伯数字,倾刻间文稿悄无声息地通过电话线发了传真。下班回家,边听音质优美的CD音乐边洗菜做饭;恍惚中又是一个星期六,全家人围半个圈边吃水果边看VCD,荧屏上色彩细腻斑斓,情节精彩动人,正看到兴头上,8岁的女儿忽然吵嚷不止:不看了不看了,我要用电脑画	http://sso.cdclib.org/interlibSSO/goto/6/=06190596Z93/kcms/detail/detail.aspx?dbCode=cjfq&filename=YHJS199708007&dbname=CJFD9498
游戏软件		中国计算机用户	1997	1997年08期	<正> 这是一个由Epic MegaGames开发的共享游戏软件,可在Windows3.x下运行。在游戏中,你是一个10岁的名叫Tyler Norris的男孩,对他来讲,生活非常不容易,他要面对学校、家庭作业,更惨的是,他最近失去了父亲。在过去的几个晚上,他做了几个生动逼真、内容丰富的梦。在梦里,他遇到了各样奇怪的人物并面对和解决	http://sso.cdclib.org/interlibSSO/goto/6/=06190596Z93/kcms/detail/detail.aspx?dbCode=cjfq&filename=YHJS199708021&dbname=CJFD9498
Internet上新闻组阅读软件Free Agent		中国计算机用户	1996	1996年21期	<正> 在Internet网上阅读新闻组的软件确实不少,经常使用的软件有Netscape Navigator、New Xpress、Trumpet News和WinVn等。笔者通过实际应用,将众多的新闻组阅读软件进行了一番比较后觉得,Forte公司的软件Free Agent是一个相当不错的新闻组阅读软件,值得向大家推荐。 获取与安装 Free Agent,顾名思义,就是一个可以免费获得并使用的共享软件。如果你还没有这个软件的话,不妨到站点ftp://	http://sso.cdclib.org/interlibSSO/goto/6/=06190596Z93/kcms/detail/detail.aspx?dbCode=cjfq&filename=YHJS199621027&dbname=CJFD9498
网络操作系统面面观		中国计算机用户	1996	1996年16期	<正> 计算机网络中通常包括服务器、工作站、打印机、网桥、路由器、网关、共享软件、共享数据等多种设备和资源,对这些资源进行管理就是网络操作系统的任务。网络操作系统(NOS)与单机操作系统(OS)有很大的区别: (1)网络操作系统面对多个由通信系统连接起来的、具有独立功能的计算机系统,每个独立系统都有自己的单机操作系统,并由它们管理着本地的资源。一般来说,网络操作系统运行在单机操作系统之上,利用单机操作系统的功能实现对网络中计算机资源的协调和管理,从而达到资源共享。	http://sso.cdclib.org/interlibSSO/goto/6/=06190596Z93/kcms/detail/detail.aspx?dbCode=cjfq&filename=YHJS199616022&dbname=CJFD9498
网络安全障眼法		中国计算机用户	2005	2005年41期	一位“秘书”打电话通知管理部门,需要紧急访问某些信息,但是忘记了新的口令。这时,您千万要慎重行事,因为这里极有可能隐藏着弥天的安全陷阱。	http://sso.cdclib.org/interlibSSO/goto/6/=06190596Z93/kcms/detail/detail.aspx?dbCode=cjfq&filename=YHJS200541038&dbname=CJFD0305
风向标		中国计算机用户	2006	2006年47期	北京鼓励科研人员兼职转化成果本刊讯北京市人事局在近日发布的《关于加强自主创新人才队伍建设的若干政策措施》中提出,北京市鼓励高等院校、科研机构的专业技术人员,在完成本职工作的前提下,创办具有自主知识产权的高新技术企业,兼职从事研究开发成果转化活动。据悉,北京市将把自主创新作为综合评价人才引进的重要指标,鼓励自主创新人才以兼职服务等形式实现“柔性流动”。北京市还将对留学人员来京创业开设“绿色通道”。对携带创新项目或技术回国创业工作的留学人员,采取来去自由的管理政策,并在职称确认、特聘岗位津贴领取等方面提供便捷服务。我国半导体生产线已达47条本刊讯在我国IC产业刚走完40年历程的2005年底,我国共	http://sso.cdclib.org/interlibSSO/goto/6/=06190596Z93/kcms/detail/detail.aspx?dbCode=cjfq&filename=YHJS200647012&dbname=CJFD0608
用道高绳魔高		中国计算机用户	2006	2006年37期	由于利益驱动,病毒“流氓”化这种畸形化发展,与法规缺失存在一定关系。病毒不过是一小段代码,但一个成功的病毒,经过传播后完全有能力破坏任何一个组织的正常活动。经过多年的发展,病毒已经不再是原来的病毒,而且被“流氓”化。近几年一直流行“流氓软件”。简单来说“流氓软件”就是一些强行安装和无法卸载的插件和广告软件、间谍软件、灰色软件等程序统称,由于其广泛地影响了我国绝大多数网民的正常上网和工作,近年来被广大网民和媒体口诛笔伐。2006年是“流氓软件”快速发展的一年,一些恶意插件厂商疯狂推广其插件,一些企业仅靠一个插件年收入就高达上千万元,在互联网利益链条上,有相当多的企业和共享软件作者靠“流氓软件”生	http://sso.cdclib.org/interlibSSO/goto/6/=06190596Z93/kcms/detail/detail.aspx?dbCode=cjfq&filename=YHJS200637004&dbname=CJFD0608
流氓软件遭遇克星?		中国计算机用户	2006	2006年36期	本刊讯记者石菲报道9月11日,中国反流氓软件联盟的发起人董海平将雅虎公司告上了法庭,他要求雅虎公司向自己道歉,提供雅虎助手软件的完全卸载方法,并将他的计算机恢复原貌。这是继9月4日将中搜公司告上法庭后,中国反流氓软件联盟起诉的第二家IT公司。董海平是中国反流氓软件联盟的发起人。该联盟是由网友自发组成的,不属于任何机构和商业公司。目前的组成人员包括发起人、原告、律师、网站维护人员及热心网友,是非赢利组织,所有工作人员都是义务志愿工作。目前,中国反流氓软件联盟已经在北京先后对中搜、雅虎中国两家知名网络公司提起诉讼,状告这两家公司的软件侵犯了网民的个人财产权和隐私权。联盟在诉讼中称,中搜、雅虎中国生	http://sso.cdclib.org/interlibSSO/goto/6/=06190596Z93/kcms/detail/detail.aspx?dbCode=cjfq&filename=YHJS200636009&dbname=CJFD0608
共享软件的生存出口		中国计算机用户	2006	2006年23期	中国的计算机共享软件占有率高达99%以上,一百台计算机里面有九十多台都至少安装了一个共享软件,如果能够帮助它们生存,就会挖掘出更多的市场潜力。	http://sso.cdclib.org/interlibSSO/goto/6/=06190596Z93/kcms/detail/detail.aspx?dbCode=cjfq&filename=YHJS200623014&dbname=CJFD0608
流氓软件的法律问题		中国计算机用户	2006	2006年19期	互联网从诞生一直到现在,都没有脱离现行法律的监管,传统的法律观念,在互联网上也并未过时。	http://sso.cdclib.org/interlibSSO/goto/6/=06190596Z93/kcms/detail/detail.aspx?dbCode=cjfq&filename=YHJS200619042&dbname=CJFD0608
DOS会很快灭亡?		中国计算机用户	1998	1998年33期	不久前,微软公司宣布,DOS已经寿终正寝。随着Windows 98和Windows NT逐步合并到一个统一的32位系统上来,所有迹象都表明16位的DOS将最终从操作系统中消失。	http://sso.cdclib.org/interlibSSO/goto/6/=06190596Z93/kcms/detail/detail.aspx?dbCode=cjfq&filename=YHJS199833004&dbname=CJFD9498
电视会议发展的四个浪潮		中国计算机用户	1998	1998年26期	今天,由于电视会议系统在性能、价格以及与全球计算机网络和电信网络的连接性等方面取得的巨大进步,致使更多的商业机构、政府机关乃至家庭都注意到电视会议系统的重要性。	http://sso.cdclib.org/interlibSSO/goto/6/=06190596Z93/kcms/detail/detail.aspx?dbCode=cjfq&filename=YHJS199826017&dbname=CJFD9498
尺有所短 寸有所长——资深系统管理员谈UNIX与NT		中国计算机用户	1998	1998年24期	如今的NetWare和Windows NT培训班和系统工程师认证考试尽管价格不菲,报名上班、考试的人却越来越多。这一方面反映了随着网络应用的普及对系统管理员的巨大需求,同时也说明为了求职、加薪甚至出国等原因人们希望在技术上“速成”。入门之后听听前辈十多年的系统管理心得,会让你在同别人聊起网络操作系统时更“专业”一些。	http://sso.cdclib.org/interlibSSO/goto/6/=06190596Z93/kcms/detail/detail.aspx?dbCode=cjfq&filename=YHJS199824052&dbname=CJFD9498
LS-120与Zip为未来之冕而战		中国计算机用户	1998	1998年01期	●像当年3寸盘取代5寸盘一样,如今高容量磁盘向1.44MB软盘吹响了进攻的号角。 ●谁将成为下一代磁盘领域的标准,谁能戴上未来高容量磁盘市场的王冠?	http://sso.cdclib.org/interlibSSO/goto/6/=06190596Z93/kcms/detail/detail.aspx?dbCode=cjfq&filename=YHJS199801007&dbname=CJFD9498
VB.NET共享软件注册		计算机系统应用	2005	2005年04期	通过对注册表及系统自定义隐藏文件的操作,以硬盘物理序列号为注册码,并用加密形式保存,对共享软件 起到真正的保护作用,防止破解,提高共享软件合法使用的安全性,并给出部分代码。	http://sso.cdclib.org/interlibSSO/goto/6/=06190596Z93/kcms/detail/detail.aspx?dbCode=cjfq&filename=XTYY200504022&dbname=CJFD0305
DATALINK共享软件目录(二)		计算机系统应用	1994	1994年11期	1AWEEK10．ZIP1AWEEKV1．0：每周可在固定的星期数自动执行指定工作．可用在批文件内1MHZ．ZIP超级CPU加速器不占内存空间，可加快IMHZ附有ASM原始码24DOS11．ZIP转换files．bbs到4DOS用的descript．ion文件，3COPY．ZIP三个拷贝程式附有原始码3CTS．ZIP3CTVS可将目录区及其子目录的文件列出并算出总和，另有多个功能3DMENU．ZIPDOS版3D选单管理系统．可产生画面～流的3D窗口非常驻版，安装简单因为它可以产生批文件3EXPUNGE．ZIP可将文件删除并无法再救回杀伤力很强24DESC307．ZIP4DOS用的自动文件说明4	http://sso.cdclib.org/interlibSSO/goto/6/=06190596Z93/kcms/detail/detail.aspx?dbCode=cjfq&filename=XTYY199411023&dbname=CJFD9498
C/S模式下分布式多任务协同应用的实现		计算机系统应用	1997	1997年10期	一、概述客户／服务器模式下的分布式多任务协同应用与客户／服务器下的其他应用（例如MIS）有所不同，它是在分布式计算环境下关注多任务的运行，因此它的主要目标在于解决多个任务间的协同。1．分布式系统一个分布式计算系统包括软件程序以及在通过通信网络连接起来的各个独立的计算机之间分布的数据资源。分布式应用的体系结构允许各个独立的用户通过连网的计算机共享软件程序和数据资源，通常这些用户在地址上相隔遥远。2．祥件群件，简单地说就是支持协作工作的计算机软件。在过去的几年中，群件原型和商业产品已经在很多领域被开发出来，例如组写作（一群作者同时书写和编辑同一个文档），电子会议（集体参与讨论问题和作出决定）。3．	http://sso.cdclib.org/interlibSSO/goto/6/=06190596Z93/kcms/detail/detail.aspx?dbCode=cjfq&filename=XTYY199710011&dbname=CJFD9498
用好WINDOWS XP中的网络技巧		信息化建设	2004	2004年03期	<正> 目前使用Windows XP的用户越来越多,XP对网络的支持达到了一个前所未有的高度,不过作为新一代的操作系统,有很多人对其某些功能还不是很了解,现在,笔者就给大家介绍几条XP网络方面的技巧。 1.轻松实现共享上网 Windows XP能够轻松实现共享上网,而且还提供了防火墙保护的功能。我们并不需要专门的类似Sysgate、wingate等共享软件去实现Internet连接共享,因为在Windows XP中有一个“Internet连接共享”程序,我们只要按照向导的提示一步步操作下去就可以了(如下图)。	http://sso.cdclib.org/interlibSSO/goto/6/=06190596Z93/kcms/detail/detail.aspx?dbCode=cjfq&filename=XXJS200403029&dbname=CJFD0305
谍影在线		信息化建设	2006	2006年Z1期	<正>日本航空公司通行密码遭泄露日本航空公司发言人近日透露, 一种电脑病毒侵入该公司一名副驾驶员的个人电脑,把电脑内存储的机场禁区通行密码散布到互联网上。无独有偶,一名29岁的波音767副驾驶员在个人电脑中安装了感染病毒的文件	http://sso.cdclib.org/interlibSSO/goto/6/=06190596Z93/kcms/detail/detail.aspx?dbCode=cjfq&filename=XXJS2006Z1032&dbname=CJFD0608
网上自我保护的几个有效技术		信息化建设	2001	2001年12期	随着网络技术的迅猛发展，Interne在国内已经深入寻常百姓家了。上网后，对广大网民来说，网络的安全问题是个特别让人关注的话题。我们都知道，在精彩缤纷的互联网的背后，隐藏着许多利用网络蓄意攻击他人的所谓“黑客”和无孔不入的病毒。它们轻则让你的电脑运行缓慢，直至“死机”；重则格式化你的硬盘，使你的数据灰飞烟灭；还有就是盗用你的上网密码，给你造成巨额损失……凡此种种，不胜枚举。因此，学会在网上进行自我保护的确是个特别重要的技能。以下介绍笔者在网上用过的一些自我保护技巧： 一、申请多个免费信箱。对于不同用途，譬如与亲朋好友通信、订阅电子邮件列表、杂志社投稿等，分门别类地使用不同的信箱。正如股市中的一	http://sso.cdclib.org/interlibSSO/goto/6/=06190596Z93/kcms/detail/detail.aspx?dbCode=cjfq&filename=XXJS200112013&dbname=CJFD9902
硬盘整盘复制拷贝技术		信息化建设	2000	2000年10期	对普通电脑用户而言，实现软盘的整盘复制拷贝是一件轻而易举的事情， ＤＯＳ、 Ｗｉｎｄｏｗｓ、 ＵＮＩＸ等各种操作系统下的软盘复制拷贝专用软件、工具随处可见，可信手牛来帮助大家实现软盘与软盘之间的复制与拷贝。但是，要实现硬盘与硬盘之间的整盘复制与拷贝，就不是一件很容易的事了。但在现实中，由于硬盘升级、硬盘备份、硬盘操作系统迁移、预装机等很多原因，我们常常需要将一个硬盘的整盘内容全部复制到另一个硬盘上，这就要求我们掌握好一种或数种硬盘复制方法。下面，将硬盘整盘复制拷贝方法作一介绍，希望对大家有所裨益。 在复制拷贝前，需要做好如下准备工作，首先必须将你新的硬盘（目标盘）跳线开关置于从盘（ＳＬＡＶＥ盘	http://sso.cdclib.org/interlibSSO/goto/6/=06190596Z93/kcms/detail/detail.aspx?dbCode=cjfq&filename=XXJS200010008&dbname=CJFD9902
一种P2P文件共享监控系统的实现		计算机工程	2007	2007年14期	点对点(P2P)文件共享软件的广泛应用对现有的网络安全造成严重的影响。针对这些问题,该文设计了P2P文件共享监控系统。系统采用分布式防护的方法,安全策略由管理员集中定义,但安全策略的实施位于各个终端之上。与现有监控手段相比,避免了可能造成的性能瓶颈,具有更好的可扩展性,能实现更细的策略控制粒度。	http://sso.cdclib.org/interlibSSO/goto/6/=06190596Z93/kcms/detail/detail.aspx?dbCode=cjfq&filename=JSJC200714048&dbname=CJFD0608
虚拟组织中数据共享环境的构建方法		计算机工程	2006	2006年12期	信息对于虚拟组织的决策起着至关重要的作用。但由于虚拟组织的自身特点而引发的数据结构和语义异构问题已成为影响数据共享的主要障碍。根据虚拟组织的信息共享特点,提出了数据共享环境的基本设计思想和数据共享软件基础设施的逻辑结构,并对相关技术作了深入探讨。	http://sso.cdclib.org/interlibSSO/goto/6/=06190596Z93/kcms/detail/detail.aspx?dbCode=cjfq&filename=JSJC200612022&dbname=CJFD0608
硬盘保护卡设置信息的安全恢复		计算机工程	2008	2008年06期	介绍硬盘保护卡的工作原理及其设置信息的组成结构与存储区域的特点,指出硬盘保护卡在使用过程中出现的一些非常规问题,这些问题产生的主要原因是某些恶意病毒的攻击和某些共享软件的登记操作所导致的硬盘保护卡工作时所依照的设置信息被破坏,并给出了相应问题的解决方案,较好地解决了系统的安全保护问题。	http://sso.cdclib.org/interlibSSO/goto/6/=06190596Z93/kcms/detail/detail.aspx?dbCode=cjfq&filename=JSJC200806104&dbname=CJFD0608
共享软件海外创业		现代计算机(专业版)	2004	2004年09期	近年来,共享软件海外创业正成为一个充满商机的行业,并给国内很多共享软件作者带来了巨大的财富,但由于竞争等原因,很少有文章深入讲述。本文以笔者的实践经验为基础,详细阐述了共享软件现状及其编写思路、销售网站的建立与维护、国外注册代理商的选择及其常用设置、软件销售策略等,对于共享软件业内人士,有着很强的实用和参考价值。	http://sso.cdclib.org/interlibSSO/goto/6/=06190596Z93/kcms/detail/detail.aspx?dbCode=cjfq&filename=XDJS200409007&dbname=CJFD0305
PAD技术在Web信息提交方面的应用研究		现代计算机(专业版)	2011	2011年03期	PAD(便携式应用描述)技术在国外共享软件平台被广泛应用,在一定程度上促进了行业规模的扩大。该项研究是在总结PAD技术特点的基础上,通过分析各网络平台在Web信息提交方面存在的问题,提出PAD应用新模式,并分析该模式的行业推广可行性。	http://sso.cdclib.org/interlibSSO/goto/6/=06190596Z93/kcms/detail/detail.aspx?dbCode=cjfq&filename=XDJS201103012&dbname=CJFD1112
首届中国共享软件及自由软件评选专家谈		现代计算机	2000	2000年12期	２０００年１２月１６日，“首届全国优秀共享软件及自由软件评选活动”在北京举行。聚集着来自软件媒体、著名软件开发人员和软件企业家三方代表聚居一堂，就中国共享软件及自由软件若干问题展开了兴致高昂的讨论。这里有领导热情洋溢的讲话，有企业家深切地企盼，更有来自开发前沿的程序员的声音。所有这些对于我们认识中国共享软件及自由软件的现状、问题和发展都有积极的作用。鉴于此，我们把有关的讨论整理摘录如下： 许建钢（中国软件行业协会副秘书长）：本次活动组织得很不错。我想本次活动就是要把国内优秀的共享软件及自由软件挖掘出来并积极地加以推广。对于共享软件及自由软件这个领域的发展，国家软件行业协会非常重视，希望我们这次	http://sso.cdclib.org/interlibSSO/goto/6/=06190596Z93/kcms/detail/detail.aspx?dbCode=cjfq&filename=XDJS200012027&dbname=CJFD9902
企业网络防治病毒的方案选择要点		现代计算机(专业版)	1999	1999年05期	如果说几年前计算机病毒还只是对单个的PC构成威胁，那么今天，随着计算机网络的普及，网络也就成为病毒可以快速、方便地传播的通道。在网络上病毒传播速度是通过软盘传播的几百、上千倍，因病毒传播而造成整个企业网络的瘫痪和重要数据无可挽回的丢失事故也时有发生，因此加强对企业网络的病毒防范也就成为与防止恶意人侵者一样重要和基本的工作。1计算机病毒在企业网上的传播方式目前多数企业网都采用了Intarnet方案，这是一种使用了Internet技术的局域网。在这类企业网上会有两路不同的病毒威胁。一路威胁来自文件下载。这些被测览的或被下载的文件中可能带有病毒。而共享软件和各种可执行文件，也可能成为病毒传播的重要途	http://sso.cdclib.org/interlibSSO/goto/6/=06190596Z93/kcms/detail/detail.aspx?dbCode=cjfq&filename=XDJS199905027&dbname=CJFD9902
声音		软件世界	2006	2006年24期	无论是企业规模,还是产业比重、出口创汇额,嵌入式系统都显示出了生机勃勃的繁荣景象。然而,在繁荣背后,嵌入式系统暴露的产业链问题也令业界担忧。嵌入式系统原本就是依靠嵌入其他行业产业链而成长壮大,那么,其产业链究竟链断何处?是内部断点还是与外部衔接不畅……—《嵌入式产业链断何处》用互联网的方式解决恶意软件对于恶意软件来说,已经不能完全按照传统管理方式来管理,而是要更充分地考虑它的互联网特征。首先恶意软件的生产机构越来越非机构化、个人化,甚至一些未成年人都可以自行编写。而且互联网本身确实是一种非常好的低成本生产和传播的工具,这跟整个软件行业的互联网转型有惊人的一致性,共享软件很难说清到底是谁编写出来	http://sso.cdclib.org/interlibSSO/goto/6/=06190596Z93/kcms/detail/detail.aspx?dbCode=cjfq&filename=RJSJ200624003&dbname=CJFD0608
流氓软件		软件世界	2006	2006年24期	软件行业从进入中国开始,就成为国际化程度最高、科技含量最高的行业之一。软件业是关系到国家安全和国际竞争的战略性先导产业,它的发展已进入我国产业发展的快车道。2006年末,我们去整理一下整个软件业的热门词汇。SOA、虚拟化、web2.0、反流氓软件、JAVA开源、外包、SAAS、IT服务管理、可信计算、64位……成为这个行业的关键词,正是他们,给软件产业的规模化发展注入新的力量,不断地为中国软件行业的蓬勃发展添枝加叶。	http://sso.cdclib.org/interlibSSO/goto/6/=06190596Z93/kcms/detail/detail.aspx?dbCode=cjfq&filename=RJSJ200624015&dbname=CJFD0608
共享软件:多模式探索之路		软件世界	2006	2006年13期	对于用户来说,共享软件的出现意味着有丰富多彩的软件可供选择;对于软件开发者来说,共享软件让他们发现乃至实现了人生的更多可能;而在探索过程中,人们发现,多样化的赢利模式也是共享软件发展壮大之必须……	http://sso.cdclib.org/interlibSSO/goto/6/=06190596Z93/kcms/detail/detail.aspx?dbCode=cjfq&filename=RJSJ200613027&dbname=CJFD0608
走向多模式时代		软件世界	2006	2006年13期	方兴未艾中国的共享软件产业的兴起始于1999年。同样,也是互联网使中国共享软件得到了蓬勃发展,一大批软件开发者和编程爱好者加入了共享软件作者的行列,涌现出不少优秀的共享软件作品。当时,几乎所有著名的计算机类杂志、期刊都配送一张光盘,收录各种各样的共享软件和自由软件,共享软件由此逐渐繁荣起来。最初,共享软件的作者们也开始效仿他们的海外同行,收取软件注册费用。从最初的邮寄方式,直到今天的依靠软件代理商搭建的平台进行网络分销。也就是说,软件开发者只是负责软件的开发和更新,而软件的发布、推广和销售,支持和服务工作则全部交给专门的代理商来做。中国软件社区的前身——中国共享软件注册中心便是国内最早出现、目	http://sso.cdclib.org/interlibSSO/goto/6/=06190596Z93/kcms/detail/detail.aspx?dbCode=cjfq&filename=RJSJ200613028&dbname=CJFD0608
软件:改变了他们的人生		软件世界	2006	2006年13期	他们也许是一群非专业的软件作者,却为人们创作了一大批丰富多彩的共享软件。更重要的是,他们找到了实现自身价值的另一种方式,人生也因此有了更多可能。自己给自己机会“原因嘛,一个是懒,另外一个是个人兴趣。”2006年6月的一天,当记者问起顾方为什么能够不断地开发出新的共享软件时,他在电话那一头的无锡笑着回答。顾方是一个多产的共享软件作者。他最新的休闲游戏软件作品“阿达连连看”,很受女性办公族和白领人群欢迎。如果说作家写作是一种创作活动的话,那么众多共享软件作者的软件开发也是一种创作活动。顾方的软件创作活动始于2000年,最早他开发的软件,只是放在网上供网友免费使用。当共享软件平台在国内出现后,顾方开	http://sso.cdclib.org/interlibSSO/goto/6/=06190596Z93/kcms/detail/detail.aspx?dbCode=cjfq&filename=RJSJ200613029&dbname=CJFD0608
软件质量 与版本无关		软件世界	2006	2006年07期	软件的质量并不一定会随着版本的增加而提高,不要盲目追求新版本,而应量力而行。	http://sso.cdclib.org/interlibSSO/goto/6/=06190596Z93/kcms/detail/detail.aspx?dbCode=cjfq&filename=RJSJ200607019&dbname=CJFD0608
通用软件通向何方?		软件世界	2004	2004年05期	用友和金蝶等国内的管理软件厂商,已经在与国外对手的争夺战中占据了国内市场的半壁江山,最近又在积极地酝酿国际化,然而本应扮演中国软件产业大厦基石角色的国内的通用软件企业,却迟迟未能长大,甚至还要为了生存而苦苦挣扎!在这场煎熬里究竟有几家通用软件厂商能够挺过去?	http://sso.cdclib.org/interlibSSO/goto/6/=06190596Z93/kcms/detail/detail.aspx?dbCode=cjfq&filename=RJSJ200405018&dbname=CJFD0305
综合新闻		软件世界	2001	2001年01期	信息产业部２００１年经济运行与调节工作会议举行１２月１６日～１８日，信息产业部２００１年经济运行与调节工作会议在福建省省会福州市举行，来自全国各省、自治区、宣辖市主管部门的８０多位代表到会。会上，信息产业部曲维枝副部长分析了２０００年国内信息产业发展状况及２００１年面临的形势，并对今后的工作任务做了指示。外经贸部、国家经贸委、国家计委的领导同志列席了本次会议。“首届全国优秀共享软件及自由软件评选活动”召开专家预选会２０００年１２月１６日，由“中国软件行业协会”主办，北京百联美达美公司旗下的“中国软件网”和《程序员》杂志联合承办的“首届全国优秀共享软件及自由软件评选活动”专家预选会正式拉开帷幕。	http://sso.cdclib.org/interlibSSO/goto/6/=06190596Z93/kcms/detail/detail.aspx?dbCode=cjfq&filename=RJSJ200101009&dbname=CJFD9902
利用Windows 98第二版实现Internet连接共享		软件世界	2000	2000年07期	本文介绍了利用Windows98第二版自带的Internet连接共享功能实现用一条电话线,一个Modem,一个帐号就能将整个局域网中的所有PC连接至Internet中的方法．利用Windows98本身的Internet连接共享功能实现Internet连接共享不需要任何其他硬件、软件的支持，它也不像其他实现此功能的代理软件像WinGate、SyGate等有时间限制的共享软件,过一月就要注册付费使用．对于有10－20台计算机的网吧来说付费注册是一笔不小的投资．我们在多个网吧的设计中使用了Windows98第二版的Internet连接共享功能、应用非常方便在此推荐给大家使用。Windows98第二版	http://sso.cdclib.org/interlibSSO/goto/6/=06190596Z93/kcms/detail/detail.aspx?dbCode=cjfq&filename=RJSJ200007034&dbname=CJFD9902
产品超市		软件世界	2000	2000年04期	佳能顶级数码相机ＥＯＳ　Ｄ２０００ 日本佳能公司在推出其传统相机旗舰型号ＥＯＳ－１Ⅴ时，并没有忘记在新兴的数码影像领域拓宽自己的势力。日前，佳能推出了其顶级的数码相机ＥＯＳ Ｄ２０００。 ＥＯＳ ０２０００采用了全新开发的２００万像素ＣＣＤ可以为摄影者提供高质量的图像和精确的色彩还原。其小巧的外形比原先的ＥＯＳ ＤＣＳ矮３８ｍｍ。 ＥＯＳ Ｄ２０００保留了ＥＯＳ－１Ｎ的功能和出色的操 作性，并可以使用任何一支ＥＦ系列镜头。其大 容量的缓存（３２ＭＢ）可以处理每秒 ３．５张的连拍，一次可以连续拍摄多达到１２张。ＥＯＳ Ｄ２０００内置１．８英寸的彩色液晶显示器。另外，ＥＯＳ Ｄ２０００内置了麦克风	http://sso.cdclib.org/interlibSSO/goto/6/=06190596Z93/kcms/detail/detail.aspx?dbCode=cjfq&filename=RJSJ200004021&dbname=CJFD9902
硬件测试专家HWiNFO		软件世界	2000	2000年04期	如果您是一个ＤＩＹ（Ｄｏ　 Ｉｔ Ｙｏｕｒｓｅｌｆ）爱好者，可能需要对你电脑的“五脏六腑”知道得一清二楚。尤其在超频的时候，更是要搞清一些硬件（例如主板、ＣＰＵ、内存等）的参数，否则后果不堪设想。 现在的计算机市场上有一些硬件采取了“瞒天过海”的招数，有的从表面就可以鉴别出来，但是有的表面上与正品看不出什么区别，实质上却大相径庭，在使用了一段时间之后就会“露馅”，这样不仅麻烦，有时还会造成别的硬件的损坏。所以，去购买计算机硬件的时候，可能总会担心商家给你的货不真、价不实。这时，您可以找一些行家来帮忙鉴别。但是有时候眼见却不一定为实，那怎么办呢？ 我这里向您推荐个很有名、很流行的堪称“硬件测试专	http://sso.cdclib.org/interlibSSO/goto/6/=06190596Z93/kcms/detail/detail.aspx?dbCode=cjfq&filename=RJSJ200004028&dbname=CJFD9902
防患未然谈加密		软件世界	2000	2000年02期	加密一词来源已久，自从人们希望对自己私人的信息得到保护开始，就有了加密这个概念。软件行业的加密是软件厂商为了保护软件开发的利润而采取的一种软件保护方式，加密的好坏直接影响到软件的销售。各种加密方案分析当前软件加密方法多种多样，已经不可能找出一种分类方...	http://sso.cdclib.org/interlibSSO/goto/6/=06190596Z93/kcms/detail/detail.aspx?dbCode=cjfq&filename=RJSJ200002007&dbname=CJFD9902
产品超市		软件世界	2000	2000年01期	宏基电脑的代表产品Ａｓｐｉｒｅ已历经８代的演变推新，近日第八代产品的增强机种Ａｓｐｉｒｅ再度推出。Ａｓｐｉｒｅ６６４００在原有功能设计的基础上又新增加了面向英特网及多媒体两方面应用的６个功能。Ａｓｐｉｒｅ６４００硬件设讨更强调高性能、高速度。它采用Ｉ...	http://sso.cdclib.org/interlibSSO/goto/6/=06190596Z93/kcms/detail/detail.aspx?dbCode=cjfq&filename=RJSJ200001020&dbname=CJFD9902
看图“专家”──Firehand　Ember		软件世界	2000	2000年01期	一、简介ＦｉｒｅｈａｎｄＥｍｂｅｒ是Ｆｉｒｅｈａｎｄ技术公司推出的一个看图管理的共享软件，也是一个显示图片速度很快的高性能图像测览工具，在国外、颇受人青睬，功能强大并可以提供输出功能，是ＡＣＤＳｅｅ的一个劲敌。它运行在Ｗｉｎｄｏｗｓ９Ｘ／ＮＴ操作系统...	http://sso.cdclib.org/interlibSSO/goto/6/=06190596Z93/kcms/detail/detail.aspx?dbCode=cjfq&filename=RJSJ200001027&dbname=CJFD9902
产品超市		软件世界	1999	1999年12期	柯达ＤＣＳ６６０专业数码相机柯达公司两次报出全新的柯达ＤＣＳ６６０专业数码相机，以６００方像素的超高解像度，满足专业人士对影像品质的特别需求，更显现出柯达公司数码影像市场领导者的形象全新的柯达ＤＣＳ６６０专业数码相机以尼康顶级Ｆ５专业相机作基础，装配有柯达最先进的氧化铟得影像感应器（ＩＴＯＣＣＤ）。它能有效地加强感应器对蓝光的感应度，在改善整体照片品质之余，更能提供更高解像度。同时，柯达还成功地大幅减Ｉｋ光晕（ｈｉ０００ｆｉｇｅｆｆｅｃｔｓ），Ｍ影ｌ＄Ｉｇｍ清晰鲜明。柯达的专业数码用机是市场上啦一应用高达６００方１９素ＣＣＤ感应器的数码相机，为专业摄影人１提供高解１＆度及高影１＆还原度的影像效	http://sso.cdclib.org/interlibSSO/goto/6/=06190596Z93/kcms/detail/detail.aspx?dbCode=cjfq&filename=RJSJ199912028&dbname=CJFD9902
netTerm远程登录软件──让牛郎织女不再寂寞		软件世界	1999	1999年08期	远程登录（Telnet）是网络资源共享的重要途径，它所发挥的作用覆盖了从修改密码、收发邮件到发布电子公告、网络协同编程等诸多方面，而在网上最为流行的Telnet客户端程序恐怕就要首推InterSoft公司编制的共享软件NetTerm了。目前很多BBS都支持WWW浏览，但仍有大量用户利用NetTerm上BBS，这主要是因为该软件操作简洁，功能实用，而且对远程主机环境具有良好的设置能力。正像笔者的一些朋友所说的，他们从第一天接触BBS起就开始与NetTerm相依为命，NetTerm一直是他们心目中最理想的BBS浏览器。新版本NetTerm4.2.9的下载文件大小为962kB，直接执行即可安装。安装	http://sso.cdclib.org/interlibSSO/goto/6/=06190596Z93/kcms/detail/detail.aspx?dbCode=cjfq&filename=RJSJ199908035&dbname=CJFD9902
警惕黑客的侵袭──写给网络用户		软件世界	1999	1999年08期	随着网络技术的日渐发展，“黑客”（Hacker）这一带有几分神秘的群体也应运而生。由于他们的存在，网络已不再安宁。黑客们使用各类方法进攻计算机系统，给信息安全带来了很大危机。黑客信奉一个准则：“所有的信息都应是免费的”，换句话说，也就是网络上所有的信息都应是共享的。他们对任何经过加密的数据都抱有浓厚的兴趣，许多国家的政府机构、军事部门、大银行、大公司都屡遭黑客攻入。这类黑客以先进的监测设备、雄厚的网络知识为依托，专门攻击一些要害部门，一般说来他们对个人用户兴趣不大。笔者在本又中要提醒广大个人用户注意的则是另一类黑客，他们以满足个人物质或心理需求为目的，大肆窃取上网用户的个人帐号、密码，轻者来个	http://sso.cdclib.org/interlibSSO/goto/6/=06190596Z93/kcms/detail/detail.aspx?dbCode=cjfq&filename=RJSJ199908038&dbname=CJFD9902
Windows98集成的网络实用工具		软件世界	1999	1999年07期	一、前言作为一个网络时代的桌面操作系统，Windows98较其前几代Windows产品增加的不仅是用户能够直接感受到的对了CP／IP协议族等各种网络协议的支持和内嵌的免费测览器IE，在Win－dows98操作系统中，还集成了完备齐全、功能强大的网络实用工具，能够对网络应用的各个层次、不同万面进行监测、分析、维护、管理等支持。只是由干这些工具不能盲接在“开始”菜单中选择，加之大多数工具表现为传统的命令行界面，因而被大多数普通用户所忽略。而作为与操作系统集成的网络工早，其质量和可靠性与网上的务种免费共享软件相比，当然更加令人放心。既能够免除复杂的安装设置过程，万便快捷地调用，又可以避免回上搜寻下载	http://sso.cdclib.org/interlibSSO/goto/6/=06190596Z93/kcms/detail/detail.aspx?dbCode=cjfq&filename=RJSJ199907033&dbname=CJFD9902
控制窗口的大小和位置Zmoyer　4.0		软件世界	1999	1999年07期	ZMOVVV4D（httP。／／WWW．bast己C0m／S0ftwa厂e／SetuDZN0ver．oxe，312kB）是以出品Buzof而著名的B0sto000PUting（httP／／＊＊WgastaC00／）公Ellogo年sn12D上载的基干WIDd0WSgs／g8川了操作系统平台的共享软件〔3o天免费试用）。这个程序的主要功能就是控制桌面上窗口的层次。1．功能概述有了ZMOVO厂程序，用户就可以控讳IJ桌面上应用程序窗口的大小、位琶及层次。可以随时设置一个应用程序窗口的层次，也可以维护一个需要设置为特定大小、位置及层次的应用程序窗口列表，以便当这些窗口出现的时候自动使用设定的属性。举	http://sso.cdclib.org/interlibSSO/goto/6/=06190596Z93/kcms/detail/detail.aspx?dbCode=cjfq&filename=RJSJ199907054&dbname=CJFD9902
壁纸管理的最高境界Wallpaper　Magic　2.0		软件世界	1999	1999年07期	1．基本信息W0110a0erM0rlr20httr／／www．n000sottwore．eom／on卜W口mjatest．exe，34HkB）是NAPAS0ftwore软件公ghl19gg年4Pig日上载的基于WIDd0WSgs／g8／N丁操作系统平台的共享软件，其功能就是从网络上抓取桌面壁纸并建立一个壁纸幻灯播放系统。2．功能概述Wall0己De厂Mu7C程序帮助用尸在网海j中浪的时候收集壁纸，进而为操作系统的桌面赋予新的生命。虽然微软测览器和网景洲览器都允许用户将侧览过程中遇到的图片设置为壁纸，俚是功能十分简单，远远不安口WallDaPe厂Mag］C程序这样专业化。高了Wa｝ID己PP厂	http://sso.cdclib.org/interlibSSO/goto/6/=06190596Z93/kcms/detail/detail.aspx?dbCode=cjfq&filename=RJSJ199907055&dbname=CJFD9902
敢称第一的提醒程序1stNote		软件世界	1999	1999年07期	1．基本信息现代社会一个最大的特征就是人们都比较忙碌。而人一忙碌起来就容易忘记事情。这也许就是IstN0t0程序的意义所在吧。IStN0te20（httD：／／WWW.arclab.COW/products／1Stnote／download／lStnote.Zip．1.26MB）是arclabSoftware（http：／／WWW.arclab.Com叫公司1999年5月12日上载的基于Wiodows95／98／NT操作系统平台的共享软件。它的功能就是在桌面上添加定时通知。2．功能概述这个程序让用尸在桌面上添加大小和颜色司以定制的窗口来显示事先设置的通知信息。通知的数目不受限制。程序支持对通知	http://sso.cdclib.org/interlibSSO/goto/6/=06190596Z93/kcms/detail/detail.aspx?dbCode=cjfq&filename=RJSJ199907056&dbname=CJFD9902
在微软邮件中使用多个通讯簿Address　Book　Swapper		软件世界	1999	1999年07期	1．基本信息AdressBookSwapper4.0（http：／／home.clara.net／ofori－boateng／aswap.zip，343kB）EtherealInnovations公司（http：／／ethereal.biz-page.com／）于1999年4月29日上载的基于Windows95／98／NT操作系统平台的共享软件，其主要功能就是在Outl00kExpress中维护和使用多个通讯簿。程序需要在VisualBasic5．0runtime模块的支持下，配合out-lookExpress程序运行。有了这个程序，用户就能够添加和使用多个通讯簿，进而对众多的电子信箱地址进行	http://sso.cdclib.org/interlibSSO/goto/6/=06190596Z93/kcms/detail/detail.aspx?dbCode=cjfq&filename=RJSJ199907057&dbname=CJFD9902
共享软件网络信息获取程序Netlnfo		软件和集成电路	1999	1999年06期	对于大多数用户而言，网络的种种属性都是不透明的。为了增加使用网络过程中的透明感，可以尝试一个叫做ＮｅｙＩｎｆｏ的共享软件、ＮｅｔＩｎｆｏ３．２（ｈｔｔｐ：／／ｗｗｗ．ｄｏｗｎｌｏａ.ｃｏｍ，ｎｅｔｉｎｆｏ.ｚｉｐ，１２４０ｋＢ）是Ａｌｅｘａｎｄｅｒ　Ｔｓａｒｆｉｎ公司（ｈｔｔｐ：／／ｗｗｗ,ｎｅｔｉｎｆｏ.ｃｏ.ｉｌ）于１９９９年３月２日上网的共享软件，其功能就是收集同任何一个ＩＰ地址相关的信息。ＮｅｔＩｎｆｏ程序中包含了一系列的诊断功能，通过这些功能可以获取任何网络连接的ＩＰ地址的信息。程序的设计考虑了初级和高级用户，所以其界面十分便于使用。它允许网络用户检查本地主机和Ｗｉｎｓｏｃｋ数据，向	http://sso.cdclib.org/interlibSSO/goto/6/=06190596Z93/kcms/detail/detail.aspx?dbCode=cjfq&filename=RJSJ199906051&dbname=CJFD9902
文件夹的安全员		软件和集成电路	1999	1999年06期	TCSafeFolder1.0(htto://www.download.com.safed10.exe,484KB)是ＧＴＳ（GlobeTechCatanaAB)公司于１９９８年１月２７日上网的共享软件，其功能是隐藏你的文件和文件夹。通过ＧＴＣＳａｆｅ　Ｆｏｌｄｅｒ程序将存放重要文件的文件夹设置为加密文件夹，则该文件夹中所有的数据文件都将被加密存放。以后建立在这个文件夹中的数据文件或者移动及拷贝到这个文件夹中的数据文件，都将被自动加密存放。程序安装以后，任务条的系统托盘区域就出现一个图标。执行这个图标右键菜单中的相应指令即可激活或者禁止ＧＴＣＳａｆｅ　Ｆｏｌｄｅｒ的功能。在使用加密又件夹之前，	http://sso.cdclib.org/interlibSSO/goto/6/=06190596Z93/kcms/detail/detail.aspx?dbCode=cjfq&filename=RJSJ199906052&dbname=CJFD9902
网络摄像机图像浏览器AloeCam		软件和集成电路	1999	1999年06期	在网络上的众多信息资源中、实时图像以其无可比拟的真实性赢得了许多网友的喜爱。能够显示实时图像的所谓网络图像浏览器程序也就成为众多网友不可缺少的工具。特别是那些需要经常获得某种图片供参考使用的用户。这里介绍的ＡｌｏｅＣａｍ就是这种网上图像浏览器中最新的一个。ＡｌｏｅＣａｍ２．０（ｈｔｔｐ：／／ＷＷＷ.ｄｏｗｎｌｏａｄ．ｃｏｍ，ａｌｏｅｃａｍ．ｚｉｐ，１２７６ｋＢ）是ＡｌｏｅＳｏｆｔＳｈａｒｅｗａｒｅ公司（ｈｔｔｐ：／／ｈｏｍｅ．ｉｎｒｅａｃｈ：ｃｏｍ／ｊｂｌａｃｋ／ｉｎｄｅｘ．ｈｉｍ：）于１９９９年３月２６日推出的在Ｗｉｎｄ０ＷＳｇ引ｇｓ川丁操作系统平台Ｌ使用的共享软件，其功能就是管理和五示来自	http://sso.cdclib.org/interlibSSO/goto/6/=06190596Z93/kcms/detail/detail.aspx?dbCode=cjfq&filename=RJSJ199906054&dbname=CJFD9902
将重要文件保护起来File Protector		软件和集成电路	1999	1999年06期	计算机不像个人的日记本那样，通常只有一个人使用。如果和几个人一同使用一台计算机，那么保存在这台计算机中的一些私人文件就需要妥加保管，以免他人随意查看。具有文件保护功能的软件有不少，FileProector是其中比较好用的一个。ＦｉｌｅＰｒｏｔｅｃｔｏｒ　１．１０（ｈｔｔｐ：／／ＷＷＷ.ｄｏｗｎｌｏａｄ．ｃｏｍ，ｆｉｌｅｐｒｏｔ　.ｚｉｐ，　７５ＫＢ）是Ｍｉｋｋｏ　Ａｄｈｉｐｕｒｎａ　Ｊｏｄａｎａ（ｈｔｔｐ：／／ｍｉｋｋｏａｊｈｙｐｅｒｍａｒｔ。ｎｅｔ／ｉｎｄｅｘ．ｈｔｍｌ）公司于１９９８年１２月２９日上网的文件和磁盘管理类共享软件。利用这个小小的软件能够保护你的文件和文件夹。Ｆｉｌｅ　Ｐｒｏｔ	http://sso.cdclib.org/interlibSSO/goto/6/=06190596Z93/kcms/detail/detail.aspx?dbCode=cjfq&filename=RJSJ199906055&dbname=CJFD9902
网上出版的好工具AutoPub		软件和集成电路	1999	1999年06期	现在网上发布信息已经成为很多情况下的基本需求。如果有大块的数据资料想在网络上发布，肯定就需要ＡｕｔｏＰｕｂ这个工具。ＡｕｔｏＰｕｂｌｉｓｈｅｒ　１.０.０（ｈｔｔｐ：／／ＷＷＷ．ｄｏｗｎｌｏａｄ.ｃｏｍ，ａｎｔｏｐｕｂ.ｚｉｐ，９０３ｋＢ）是ＦｌｏｅｒｓｃｈＥｎｔｅｒｐｒｉｓｅｓ公司于１９９７年１０月１５日上网的共享软件，它的功能是将ＨＴＭＬ文档和文本文档分割为可管理的部分以便出版。ＡｕｔｏＰｕｂ系专门为了自动转换已有的大的ＨＴＭＬ文档或者文本文档转换为许多较小的文件而设计的，转换的结果带有索引表格。ＡｕｔｏＰｕｂ从大文档中提取摘要内容创建较小的单独的文件，它提供了在分割文档的同时创建索引表格	http://sso.cdclib.org/interlibSSO/goto/6/=06190596Z93/kcms/detail/detail.aspx?dbCode=cjfq&filename=RJSJ199906056&dbname=CJFD9902
共享软件在计算机上建立通信中心Communicate Pro		软件世界	1999	1999年05期	身处信息时代，当然需要一个能够提供从网络电话到普通电话自动应答及传真收发、电子邮件、语音传递等所有的数据通信全面解决万案的软件。CommunicatePro2.0.885（http:共享软件在计算机上建立通信中心Communicate Pro	http://sso.cdclib.org/interlibSSO/goto/6/=06190596Z93/kcms/detail/detail.aspx?dbCode=cjfq&filename=RJSJ199905053&dbname=CJFD9902
为重要的文件加上锁Winxfiles		软件世界	1999	1999年05期	计算机保存图片的好地万。如果你精心收集了一些很好的又不希望他人利用使用你计算机的机会轻易地查看，这就需要将这些图片保护起来。而且几乎每个用户的计算机中都保存有有关个人机密的数据又件，这些重要文件自然也不希望被别人偷看。这样说来，就肯定需要一个叫做Winxfile的32位软件了。WnX「］kS（x一卜U37（叶加：／／＊wwdo＊nhddC0m，WXf3237Z刁D，734kB）是Pe口S0ft软件、司（hit口：／／WWW．PWPS0ftC0rp／）干lggg年1月ig日推出的共享软件，司以免费试用H天。晏然说W］nXfiies能够保护你的图像又件，实际上它对其他类型的数据又件也能够同样地施加	http://sso.cdclib.org/interlibSSO/goto/6/=06190596Z93/kcms/detail/detail.aspx?dbCode=cjfq&filename=RJSJ199905055&dbname=CJFD9902
Y2K问题解决方案Y2KSolve		软件世界	1999	1999年05期	对于计算机系统而言，2000年问题（简称Y2K即Year2000）可以说是最大的一个Bug。这个Bug对IT界的影响超过了任何一种病毒，要解决这个问题，将耗费人们无数的时间和财力。随着2000年的临近，全球都在关注着计算机的2000年问题。作为一般用户，也许不必像国际性金融机构及大银行之类的团体那样紧张，但是总是希望了解自己的计算机到底是否存在2000年问题。当然，要了解计算机是否有Y2K问题，可以通过手工测试来实现，但笔者建议还是使用一个软件采测试更为稳妥。YZKS01VOIZ（htto：／／WWW．d0WP100dC0ffi，YZKS01VVZID，ZlkB）是MZS－SO「丁公司（htt	http://sso.cdclib.org/interlibSSO/goto/6/=06190596Z93/kcms/detail/detail.aspx?dbCode=cjfq&filename=RJSJ199905056&dbname=CJFD9902
拖泥带水的字体Dirty Deco True Type Font		软件世界	1999	1999年05期	电子时代，人们习惯于直接通过计算机来阅读信息，打印出来的材料越来越少。所以用户往往忽略文档的打印效果。需要打印的时候，常常是随便选用一种字体，只要将又档打印出来能够看清楚就算万事大吉了。其实，可以利用的字体十分丰富，不失时机地加以巧妙利用，常常会收到许多意想不到的效果。经常打印英文文档的用户，肯定对于各种英文字体比较熟悉。如果觉得常用的英又字体不足以表达自己的个性，可以尝试使用一种叫做DIrtyDecoIUeTyDe「out的字体。这是一种细高的带有装饰点的字体，初看起来有些拖人带人的意味，但是在某些情况下使用这种别致的字体肯定会有与众不同的效￥。D］厂tyD＊＊0丁厂＊e丁＊口eF＊＊t（h	http://sso.cdclib.org/interlibSSO/goto/6/=06190596Z93/kcms/detail/detail.aspx?dbCode=cjfq&filename=RJSJ199905057&dbname=CJFD9902
提高内存的使用质量Ading FreeRAM		软件世界	1999	1999年05期	一般用户都知道，内存是系统稳定的最重要的因素。计算机如果能够稳定可靠地使用内存，整个系统就不容易出现崩溃现象，应用程序的工作效率也会有所提高。达到这样的境界其实并不难，因为现在有了内存忧化软件，虽然这类软件目前还不是很多，但是在先期出现的几个程序中，依旧有ADingFreeRAM这个佼佼者。AD］Dg「P00RANI02（httD：／／WWWd0WD］00dC0rp，f厂ee厂已mZ］D，14gkB）是Ad］ng公司（htto：／／odlng．卜00rmortnet）干19gg年2月n日上网的忧化和诊断类共享软件，使用它能够增加可用的RAN。大家不要误会，这变所说的增加不是指在数量上物理地增加	http://sso.cdclib.org/interlibSSO/goto/6/=06190596Z93/kcms/detail/detail.aspx?dbCode=cjfq&filename=RJSJ199905058&dbname=CJFD9902
茫茫宇宙现屏前All Space Wallpaper Manager		软件世界	1999	1999年05期	也许是因为可望而不可及的缘故吧，人类一直对太空景色怀有浓厚的兴趣。记得自已曾经用一16倍的望远镜在夏季的夜晚，站在阳台上锁定月亮上的景观。每当上面的环型山清楚地涌现在视野里的时候，那种洞察了宇宙神秘的喜悦顿时涌上心头。遗憾的是，不是每个人都有望远镜去看月亮了。而且即使有看月亮的望远镜，恐怕也不能看到其他星球的景色，但是计算机用户如果对太空景色感兴趣的话，可以安装一个叫做AllSapceWallpaperManager的桌面壁纸管理程序。AllSDdCgW01100P9VMSP0ggY10（httD：／／www．down100d．corn，aswmd10．exe，3．22MB）RAlwoxsGr	http://sso.cdclib.org/interlibSSO/goto/6/=06190596Z93/kcms/detail/detail.aspx?dbCode=cjfq&filename=RJSJ199905059&dbname=CJFD9902
MP3播放		软件世界	1999	1999年05期	上面对MP3的简介想必已让你对MP3产生了浓厚的兴趣．可能你已经非常希望自己马上就弄首歌曲听一听。且慢，这第一件事你还没有做呢！那就是你必须配备一个优秀的播放工具──MP3播放软件。现在因特网上有许多非常优秀的MP3播放软件，包括一些国内爱好者开发的中文播放软件。这些播放软件中，有些是免费软件，有些是共享软件（共享软件，Shareware，下载后可以试用一段时间，然后需向开发者支付一定的费用才能继续使用）。下面介绍几款比较流行的MP3播放软件。一、Winamp研发公司；NUllSOft／http．／／。。。。UllSOft．COwtk本。2．IO＄／fBk：199943ff26H文件尺寸：了4	http://sso.cdclib.org/interlibSSO/goto/6/=06190596Z93/kcms/detail/detail.aspx?dbCode=cjfq&filename=RJSJ199905064&dbname=CJFD9902
共享软件在内存中建立虚拟磁盘vRamDir		软件和集成电路	1999	1999年04期	内存是影响系统性能的重要因素。如果能够从优化内存使用的角度采考虑问题，可能对提高系统的性能起到釜底抽薪的效果。目前很多用户的机器配置都很高，内存动辄３２ＮＢ甚至６４ＭＢ，完全有充分发挥其作用的必要。Ｖｉｒｔｕａｌ　Ｓｏｆｔｗａｒｅ　公司于１９９８年１２月１４日推出的下载大小只有３６．９ｋＢ的小程序ｖＲａｍＤｉｒ１．１０（共享软件）似乎值得一试。ｖＲａｍＤｉｒ　１．１０的主要作用就是Ｓｐｅｅｄ　ｕｐ　ｙｏｕｒ　ｓｙｓ－ｔｅｍａｎｄｕｓｅＲＡＮ　ｍｏｒｅ　ｅｆｆｉｃｉｅｎｔｌｙ（加速系统并更有效地使用内存）。ＶＰａｍＤｉｒ属于优化诊断类应用程序，是一个专门针对Ｎｉｎ－ｄｏｗｓ操作系统设计的虚拟内存	http://sso.cdclib.org/interlibSSO/goto/6/=06190596Z93/kcms/detail/detail.aspx?dbCode=cjfq&filename=RJSJ199904040&dbname=CJFD9902
1tox分割大文件的小工具		软件和集成电路	1999	1999年04期	虽然现在有了网络，但是依然辽存在着没有联网的计算机；虽然现在有了可擦写光盘以及大容量软盘，可是依然还有人没有条件使用它们。如果只能使用１．４４ＭＢ容量的软盘，但是又需要将超过１．４４ＭＢ大小的文件（从网络上下载来的软件安装文件大于１．４４ＭＢ是经常的事情）拷贝到没有联网的计算机上，就需要文件分割一类实用程序。这不，１９９９年２月刚开始没有几天，就有人上网了一个这样的程序，可以说是最新的哟。版本号为１．０１的１ｔｏｘ（ｈｔｔｐ：／／ｗｗｗ．ｄｏｗｎｌｏａｄ．ｃｏｍ，１ｔｏｘｅ．ｚｉｐ，２０３ｋＢ）是一个叫做ＪＰｓｏｆｔ的软件公司（ｈｔｔｐ：／／ｐｅｒｓｏ．ｉｎｆｏｎｉｅ．ｆｒ／ｃｈａｓｓ）于１９	http://sso.cdclib.org/interlibSSO/goto/6/=06190596Z93/kcms/detail/detail.aspx?dbCode=cjfq&filename=RJSJ199904045&dbname=CJFD9902
共享软件优化主板和CPU		软件世界	1999	1999年03期	"锦上添花一直是人们追求的上佳境界。那么对于电脑用户，想不想对主板连同CPU一起来个优化以提高系统的整体性能呢？笔者对计算机系统的硬件，历来主张榨干它们的每一点J［能h使在明各层不伯个小金章而日尺if""．＼ig大。榨取系统血汗可以从软件和硬件两个方面入手。软的咱不说了，那是软件开发人员的活J［，这至献一条硬件方面的妙计。利用一个榨取好手来帮助你。说是硬件，其实它还是一个软件，只不过它善干以柔克刚而已。它就是FOWg厂twgdki03，具有忧化处理器和芯片明性能的本领。1．03版本的POWO厂tW00k（htto：八WWWd0WW10adC0m．Ptwrtel口，g80K）程序是P0wertweo"	http://sso.cdclib.org/interlibSSO/goto/6/=06190596Z93/kcms/detail/detail.aspx?dbCode=cjfq&filename=RJSJ199903052&dbname=CJFD9902
硬盘清洁工SafetyScan		软件世界	1999	1999年03期	大硬盘最容易成为垃圾厂。安装程序过程中不适当的退出导致WjnZiolra时文件遗留在硬盘上；不时的死抓造成临时文件失去控制；训览器系统通过网络接受的C00kjOS··、...相信这些问题没有任何用户可以避免，也没有谁不希望彻底清理掉硬盘上的垃圾而腾出存储空间。SafeOScan的价值就在于能够清除系统中经常引发问题的无用文件。版本为25i的S0fgtySC0h（httP：／川WWd0WW100dC00，sofe时soon．exe，3砧K）是10｝0丁echno］ogses于ig帕年12月31日推出的优化诊断类共享软件，利用它能够摆脱系统中无用文件的困扰，回收磁盘空间，同时也避免了这些无用文件导	http://sso.cdclib.org/interlibSSO/goto/6/=06190596Z93/kcms/detail/detail.aspx?dbCode=cjfq&filename=RJSJ199903054&dbname=CJFD9902
网上填表好助手ClickandPaste		软件世界	1999	1999年03期	"上网的过程中，填写一些注册表格是很平常的事情。申请免费电子信箱要填表，下载软件要填表，发布信息的时候更要填表网上填表，除了姓名、地址等内容外，通常还需要填上电子信箱等信息。如果在线填写，难免浪费网时。而离线填写，即先断开连接然后填好表再连网，又十分麻烦。为避免上述矛盾，建议使用mthaM的叽e3QI（川加：八wwwd0W川md加m，CliCk3ZID，21M）。利用它能够建一个剪贴板来保存常用文本内容。30工版本的CllC＊andPaste是盯SU川加lied公司于IH8年7月30日推出的共享软件，可以免费试用H天。现在才来介绍它，恐怕大家多少会有些相见恨晚的感觉。程序下载安装以后，可以通过"""	http://sso.cdclib.org/interlibSSO/goto/6/=06190596Z93/kcms/detail/detail.aspx?dbCode=cjfq&filename=RJSJ199903055&dbname=CJFD9902
三管齐下用鼠标CoolMouse983.0		软件世界	1999	1999年03期	注重效率的人在工作时总是追求双管齐下的效果。就使用鼠标而言，有了C007MOUSS这个软件后，就会觉得平常所谓的双管齐下根本算不了什么，三管齐下才能达到高境界。3．0版本的C00｝MOUSegs（httP：／／WWWd0w川cadC0m，cmgsv3Qexe，377K）是S01verS0ftwa厂e公司于lggg年1月20日发布上网的系统实用程序类共享软件，可以免费试用30天。利用这个软件，能够更好地利用鼠标中键。它可以将鼠标中键的单击转换为双击，能够将中键的单击赋予独特的功能，从而充分发挥三键鼠标的作用，使用十asas＋＝＋si，－wt得更加容易。这个程序包含了一些十分有用的功能，用户可以根	http://sso.cdclib.org/interlibSSO/goto/6/=06190596Z93/kcms/detail/detail.aspx?dbCode=cjfq&filename=RJSJ199903056&dbname=CJFD9902
把时间紧握手中ClockWise2.10a		软件世界	1999	1999年03期	无论做什么事情，时间都是一个重要的因素，因此时间的计量许多时候是必不可少的。为了满足不同需要，你应该有一个时间曾授程序率为计算机的时间计量赋予一些特定的高档功能。强化系统时间的内田8盲右5日文PinPVuf0OoIn。／h卡十n／／WWWd0W010d0C00，cw2100．exe，403k）就是其中比较优秀的一个。版本为2105的CIOCM］Sg旱RJSO八一ware公司于lggg年1月10日推出的系统实用程序类共享软件，官集时钟、日历、闹表提醒、定时器、秒表、程序定时启动器等为其功能于一宫．来一个家副首家的时间b5。完成这么多功能，时间的精确程度当然最重要。C］OCkWSSS能够自动根据I	http://sso.cdclib.org/interlibSSO/goto/6/=06190596Z93/kcms/detail/detail.aspx?dbCode=cjfq&filename=RJSJ199903058&dbname=CJFD9902
改变系统访问方式Panekiller		软件世界	1999	1999年03期	"Windows桌面上可以摆放很多快捷方式，使我们能够快速地打开文件或启动程序。稍感不便的是如果桌面被窗口挡住后，快捷方式就不""快捷""了--先要把一个个窗口极小化，它们才能露面。如果使用一个叫做PaneK5lle厂的程序，在一定程度上可卜解决夕个间领。全然户纷做的怀不「干lr。版本为130的P0nek5lle厂（httP：／／WWWd0Wh］00dC0rp，00nekil］ejo，Zg3K）允许用户通过菜单访问整个系统。该程序是M0dD0g）针WRPP计司平IQQo汪1日IRR谁出的系统实用程序类共享软件，有了它就能够通过一个方便的菜单来访问系统中所有的又档、文件生和指自广降了F卜田平JTl十件"	http://sso.cdclib.org/interlibSSO/goto/6/=06190596Z93/kcms/detail/detail.aspx?dbCode=cjfq&filename=RJSJ199903059&dbname=CJFD9902
共享软件Adsoff让网页广告走开		软件和集成电路	1999	1999年02期	网页上的广告几乎都包括制作精美的图片，但这些广告图片对于大多数网友而言是毫无价值的，可是大家却常常在不知不觉中为它们付出了费用──图形文件往往数据量很大，缓慢的不载过程不仅耽误了正常内容的浏览，而且吞噬着宝贵的网时。如果对网页上的广告感到厌烦，可以使用一个过滤程序让它们乖乖地走开。属于浏览器工具类的AdsOff程序针对Windows95／98操作系统而设计，其1.54版本是由InterCanTech公司（http：／/www．Intercantech.com）于1998年12月21日推出的，可以到Download站点搜索并下载，下载对象是adsoff95.exe,文件大小为1.1MB。AdsO	http://sso.cdclib.org/interlibSSO/goto/6/=06190596Z93/kcms/detail/detail.aspx?dbCode=cjfq&filename=RJSJ199902042&dbname=CJFD9902
WebCam　Sam通过网络“看”世界		软件和集成电路	1999	1999年02期	"通常情况下，人们都是通过网络阅读电子信息来了解世界，随着越来越多的摄像机连接到Internet和通讯带宽的不断增加，通过网络""看""世界变得越来越容易了。当然，要实现这一点，离不开专门的软件来帮忙。不然你如何知道哪里有摄像机呀？WebCamSam2.11是VistaXSoftware公司于1998年12月15日推出的通信类共享软件30天免费试用版。这个软件通过连接到Internet上的摄像机（这些摄像机通常称为WebCam），能够使用户将世界范围内的实时图像尽收眼底。鉴于摄像机所属范围的不同，利用WebCamSam2.11获取的实时图像也涵盖许多领域。WebCamSam2.11的最小资源需求是W"	http://sso.cdclib.org/interlibSSO/goto/6/=06190596Z93/kcms/detail/detail.aspx?dbCode=cjfq&filename=RJSJ199902043&dbname=CJFD9902
Font　Print　Magic,让字体一目了然		软件和集成电路	1999	1999年02期	"经常打印文档的用户，肯定需要对自己计算机中的字体资源有所了解，以便有效地加以利用，丰富打印效果。打开""控制面板""中的""字体""窗口，会发现有许多种字体，这其中除了常用的汉字字体文件以外，还有很多的英文字体，而每种英文字体究竟是什么效果，往往心中没有数，更不用说相互比较其间的差异和特点了。一个很简单的例子就是，不少字体实际上就是一些专用的符号，可是哪类符号在哪种字体中，通常大家都不知道，因此很少去应用。可见，有一个能够显示各种字体文件具体内容和字体效果的程序还是很有必要的。Infratek公司（http：／／www．infratek.com）1998年12月21日推出的媒体管理类共享软件FontP"	http://sso.cdclib.org/interlibSSO/goto/6/=06190596Z93/kcms/detail/detail.aspx?dbCode=cjfq&filename=RJSJ199902044&dbname=CJFD9902
LinkFox99提高浏览器的缓冲性能		软件和集成电路	1999	1999年02期	"LinkFox99是HagelTechnologies公司于1998年12月9日推出的工具和实用程序类共享软件。LinkFox只下载用户希望查看的链接内容，而后将相应的内容直接保存到常用浏览器的缓冲区中。这样以后再查看时显示起来就非常快。程序的可定制性很高，可以设置为随浏览器自动启动和中止。程序中还采用了独创的""永久性链接""性能，这样用户就能够将缓冲下来的链接内容保存到LinkFox工作窗口以便将来查看时自动加载。LinkFox99的最小资源需求为Windows95／98／NT操作系统。LinkFox使用浏览器的缓冲性能来保存下载的数据，所以要求测览器的缓冲设置必须能够满足程序的要求。建议将浏"	http://sso.cdclib.org/interlibSSO/goto/6/=06190596Z93/kcms/detail/detail.aspx?dbCode=cjfq&filename=RJSJ199902045&dbname=CJFD9902
CIH病毒是只“纸老虎”		软件世界	1999	1999年01期	话说“谈虎色变”，不少计算机用户惧怕“ＣＩＨ病毒”也可以说到了色变的程度！按照笔者与“ＣＩＨ病毒”一个多月的搏杀经验，并对“ＣＩＨ病毒”的危害进行了多项试验，我认为“ＣＩＨ病毒”只不过是一只“纸老虎”！今年１０月是笔者的计算机最不幸的一个月，由于我的不慎而染上了“ＣＩＨ病毒”，因此也随着我而饱经风霜。笔者的计算机的ＣＰＵ为Ｐ１６６，维新５１２８主板，当时只安装了Ｗｉｎｄｏｗｓ９８一个操作系统，磁盘为ＦＡＴ３２的文件管理格式。１０月上旬的一天，我在朋友家见到一张印有《苦丁香软件》（精品版）的光盘上面有几个英文应用软件的汉化程序（是从网络上下载的共享软件），拿回来一安装，糟了，原来非常正常的系统，	http://sso.cdclib.org/interlibSSO/goto/6/=06190596Z93/kcms/detail/detail.aspx?dbCode=cjfq&filename=RJSJ199901027&dbname=CJFD9902
让电脑成为彩色复印机		软件世界	1999	1999年01期	彩色复印机是价格昂贵的办公设备，令个人和小商业用户望尘莫及。但如果你有一套配置齐全的电脑系统（最重要的是要有彩色打印机和扫描仪），那么在许多情况下，可以将电脑系统当做彩色复印机来用，只要使用软件ＣＯＤｙｓｈ０Ｐ２０００就成了。目前最新的２．０版本Ｃｏｐｙｓｈｏｐ２０００是ＫｌｉｃｋＳｏｆｔ公司（ｈｔｔｐ：／／ｗｗｗ．ｃｌｉｃｋｓｏｆｔ．ｃｏｍ）于１９９８年１１月１２日推出的实用打印机工具类共享软件，可以到Ｄｏｗｎｌｏａｄ站点（ｈｔｔｐ：／／ｗｗｗ．ｄｏａｎｌｏａｄ．ｃｏｍ）下载。下载的对象是ｃｓｅ．ｅｘｅ，该文件大小为２ＭＢ。ＣｏｐｙＳｈｏｐ２０００的主要功能就是将你的ＦＣ系统转化为彩色复印机	http://sso.cdclib.org/interlibSSO/goto/6/=06190596Z93/kcms/detail/detail.aspx?dbCode=cjfq&filename=RJSJ199901057&dbname=CJFD9902
关机新方式ShutDown Now		软件世界	1999	1999年01期	使用Ｗｉｎｄｏｗｓ９５很久了吧？是不是对其一成不变的关机过程产生了厌烦情绪？那就换换口味，让ＳｈｕｔＤｏｗｎＮｏｗ为你带来些变化吧。目前版本为３．５．１的ＳｈｕｔＤｏｗｎＮｏｗ，是ＣｏｒｓｔｅｎＳｔｒｏｔｚ（ｈｔｔｐ：／／ｗｗｗ．ａｒｃｏ．ｄｅ／ｃｓｔｒａｔｚ）制作的系统实用程序类共享软件，推出日期是１９９８年１１月１７日，可以到ｄｏｗｎｌｏａｄ站点（ｈｔｔｐ：／／ｗｗｗ．ｄｏｗｎｌｏａｄ．ｃｏｍ）下载。下载对象是Ｓｈｄ３５１．Ｚｉｐ，该文件大小为１２ＭＢ。这个３２位版本的ＳｈｕｔＤｏｗｎＮｏｗ是一个Ｗｉｎｄｏｗｓ９５／ＮＴ操作系统环境下的小型实用程序，使用它的优点是能够快速关闭你的系统。它能	http://sso.cdclib.org/interlibSSO/goto/6/=06190596Z93/kcms/detail/detail.aspx?dbCode=cjfq&filename=RJSJ199901060&dbname=CJFD9902
天使般的离线浏览等程序		软件世界	1999	1999年01期	为了节省网时，离线测览程序一直是网发的最爱，哪个Ｎｅｔｍａｎ（网民）的计算机中没有几个这样的珍藏？！ＩｎｔｅｒｎｅｔＡｎｇｅｌ就是这样的离线浏览软件。目前版本为３．０的ＩｎｔｅｒｎｅｔＡｎｇｅｌ，是ＴａｓｓｉｌｏＲｉｎｄｅｒ（ｈｔｔｐ：／／ｗｗｗ．ｂｉｇｆｏｏｔ．ｃｏｍ／ｉｎｅｔａ）制作的３２位离线浏览器类共享软件，推出时间是１９９８年１１月１９日，可以到Ｄｏｗｎｌｏａｄ站点（ｈｔｔｐ：／／ｗｗｗ．ｄｏｗｎｌｏａｄ．ｃｏｍ）下载。下载对象是ｉｎｅｔ３ｚｉｐ．ｅｘｅ，该文件的大小为３７８ｋＢ。ＩｎｔｅｒｎｅｔＡｎｇｅｌ的主要功能就是下载Ｗｅｂ网页供离线测览。它能够自动下载并保存Ｉｎｔｅｒｎｅｔ文	http://sso.cdclib.org/interlibSSO/goto/6/=06190596Z93/kcms/detail/detail.aspx?dbCode=cjfq&filename=RJSJ199901061&dbname=CJFD9902
世界时间早知道		软件世界	1999	1999年01期	网络是如此的拥挤，每次上网忍受龟速的折磨时总想知道美国或者其他国家现在是什么时间，也好趁他们睡觉的时候享受一下网络突然加速的感觉。所以当和ＷｏｒｌｄＴｉｍｅＰｒｏ邂逅的时便立刻就抓住它不放。因为通过ＷｏｒｌｄＴｉｍｅＰｒｏ，能够快速了解到世界上任何地方的时间。目前版本为４．１的ＷｏｒｌｄＴｉｍｅＰｒｏ，是ＭｒｌｔｉＳｏｕｒｃｅ公司（ｈｔｔｐ：／ｗｗｗ．ｍｕｌｔｉｓｏｕｒｃｅ．ｃｏｍ）干１９９８年１１月１７日推出的实用程序类共享软件，可以到Ｄｏｗｎｌｏａｄ站点（ｈｔｔｐ：／／ｗｗｗ．ｄｏｗｎｌｏａｄ．ｃｏｍ）下载。下载对象是Ｗｌｄ．ｅｘｅ，该文件大小为１．９ＭＢ。ＷｏｒｌｄＴｉｍｅＰｒｏ能够自动	http://sso.cdclib.org/interlibSSO/goto/6/=06190596Z93/kcms/detail/detail.aspx?dbCode=cjfq&filename=RJSJ199901062&dbname=CJFD9902
妙趣横生的邮件朗读程序		软件世界	1999	1999年01期	有没有想过，当一封邮件到达的时候，有人为你朗读信的内容，而不需要自己亲眼去看是一种什么样的感觉？如果想体验一下这种感觉，那么就到Ｄｏｗｎｌｏａｄ站点（ｈｔｔｐ：／／ｗｗｗ．ｄｏｗｎｌｏａｄ．ｃｏｍ）去搜索下载ＴａｌｋｉｎｇＥ－ｍａｉｌ程序吧。下载对象是ｅｔａｌｋ．ｅｘｅ，该文件大小为４．８ＭＢ。目前版本为１．２的ＴａｌｋｉｎｇＥ－ｍａｉｌ，是由４Ｄｅｖｅｌｏｐｅｒｓ公司（ｈｔｔｐ：／／ｗｗｗ．４ｄｅｖｅｌｏｐｅｒｓ．ｃｏｍ）于１９９８年１１月２５日推出的电子邮件类共享软件，可以全功能免费使用１４天。Ｔａｌｋ－ｉｎｇＥ－ｍａｉｌ的主要功能就是让用户听动画卡通人物为你朗读电子邮件的内容。丁ａ］ｋｉ	http://sso.cdclib.org/interlibSSO/goto/6/=06190596Z93/kcms/detail/detail.aspx?dbCode=cjfq&filename=RJSJ199901064&dbname=CJFD9902
来而不往非理也共享软件的上载与发布		软件世界	1999	1999年01期	下载！下载！几乎每个爬虫级的网主上网后都如饥似渴地搜寻热门工具软件，迫不及待地点击“Ｄｏｗｎｌｏａｄ”按钮，全然不顾高级网虫发出的警告：免费下载的代价是高额的通讯费用和潜在的病毒危害。没办法，共享软件实在是太诱人了（就在我写此文时，我的网络蚂蚁也正满头大汗地来回奔跑着）既然是免费的，不下载白不下载。可是，为什么不上载呢？假如你刚刚编写了一个手刃ＣＩＨ病毒的得意工具，并急干传播解民于水火中；假如你认定自己的破解工具很受欢迎但又无力推广和销售；假如你想以最低的成本为你的客户提供软件维护、版本升级等技术支持；假如你想发动一次大规模的软件测试群众运动既然网民下载，为什么不上载呢？“来而不往非理也！在因	http://sso.cdclib.org/interlibSSO/goto/6/=06190596Z93/kcms/detail/detail.aspx?dbCode=cjfq&filename=RJSJ199901068&dbname=CJFD9902
谁把我COPY了!		软件世界	1998	1998年12期	"<正> 提供免费软件(freeware)和共享软件(shareware)的站点,不仅不收费,而且还鼓励你去下载,即使你下载后拿去做成光盘卖钱也没有人追究,现在市场上不是有很多这样的光盘吗。但是文章或者图片有所不同,大多不允许别人拿来再一次发表,""转贴""还是可以的,但需要注明它的来源,否则就是""盗版""。也许是出手某种道德心态,大多数网友都能遵守这样的不成文的规矩,但还是有人不管这一套。不久前在国内一个著名站点的论坛上,因为一篇文章的署名问题,就发生了一场争论。某天,一位自称""低手""的网友在这个论坛上发表了一篇文章,很快就有人"	http://sso.cdclib.org/interlibSSO/goto/6/=06190596Z93/kcms/detail/detail.aspx?dbCode=cjfq&filename=RJSJ199812041&dbname=CJFD9498
查找文件的有力工具SeekEasy		软件世界	1998	1998年12期	"<正> 通过查找的方式快速确定需要的目标文件,几乎是日常文件管理过程中不可或缺的手段。相信大家都认为 Windows 中的""查找""功能已经相当强大了,特别是较新版本的 Windows 95中和 Windows 98中的""查找""功能,几乎能够满足所有情况下的各种要求。应该说到此已穷千里目了,但是偏偏就有更上一层楼的软件。SeekEasy 是 Correlation Systems 公司的最新共享软件,推出于1998年10月17日,目前版本是8.3∈。其主要功能就是"	http://sso.cdclib.org/interlibSSO/goto/6/=06190596Z93/kcms/detail/detail.aspx?dbCode=cjfq&filename=RJSJ199812054&dbname=CJFD9498
自动执行任务的Timeron程序		软件世界	1998	1998年12期	<正> 可以肯定,大多数具有防患于未然意识的用户,都有定期备份数据文件的习惯。原来在 DOS 环境下写作,由于使用的是批文件,每次写作结束时,都能够自动提醒备份当前编辑的文件。转移到 Windows 平台上写作以后,这种批文件过程一时不太好实现了,因此就常常忘记应该进行的备份操作,于是一些宝贵的数据文件的命运就掌握在硬盘质量和病毒的手里了。因	http://sso.cdclib.org/interlibSSO/goto/6/=06190596Z93/kcms/detail/detail.aspx?dbCode=cjfq&filename=RJSJ199812056&dbname=CJFD9498
Windows平台上的改名巫师		软件世界	1998	1998年11期	"<正> 在 Windows 平台上,给一个文件改名的操作十分容易:在资源管理器窗口或者桌面上右击要改名的对象,而后执行弹出的右击菜单中的""重命名""指令即可将对象名称置于可编辑状态供任意修改。这种操作方式的最大缺点就是每次只能改名一个文件,因此满足不了某些情况下的需求。例如写了一本书的第5个章节,其中的插图文件都命名为与5有关的形式,如5-1、5-2等等。初稿结束后,发现在第2个图和第3个图之间还应该"	http://sso.cdclib.org/interlibSSO/goto/6/=06190596Z93/kcms/detail/detail.aspx?dbCode=cjfq&filename=RJSJ199811050&dbname=CJFD9498
双管齐下的文件管理		软件世界	1998	1998年11期	<正> 在移动、拷贝文件到不同驱动器上的时候,有没有感觉到不方便?Windows 95或98操作系统已经在这方面提供了一些基本的功能,但是对于经常进行文件管理的用户而言还不是最理想的。相信用户使用一下 WingDir 4.6,就一定会有同感。因为 WingDir 能够让用户同时利用两个驱动器和文件夹来工作。WingDir 4.6是Silverwing Systems 公司于1998年10月7日上网到 Download.com 的共享软件,下载对象是wingdir.zip,下载大小为2.2MB。使用 WingDir 以后,用户就可以针对选定的文件完成包括拷贝、删除在常用操作内的各种	http://sso.cdclib.org/interlibSSO/goto/6/=06190596Z93/kcms/detail/detail.aspx?dbCode=cjfq&filename=RJSJ199811053&dbname=CJFD9498
网上下载新口味		软件世界	1998	1998年11期	<正> 提起下载,绝大多数网友立刻会想到经典的 Go!Zilla、Getright 和 NetAnts。这些网林高手固然功力深厚,但是缺少轻灵翔动的韵味,因而使用起来十分笨重。现在谁不讲究小巧玲珑?简单地说,如果你知道了一个要下载文件的路径名,用什么来下载这个文件呢?用 Getright 和 Go!Zilla 吗?有些用牛刀杀鸡的意味,况且不少用户发现 Getright 似乎同 Windows 98不太友好,在 IE 系列浏览器平台上总是出问题。拿他到	http://sso.cdclib.org/interlibSSO/goto/6/=06190596Z93/kcms/detail/detail.aspx?dbCode=cjfq&filename=RJSJ199811055&dbname=CJFD9498
Windows环境中批量启动应用程序		软件世界	1998	1998年10期	"<正> 大多数用户使用 Windows 平台进行日常工作时,通常每次总是要同时启动几个相关的应用程序。虽然可以将这些程序的启动快捷方式放置到""启动""群组中使其自动启动,但是这样一来每次启动系统时这些程序都要自动启动,即使不进行有关的工作也如此。因此,利用""启动""群组还不能真正地解决一次启动多个应用程序的问题,那就只好求助于其它软件了。Softdd 软件公司于1998年8月28日上网的共享软件 Oneclik 2.0能"	http://sso.cdclib.org/interlibSSO/goto/6/=06190596Z93/kcms/detail/detail.aspx?dbCode=cjfq&filename=RJSJ199810068&dbname=CJFD9498
网际寻宝		软件世界	1998	1998年09期	这是个以服务为宗旨的栏目!本栏目分实用软件、游戏软件、影视精品三部分,介绍网上提供的实用软件、游戏软件、影视节目等既有用又有趣的内容,目的是为读者工作、生活提供帮助,同时也使读者进一步了解Internet 丰富的网上资源。对于本栏目介绍的共享软件和免费软件,本刊开展了一项邮购服务,考虑联网和邮寄的费用,每张磁盘邮购价为20元,具体请参见栏目中的介绍。邮购地址:北京市3844信箱《软件世界》杂志社(100038)	http://sso.cdclib.org/interlibSSO/goto/6/=06190596Z93/kcms/detail/detail.aspx?dbCode=cjfq&filename=RJSJ199809054&dbname=CJFD9498
网际寻宝		软件世界	1998	1998年08期	这是个以服务为宗旨的栏目!本栏目分实用软件、游戏软件、影视精品三部分,介绍网上提供的实用软件、游戏软件、影视节目等既有用又有趣的内容,目的是为读者工作、生活提供帮助,同时也使读者进一步了解Internet 丰富的网上资源。对于本栏目介绍的共享软件和免费软件,本刊开展了一项邮购服务,考虑联网和邮寄的费用,每张磁盘邮购价为20元,具体请参见栏目中的介绍。邮购地址:北京市3844信箱《软件世界》杂志社(100038)	http://sso.cdclib.org/interlibSSO/goto/6/=06190596Z93/kcms/detail/detail.aspx?dbCode=cjfq&filename=RJSJ199808054&dbname=CJFD9498
翻开《家佳电脑文摘》		软件世界	1998	1998年08期	"<正> 不知不觉中,1998年的日历已翻过7月有余。望着日历上每个数字边圈画的勾勾点点,我们不禁感叹:How time flies!我们不能留住时光,于是我们借助各种各样的现代化工具来提高工作效率,""挤""出更多的时间。电脑就是最常用的一种工具。且不说它在家庭、工作中的应用,只要看看计算机类图书销售的门庭若市,就"	http://sso.cdclib.org/interlibSSO/goto/6/=06190596Z93/kcms/detail/detail.aspx?dbCode=cjfq&filename=RJSJ199808077&dbname=CJFD9498
影视精品		软件世界	1998	1998年07期	这是个以服务为宗旨的栏目!本栏目分实用软件、游戏软件、影视精品三部分,介绍网上提供的实用软件、游戏软件、影视节目等既有用又有趣的内容,目的是为读者工作、生活提供帮助,同时也使读者进一步了解Internet 丰富的网上资源。对于本栏目介绍的共享软件和免费软件,本刊开展了一项邮购服务,考虑联网和邮寄的费用,每张磁盘邮购价为20元,具体请参见栏目中的介绍。邮购地址:北京市3844信箱《软件世界》杂志社(100038)	http://sso.cdclib.org/interlibSSO/goto/6/=06190596Z93/kcms/detail/detail.aspx?dbCode=cjfq&filename=RJSJ199807032&dbname=CJFD9498
实用软件		软件世界	1998	1998年07期	<正> 轻松修改 Windows 95注册表利用 Windows 95中的 RegEdit 程序修改其注册表,过程比较复杂,非一般用户所能。如果真的要修改,最好采用专用软件来进行。Winchanger 是专门用于修改 Windows 95注册表的共享软件。虽说该程序是专门为 Windows 95设计的,但是在 Windows NT 平台上也能够使用。5月11日,Winchanger 的版本已经升级到3.0。可以到 download.com 站点主页,利用其搜索功能以 winchanger为主题词搜索到其下载键接,下载对象是 setup.exe 文件,下	http://sso.cdclib.org/interlibSSO/goto/6/=06190596Z93/kcms/detail/detail.aspx?dbCode=cjfq&filename=RJSJ199807034&dbname=CJFD9498
网际寻宝		软件世界	1998	1998年06期	这是个以服务为宗旨的栏目!本栏目分实用软件、游戏软件、影视精品三部分,介绍网上提供的衫软件、游戏软件、影视节目等既有用又有趣的内容,目的是为读者工作、生活提供帮助,同时也使读者进一步了解Internet 丰富的网上资源。对于本栏目介绍的共享软件和免费软件,本刊开展了一项邮购服务,考虑联网和邮寄的费用,每张磁盘邮购价为20元,具体请参见栏目中的介绍。邮购地址:北京市3844信箱《软件世界》杂志社(100038)	http://sso.cdclib.org/interlibSSO/goto/6/=06190596Z93/kcms/detail/detail.aspx?dbCode=cjfq&filename=RJSJ199806024&dbname=CJFD9498
THE网际寻宝		软件世界	1998	1998年05期	编辑按语:这是个以服务为宗旨的栏目!本栏目分实用软件、游戏软件、影视精品三部分,介绍网上提供的实用软件、游戏软件,影视节目等既有用又有趣的内容,目的是为读者工作、生活提供帮助,同时也使读者进一步了解 Intenlet 丰富的网上资源。对于本栏目介绍的共享软件和免费软件,本刊开展了一项邮购服务,考虑联网和邮寄的费用,每张磁盘邮购价为20元,具体请参见栏目中的介绍。邮购地址:北京市3844信箱《软件世界》杂志社(100038)。	http://sso.cdclib.org/interlibSSO/goto/6/=06190596Z93/kcms/detail/detail.aspx?dbCode=cjfq&filename=RJSJ199805025&dbname=CJFD9498
小严上网记之五 电子函件的应用		软件世界	1998	1998年05期	"<正> ①小严按照阿威的建议,翻阅了《网上生活》,从中他获取了他想要知道的东西——找到一家自己认为合适的 ISP。②现在小严可谓是得意洋洋,他不时地想象着与远方小芬的 E-mail 满天飞的情景……③""阿威,还得麻烦你,我怎么收发 E-mail 呢?""④""看!着急了!想小芬了吧?""你教我吧,我等你呢!""⑤""首先要有一个用于收发 E-mail 的软件,现在有很多这样的软件。像大名鼎鼎的浏览器 NetscapeNavigator、Internet Explorer 本身都支持电子函件的收发。不过,也有一些热心的网友在网上公布了不少的共享软件,你可以在网上找到它们。另外,国内也有这样的软件,像方正飞扬、foxmail 等等。""⑥""噢,又是一大堆,我用哪个好呢?"""	http://sso.cdclib.org/interlibSSO/goto/6/=06190596Z93/kcms/detail/detail.aspx?dbCode=cjfq&filename=RJSJ199805031&dbname=CJFD9498
网际寻宝		软件世界	1998	1998年04期	这是个以服务为宗旨的栏目!本栏目分实用软件、游戏软件、影视精品三部分,介绍网上提供的实用软件、游戏软件、影视节目等既有用又有趣的内容,目的是为读者工作、生活提供帮助,同时也使读者进一步了解 Internet 丰富的网上资源。对于本栏目介绍的共享软件和免费软件,本刊开展了一项邮购服务,考虑联网和邮寄的费用,每张磁盘邮购价为20元,具体请参见栏目中的介绍。邮购地址:北京市3844信箱《软件世界》杂志社(100038)。	http://sso.cdclib.org/interlibSSO/goto/6/=06190596Z93/kcms/detail/detail.aspx?dbCode=cjfq&filename=RJSJ199804033&dbname=CJFD9498
网虫的分类		软件世界	1998	1998年04期	"<正> ""网虫""一词虽然不雅,但大多数网虫是以此为荣的。因为你可以在网上的 BBS 站、新闻组中看到很多人的网上绰号(NicKname)都是 netbug、networm 等等,更有人将自己的个人主页命名为""网虫之家""、""网虫乐园""。网虫和黑客还是有区别的,黑客在人们心中是一些很神秘的人物,躲在暗处专干一些盗窃信用卡帐号什么的坏事儿,而一个网虫在网上是正大光明的、认真负责的。探究起来,网虫大致可分为以下几个级别,各位网虫可对号入座,并认真填报评审表格。一、见习期网虫(准虫级)这类网虫严格地说,算不上是真""网虫"",因为他们还没有上网,有的甚至连电脑都没有,所以顶多是个准网虫。但虽未""落网"",却心系网络,心向往之。和大多数电脑爱好者一样,平时十分关注带""电""字儿或""网""字儿的信息,比如""2000年问题""或""网上送花儿""之类的文章便被门外级网虫看好,平时的 ISP广告也是他们注意浏览的内容。准网虫对互联网络既感到深不可测,又充满了憧憬和幻想。一般只要条件许可,很快就会进化成"	http://sso.cdclib.org/interlibSSO/goto/6/=06190596Z93/kcms/detail/detail.aspx?dbCode=cjfq&filename=RJSJ199804036&dbname=CJFD9498
THE网际寻宝		软件世界	1998	1998年03期	这是个以服务为宗旨的栏目!本栏目分实用软件、游戏软件、影视精品三部分,介绍网上提供的实用软件、游戏软件、影视节目等既有用又有趣的内容,目的是为读者工作、生活提供帮助,同时也使读者进一步了解 Internet 丰富的网上资源。对于本栏目介绍的共享软件和免费软件,本刊开展了一项邮购服务,考虑联网和邮寄的费用,每张磁盘邮购价为20元,具体请参见栏目中的介绍。邮购地址:北京市3844信箱《软件世界》杂志社(100038)。	http://sso.cdclib.org/interlibSSO/goto/6/=06190596Z93/kcms/detail/detail.aspx?dbCode=cjfq&filename=RJSJ199803025&dbname=CJFD9498
实用软件(一)		软件世界	1998	1998年02期	编辑按语：这是个以服务为宗旨的栏目！本栏目分实用软件、游戏软件、影视精品三部分．介绍网上提供的实用软件、游戏软件、影视节目等既有用又有趣的内容，目的是为读者工作、生活提供帮助，同时也使读者进一步了解Internet丰富的网上资源。对于本栏目介绍的共享软件和免费软件．本刊开展了一项邮购服务．考虑联网和邮寄的费用，每张磁盘邮购价为20元，具体请参见栏目中的介绍。邮购地址：北京市3844信箱《软件世界》杂志社（100038）。克隆大师克隆技术一度引起全球的轰动，而我从网上下载的CloneMaster却着实让我吃了一惊、它并不是“克隆”文件的工具．而是反“克隆”文件的工具。它可以搜索硬盘上所有文件名和	http://sso.cdclib.org/interlibSSO/goto/6/=06190596Z93/kcms/detail/detail.aspx?dbCode=cjfq&filename=RJSJ199802001&dbname=CJFD9498
从石头汤谈起……		软件世界	1998	1998年02期	在谈论正题之前,让我们先从一个关于石头汤的故事开始谈起,其实它们相互之间都是有关连的。很久以前,在东欧的一个地方。发生了一次大饥荒。人们都以备的心理面积起他们可以找到的任何食物，并把这些食物都藏了起来。甚至于连他们的朋友和邻居都不告诉。有一天，一个小商贩驾着他的马车来到一个村庄，在村中的广场上贩卖带来的货物.当天色沉晚时，他询问村民是否可以在这吃上一顿饭，并过一夜？“周围整个地区都弄不到一点东西可吃，我们都想最好迁移到其他地方去。”一个村民说道。‘’嗅，没关系，我什么都有，”小贩说道，“事实上，我正在想做点石头场以便和你们大家共享呢！”他说完，从他的车L拿出一个大铁锅，在地上支好，往锅里放上水	http://sso.cdclib.org/interlibSSO/goto/6/=06190596Z93/kcms/detail/detail.aspx?dbCode=cjfq&filename=RJSJ199802023&dbname=CJFD9498
实用软件(三)		软件世界	1998	1998年02期	编辑按语：这是个以股分为宗旨的栏目！本栏目分实用软件、游戏软件、影视精品三部分，介绍网上提供的实用软件、游戏软件、影视节目等既有用又有趣的内容，目的是为读者工作、生活提供帮助，同时也使读者进一步了解Internet丰富的网上资源。对于本栏目介绍的共享软件和免费软件，本刊开展了一项邮购服务，考虑联网和邮寄的费用，每张磁盘邮购价为20元，具体请参见栏目中的介绍。邮购地址：北京市3844信箱《软件世界》杂志社（100038）。防弹FTP提起FTP软件，大家往往想起CuteFTP、WSFTP、FTPExplorer等经典之作，的确，就连最权威的ZDLabs实验室在这次评测FTP软件时也没有想到会有一匹	http://sso.cdclib.org/interlibSSO/goto/6/=06190596Z93/kcms/detail/detail.aspx?dbCode=cjfq&filename=RJSJ199802028&dbname=CJFD9498
影视精品(四)		软件世界	1998	1998年02期	编辑按语：这是个以服务为宗旨的栏目！本栏目分实用软件、游戏软件、影视精品三部分．介绍网上提供的实用软件、游戏软件、影视节目等既有用又有趣的内容，目的是为读者工作、生活提供帮助、同时也使读者进一步了解Internet丰富的网上资源。对于本栏目介绍的共享软件和免费软件，本刊开展了一项邮购服务、考虑联网和邮寄的费用、每张磁盘邮购价为20元．具体请参见栏目中的介绍。邮购地址：北京市3844信箱（软件世界）杂志社（100038）。邮差本片是由美国华纳兄弟影片公司1997年12月25日上映，导演是著名影星凯文·科斯纳（KEVINCOSNER），他曾因《与狼共舞》一片而获奥斯卡大奖．但自《水世界》的制作之后	http://sso.cdclib.org/interlibSSO/goto/6/=06190596Z93/kcms/detail/detail.aspx?dbCode=cjfq&filename=RJSJ199802041&dbname=CJFD9498
网上织梦人──Web制作工具Dreamweaver		软件世界	1998	1998年02期	嗨！各位网友：现在在网上你是不是也安了个“家”（Homepagr）了呢？如果还没有，就到类似网易、Geocities找个窝吧。什么？已经申请了，但是没有合适的工具？Microsoft的FrontPagr98太专业，Hotdog又需要记太多的HTML标记，而Netscape和IE自带编辑器又太简陋……那么我今儿个就向您推荐一个被称为是下一代Web制作工具的Dreamweaver。Dreamweaver顾名思义就是织梦人，是著名的多媒体厂商Macromedia在今年一月份推出的新的所见即所得的Web制作工具。其实大家在Tucow这样的共享软件站点可以下载许多所见即所得的Web制作工具。但是Drea	http://sso.cdclib.org/interlibSSO/goto/6/=06190596Z93/kcms/detail/detail.aspx?dbCode=cjfq&filename=RJSJ199802052&dbname=CJFD9498
影视精品(五)		软件世界	1998	1998年02期	编辑按语：这是个以服务为宗旨的栏目！本栏目分实用软件、游戏软件、影视精品三部分．介绍网上提供的实用软件、游戏软件、影视节目等既有用又有趣的内容．目的是为读者工作、生活提供帮助，同时也使读者进一步了解Internet丰富的网上资源。对于本栏目介绍的共享软件和免费软件．本刊开展了一项邮购服务．考虑朕网和邮寄的费用，每张磁盘邮购价为20元，具体请参见栏目中的介绍。邮购地址：北京市3844信箱《软件世界》杂志社（100038）。心灵捕手奥斯卡3月23日颁奖，最佳影片的获奖者是《泰坦尼克》。本文来迟一步，各位网友恐怕早已在网上饱览颁奖盛况。《泰坦尼克》我们已经介绍过了，若读者还有兴趣一睹风采．可以去以下	http://sso.cdclib.org/interlibSSO/goto/6/=06190596Z93/kcms/detail/detail.aspx?dbCode=cjfq&filename=RJSJ199802054&dbname=CJFD9498
小严上网记之五　电子函件的应用		软件世界	1998	1998年02期	①小严按照阿威的建议，翻阅了《网上生活》，从中他获取了他想要知道的东西一一找到一家自己认为合适的ISP。②现在小严可谓是得意洋洋，他不时地想象着与远方小芬的E-mail满天飞的情景……③“阿威，还得麻烦你，我怎么收发E-mail呢？”④“看！着急了！想小芬了吧？””你教我吧。我等你呢！”⑤“首先要有一个用于收发E-mail的软件，现在有很多这样的软件，像大名鼎鼎的浏览器NetscapsNavigator.InternetExplorer本身都支持电子函件的收发，不过，也有一些热心的网友在网上公布了不少的共享软件，你可经在网上找到它们。另外，国内也有这样的软件，像方正飞扬，foxmail等等。”	http://sso.cdclib.org/interlibSSO/goto/6/=06190596Z93/kcms/detail/detail.aspx?dbCode=cjfq&filename=RJSJ199802061&dbname=CJFD9498
影视精品(六)		软件世界	1998	1998年02期	编辑按语：这是个以服分为宗旨的栏目！本栏目分实用软件、游戏软件、影视精品三部分，介绍网上提供的衫软件、游戏软件、影视节目等既有用又有趣的内容，目的是为读者工作、生活提供帮助，同时也使读者进一步了解Internet丰富的网上资源。对于本栏目介绍的共享软件和免费软件，本刊开展了一项邮购服务，考虑联网和邮寄的费用，每张磁盘邮购价为20元，具体请参见栏目中的介绍。邮购地址：北京市“3844信箱《软件世界》杂志社（100038）风起云涌本片是由环球影片公司1998年3月20日出品。导演是麦可·尼克斯（Mikenichols），他的作品有《毕业生》、《上班女郎》、《鸟笼》等；编剧是艾兰妮·梅（Elaine	http://sso.cdclib.org/interlibSSO/goto/6/=06190596Z93/kcms/detail/detail.aspx?dbCode=cjfq&filename=RJSJ199802065&dbname=CJFD9498
影视精品(七)		软件世界	1998	1998年02期	编辑按语：这是个以服务为宗旨的栏目！本栏目分实用软件、游戏软件、影视精品三部分，介绍网上提供的实用软件、游戏软件、影视节目等既有用又有趣的内容，目的是为读者工作、生活提供帮助，同时也使读者进一步了解Internet丰富的网上资源。对于本栏目介绍的共享软件和免费软件，本刊开展了一项邮购服务．考虑联网和邮寄的费用，每张磁盘邮购价为20元，具体请参见栏目中的介绍。邮购地址：北京市3844信箱《软件世界》杂志社（100038）慧星撞地球本片是由派拉蒙影片公司1998年5月8日出品的一部科幻片。本片导演是米米·蕾德（MIMILEDER）。参与演出的有劳勃杜瓦、提雅里奥尼、艾利杰伍德、凡尼莎瑞德桂弗、马克	http://sso.cdclib.org/interlibSSO/goto/6/=06190596Z93/kcms/detail/detail.aspx?dbCode=cjfq&filename=RJSJ199802074&dbname=CJFD9498
实用软件(七)		软件世界	1998	1998年02期	轻松修改Windows95注册表利用Windows95中的RegEdit程序修改其注册表，过程比较复杂，非一般用户所能。如果真的要修改，最好采用专用软件来进行。Winchanger是专门用于修改Windows95注册表的共享软件。虽说该程序是专门为Windows95设计的，但是在WindowsNT平台上也能够使用。5月11日,Winchanger的版本已经升级到3．0。可以到download.com站点主页，利用其搜索功能以winchanger为主题词搜索到其下载链接，下载对象是setup.exe文件，下载大小为726kB。安装后启动winch“”s”’可打泽图1所市的现始工作商D。初始窗口分	http://sso.cdclib.org/interlibSSO/goto/6/=06190596Z93/kcms/detail/detail.aspx?dbCode=cjfq&filename=RJSJ199802076&dbname=CJFD9498
影视精品(八)		软件世界	1998	1998年02期	编辑按语：这是个以服务为宗旨的栏目！本栏目分实用软件、游戏软件、影视精品三部分，介绍网上提供的实用软件、游戏软件、影视节目等既有用又有趣的内容，目的是为读者工作、生活提供帮助，同时也使读者进一步了解Internet丰富的网上资源。对于本栏目介绍的共享软件和免费软件，本刊开展了一项邮购服务，考虑联网和邮寄的费用，每张磁盘邮购价为20元．具体请参见栏目中的介绍。邮购地址：北京市3844信箱《软件世界》杂志社（100038）天使情人本片是由美国华纳兄弟影片公司1998年4月10日出品的浪漫爱情片。导演布莱德·希伯林（BradSilberling）曾执导过《鬼马小精灵》；制片是道恩·史提（DawnSt	http://sso.cdclib.org/interlibSSO/goto/6/=06190596Z93/kcms/detail/detail.aspx?dbCode=cjfq&filename=RJSJ199802087&dbname=CJFD9498
影视精品(九)		软件世界	1998	1998年02期	编辑按语：这是个以服务为宗旨的栏目！本栏目分实用软件、游戏软件、影视精品三那分，介绍网上提供的实用软件、游戏软件、影视节目等既有用又有趣的内容，目的是为读者工作、生活提供帮助，同时也使读者进一步了解Internet丰富的网上资源。对于本栏目介绍的共享软件和免费软件，本刊开展了一项邮购服务，考虑联网和邮寄的费用，每张磁盘邮购价为20元，具体请参见栏目中的介绍。邮购地址：北京市“3844信箱《软件世界》杂志社（100038）世界末日本片是由TOUCHSTONE影片公司1998年7月1日出品。导演是麦可·贝（MichaelBay），曾执导过《勇闯夺命岛》，演员有大家都极为熟悉的布鲁斯·威利斯（Bru	http://sso.cdclib.org/interlibSSO/goto/6/=06190596Z93/kcms/detail/detail.aspx?dbCode=cjfq&filename=RJSJ199802101&dbname=CJFD9498
实用软件(九)		软件世界	1998	1998年02期	为你的“视窗”装上窗纱当你打开计算机，载入Windows－95系统进行工作时，一些恼人的信息或者对话框总是时不时地出现在你的面前，干扰你的紧张工作，特别是你从网上下载的一些共享软件，是导致这种情况的主要原因，这类共享软件为了提醒你对其注册，总要不断地给出提示信息。这就像房间窗户没有装窗纱，当你打开窗户与外界交换空气时，在外界空气进来的同时，苍蝇、蚊子和其他小飞虫也一同进入房间。现在，有了Basta公司的软件Bozufv1.44，就像在你的视窗系统装上了“窗纱”，而且你还可以控制“窗纱”对哪些信息进行过滤。你可以从站点http：／／WWW.basta.com）下载这个软件，文件名是SetupBo	http://sso.cdclib.org/interlibSSO/goto/6/=06190596Z93/kcms/detail/detail.aspx?dbCode=cjfq&filename=RJSJ199802103&dbname=CJFD9498
Windows环境中批量启动应用程序		软件世界	1998	1998年02期	大多数用户使用Windows平台进行日常工作时，通常每次总是要同时启动几个相关的应用程序。虽然可以将这些程序的启动快捷方式放置到“启动”群组中使其自动启动，但是这样一采每次启动系统时这些程序都要自动启动，即使不进行有关的工作也如此。因此，利用“启动”群组还不能真正地解决一次启动多个应用程序的问题，那就只好求助于其它软件了。S0ftod软件公司于1998年8月28日上网的共享软件OnecliK2.0能够为用户解决这个问题。用户可以到Download．com站点主页，利用其搜索功能，以oneclick为关键词搜索得到Oneclick2.0的下载链接，下载对象文件是oneclik.exe,下载大小为	http://sso.cdclib.org/interlibSSO/goto/6/=06190596Z93/kcms/detail/detail.aspx?dbCode=cjfq&filename=RJSJ199802124&dbname=CJFD9498
Windows平台上的改名巫师		软件世界	1998	1998年02期	在Windows平台上，给一个文件改名的操作十分容易，在资源管理器窗口或者桌面上右击要改名的对象而后执行弹出的右击菜单中的“重命名”指令即可将对象名称置于可编辑状态供任意修改．这种操作方式的最大缺点就是每次只能改名一个文件。因此满足不了某些情况下的需求。例如写了一本书的第5个章节。其中的插图文件都命名为与5有关的形式，如5－15－2等等。初稿结束后，发现在第2个图和第3个图之间还应该插入一个另外的图。于是第3个及以后的插图文件的名称中的数字都要依次增加1，即原来的5－3应改为5－4，原来的5－4应改为5－5，等等。如果一章的插图文件只有几个还好说，要是有几十个图，就需要从最后一个开始逐个地改名	http://sso.cdclib.org/interlibSSO/goto/6/=06190596Z93/kcms/detail/detail.aspx?dbCode=cjfq&filename=RJSJ199802150&dbname=CJFD9498
双管齐下的文件管理		软件世界	1998	1998年02期	在移动、拷贝文件到不同驱动器上的时候，有没有感觉到不方便？Windows95或98操作系统已经在这方面提供了一些基本的功能，但是对于经常进行文件管理的用户而言还不是最理想的．相信用户使用一下WingDir46,就一定会有同感。因为WingDir能够让用户同时利用两个驱动器和文件夹来工作。WingDir4.6是SilverwingSystens公司于1998年10月7日上网到Download.com的共享软件,下载对象是WingdirZIP,下载大小为22MB。使用WingDir以后,用户就可以针对选定的文件完成包括拷贝、删除在常用操作内的各种任务。最新的46版本还添加了文件版本检查及在两次操作	http://sso.cdclib.org/interlibSSO/goto/6/=06190596Z93/kcms/detail/detail.aspx?dbCode=cjfq&filename=RJSJ199802153&dbname=CJFD9498
网上下载新口味		软件世界	1998	1998年02期	提起下载，绝大多数网友立刻会想到经典的GolZillaGetright和NetAnts。这些网林高手固然功力深厚，但是缺少轻灵翔动的韵味，因而使用起来十分笨重。现在谁不讲究小巧玲珑。简单地说，如果你知道了一个要下载文件的路径名，用什么来下载这个文件呢，用Getright和GolZila吗?有些用牛刀杀鸡的意味，况且不少用户发现Getright似乎同Windows98不太友好，在IE系列浏览器平台上总是出问题。拿他到NetscapeNavigator4.5中又太敏感，常常将网页当做软件下载下来……。感受到这些问题了吗）不用担心，现在很容易就可以换一下口味，到Downloadcom站点去下载Get	http://sso.cdclib.org/interlibSSO/goto/6/=06190596Z93/kcms/detail/detail.aspx?dbCode=cjfq&filename=RJSJ199802155&dbname=CJFD9498
嗨!谁把我COPY了!　因特网抄袭现象		软件世界	1998	1998年02期	因特网给人们提供了一个自由发挥的空间，让人们可以尽情地抒发思想情感，以及对各种事物的不同看法。站点以及站点里的“论坛”一聊天室”仿佛是些广告牌或告示栏，就是人们发表这些文章的地方。现在的因特网还是一个缺少管制或者规矩的地方，特别是对于文章。图片一类的信息而言。如果你在某个站点发现了好文章，只要用浏览器的“另在为（saveas）……功能，就可以很容易地把它“荡”（download）下来变成属于自己的东西。这样作的目的，当然是为了自己看起来更方便，也可以推荐给朋友或尽其他网友欣赏。但是现在网上的好文章实在太少了，同时又有那么多很想表现一下自己的才能的人，于是就不可避免地出现了“盗版”。盗版的方式很	http://sso.cdclib.org/interlibSSO/goto/6/=06190596Z93/kcms/detail/detail.aspx?dbCode=cjfq&filename=RJSJ199802171&dbname=CJFD9498
查找文件的有力工具SeekEasy		软件世界	1998	1998年02期	通过查找的方式快速确定需要的目标文件，几乎是日常文件管理过程中不可或缺的手段。相信大家都认为Windows中的“查找”功能已经相当强大了。特别是较新版本的Windows95中和Windows98中的“查找”功能，几乎能够满足所有情况下的各种要求。应该说到此已穷千里自了，但是偏偏就有更上一层楼的软件。SeekEasy是CorrelationSystems公司的最新共享软件，推出于1998年10月17日，目前版本是836．其主要功能就是Findtextstringsefficiently—evenifyoursearchquerydoesn’tcorrelateexactly（即使搜索目标不是精确	http://sso.cdclib.org/interlibSSO/goto/6/=06190596Z93/kcms/detail/detail.aspx?dbCode=cjfq&filename=RJSJ199802185&dbname=CJFD9498
电子振铃程序eRing		软件世界	1998	1998年02期	几乎所有的网友都遇到过这样的问题；因为利用唯一的一条电话线路上网，导致朋友的电话打不进来。轻者影响朋友之间的联系，重者甚至会耽误关键的事情．难道上网和接电话真的是鱼和熊掌不可兼得吗？eRing程序对此说不。eRing程序目前版本是105其主要功能就是ReceivephonecallsonyourPCwithoutasecondline（不用第二条电话线路就能够在PC上接电话）。说实在的，这个评价根本就不确切。实际上，eRing程序允许正在上网的用户直接在个人计算机上接听打入的电话，期间不必断开同网络连接以腾出电话线路。因此，有了eRing程序后，办公室中就不必再架设第二条电话线路了，上网和接电	http://sso.cdclib.org/interlibSSO/goto/6/=06190596Z93/kcms/detail/detail.aspx?dbCode=cjfq&filename=RJSJ199802186&dbname=CJFD9498
自动执行任务的Timeron程序		软件世界	1998	1998年02期	可以肯定，大多数具有防患于未然意识的用户，都有定期备份数据文件的习惯。原来在DOS环境下写作。由于使用的是批文件，每次写作结束时，都能够自动提醒备份当前编辑的文件。转移到Windows平台上写作以后，这种批文件过程一时不太好实现了，因此就常常忘记应该进行的备份操作，于是一些宝贵的数据文件的命运就掌握在硬盘质量和病毒的手里了．因此有一个最简单的需要，希望每周计算机自动提醒备份一周以来的作品．如果有有TimerOn程序，这个愿望可望得到实现．TimerOn皇Computerama公司1998年10月16日推出的共享软件，目前版本是30．可以到Download站点搜索下载．下载对象是timeronz	http://sso.cdclib.org/interlibSSO/goto/6/=06190596Z93/kcms/detail/detail.aspx?dbCode=cjfq&filename=RJSJ199802187&dbname=CJFD9498
吝啬鬼上网──10种上网计费计时软件比较		软件世界	1998	1998年02期	中文上网计费软件我已经赢得“节俭“的美名，我知道自己每一分钱的去向。支出每一分钱都是对我内心最深处的伤害，我靠这种本能的痛苦减少支出的额度和次数．我明明知道算计并不增加收入，却不愿改掉这个习惯。我坐出租车时，一定要牢牢盯住计价器；而我上网的时候，就肯定要用计费软件，严格控制上网费和电话费．仅以我专业的目光，审视10种上网计费时软件，逐一评价，供广大爱财如我者参考。那些用公家电话、公家帐号的人，就不要在我的文章上浪费时间了。上网计费计时软件大多是个人写的免费软件或共享软件我就只从功能和应用的角度来考察，其他的方面就不深究了．作者的自我吹嘘：她可能是你目前能找到的最好的中文上网计费软件！iWatc	http://sso.cdclib.org/interlibSSO/goto/6/=06190596Z93/kcms/detail/detail.aspx?dbCode=cjfq&filename=RJSJ199802193&dbname=CJFD9498
硬盘整盘复制拷贝技术		软件世界	1998	1998年01期	对普通电脑用户而言．实现软盘的整盘复制拷贝是一件轻而易举的事情DOSW．fld0WSUNIX等各种操作系统下的软盘复制拷贝专用软件工具随处可见可信手拈来帮助大家实现软盘与软一盘之间的复制与拷贝．但是。要实现硬盘．与硬盘之间的整盘复制与拷贝、就不是一件很容易的事7．但在现实中由于硬盘升级硬盘备份硬盘择作系统迁移顶装机等很多原因．我们常常需要将一个硬盘的整盘内容全部自制到另一个硬盘上这就要求我们掌握好一种或数种硬盘复制方法．T面笔者根据自己的实践将硬盘整盘复制拷贝方法整理介绍出来希望对大家有所得益．在复制拷贝前需要做好如下准备工作首先必须将你新的硬盘（目标盘）跳线开关置于从盘（SLAVE盘》位良作	http://sso.cdclib.org/interlibSSO/goto/6/=06190596Z93/kcms/detail/detail.aspx?dbCode=cjfq&filename=RJSJ199801112&dbname=CJFD9498
几种常用压缩工具软件简介		软件世界	1996	1996年10期	<正> 压缩软件是一类用于磁盘管理的工具软件,它能够帮助用户减少数据占用的存储空间,使用户能够有效合理地管理自己的磁盘。现在各种应用软件及支持文件日见庞大,为了有效地节省存储空间,提高微机的利用率,压缩工具软件日益受到人们的重视。 压缩工具软件出现较晚,它一开始是为了使公用广告牌系统(BBS)中的数据传递更迅速、更便宜而设计的。1985年System Enhancement Associates(SEA)公司首先发表了ARC软件,它能够产生被压缩过的文件的库,并且可从不同的压缩算法中挑出最优的算法对不同的文件进行压缩,当时ARC是标准化的压缩软件模式,直到1989年PKWARE公司的。ZIP系列压	http://sso.cdclib.org/interlibSSO/goto/6/=06190596Z93/kcms/detail/detail.aspx?dbCode=cjfq&filename=RJSJ199610043&dbname=CJFD9498
三大图像浏览工具之比较		软件世界	1996	1996年09期	<正> QPEG、CSHOW、WPIC是当前最流行的三种图像浏览工具。三者均具有图像显示、管理功能,(其中VPIC还有图像转换功能)。就其功能来说,它们各有千秋,但依笔者之见,QPEG更胜一筹。三者简要比较如下:	http://sso.cdclib.org/interlibSSO/goto/6/=06190596Z93/kcms/detail/detail.aspx?dbCode=cjfq&filename=RJSJ199609032&dbname=CJFD9498
大连王特公司新举措——《王特绿色MIS》4.0共享软件推广发行		软件世界	1996	1996年06期	<正> 最近,大连王特电子技术有限公司宣布把正在市场非常走红的产品《王特绿色MIS》4.0版作为共享软件在全国推广发行,几乎同时又推出新产品《王特绿色MIS》精华版,使王特公司立即成为瞩目的焦点,在市场上引起强烈反响。 大连王特公司的迅速崛起是从去年8月份推出《王特绿色MIS》3.0版开始的,在不到一年的时间里又推出新产品《王特绿色MIS》4.0,目前又推出精华版。公司靠产品的优秀性能赢得了用户的青睐,取得了	http://sso.cdclib.org/interlibSSO/goto/6/=06190596Z93/kcms/detail/detail.aspx?dbCode=cjfq&filename=RJSJ199606039&dbname=CJFD9498
用于上网计费的三个软件		软件世界	1997	1997年Z1期	编辑按语：这是个以服务为宗旨的栏目！本栏目分实用软件、游戏软件、影视精品、休闲园地四部分，介绍网上提供的实用软件、游戏软件、影视节目、休闲等既有用又有趣的内容，目的是为读者工作、生活提供帮助，同时也使读者进一步了解Internet丰富的网上资源。对于本栏目介绍的共享软件和免费软件，本刊开展了一项邮购服务，考虑联网和邮寄的费用，每张磁盘邮购价为20元，具体请参见栏目中的介绍。邮购地址：（10220）d匕京1038信箱伙伴世刚杂志社。用于上网计费的三个软件八家在使用因特网时件件很注意自己的＊网时间和花费。这出要介绍的几个软件就是守门为计算回特网使用时间和费用而编’5的。有些软件的功能已经超出厂简单	http://sso.cdclib.org/interlibSSO/goto/6/=06190596Z93/kcms/detail/detail.aspx?dbCode=cjfq&filename=RJSJ1997Z1021&dbname=CJFD9498
网上围棋		软件世界	1997	1997年Z1期	什么游戏最耐玩，是《C＆Ct还是《孟神之锤》？其实都、是，最好功的游戏就是F棋。棋是智力游戏之王，九棋中的h中Z肝就足——围棋。相传我们的祖先轩辕黄帝无意之小画卜了十l条横线十七条坚线，这无意中的发明却造就出无数的传奇：从四十二千镇神又，一手解双优到呕血局；从范西屏、施襄夏的当湖十周到李马的世纪之战；从陈祖德的《超越自我》的信条到宏基老板施振荣的”生意就像围棋，就算有输有赢，但也要固守一块地盘，不要赶尽杀绝”的经营理念。围棋对个我们中国人来说已经远远超出了它的娱乐的功能，它是一种理念，一种生活的态度，～种生命的哲学。当人们为IBM的深蓝战胜世界国际象棋冠军卡斯帕罗大而惊叹的同时，我想IBM的人	http://sso.cdclib.org/interlibSSO/goto/6/=06190596Z93/kcms/detail/detail.aspx?dbCode=cjfq&filename=RJSJ1997Z1024&dbname=CJFD9498
共享软件集粹──Internet工具		软件世界	1997	1997年Z1期	一般人上网冲浪，它要使用的工具都不外乎洲览器、FTP工具,电子购件管理软件等。其文除此之外，还句些非常实用的小软件，用好它们．可以大人节省上网的费用呢！例如高线测资器能够自动厂载网址内容，供你在离城状态厂慢慢则览；E－Fax软件可以在Internet发送Fax，比普通Fax节约费et30％～50％。下面找给大家介绍些好的Interned具。1．EmailFerret用E-mails人联系，方便又快捷，但是有时候不知道对方的E－mail地址．怎么办？试试EmailFerret。刊m它一可以找到Internet上任何人、任何公时的E-mails地址。这个文件的名efft111.exe由Ferret	http://sso.cdclib.org/interlibSSO/goto/6/=06190596Z93/kcms/detail/detail.aspx?dbCode=cjfq&filename=RJSJ1997Z1033&dbname=CJFD9498
反病毒软件F-PROT2.21		软件世界	1997	1997年04期	一、概述F－PROT是由冰岛FriskSoftwareInternational公司推出的集预防、查解病毒于一体，功能齐全的反病毒软件，目前在国际上比较流行，而国内的F－PROT多为旧版本，新版本的介绍极少见到，本文介绍较新的2．21版。F－PROT2．21可查解187O个病毒家族，每个病毒家族包括1－150种病毒，将其Virustopexe程序驻日内存还可预防病毒。可用于DOS‘WINDOWS系统，全菜单形式，操作简单方便。F－PROT2．21版属共享软件，对个人用户是免费的，只对公司、机构等用户收费。该以司定期将新的病毒代码加入程序，每两个月升级一次，用户可通过Intetnet获取该软件及	http://sso.cdclib.org/interlibSSO/goto/6/=06190596Z93/kcms/detail/detail.aspx?dbCode=cjfq&filename=RJSJ199704034&dbname=CJFD9498
第二批共享软件清单		软件世界	1995	1995年01期	<正> 本批共享软件用压缩方式存放在2张高密盘中,每片收取15元工本费(包括邮寄费在内;不需邮寄者,每张10元),自带软盘拷贝者每张收取2元拷盘费。需软件者应先入网,入网和拷贝、购买软件请与自由软件联谊网业务部联系,详细地址是:	http://sso.cdclib.org/interlibSSO/goto/6/=06190596Z93/kcms/detail/detail.aspx?dbCode=cjfq&filename=RJSJ199501028&dbname=CJFD9498
SaaS八大误读		软件世界	2008	2008年10期	SaaS 真的是业界鼓吹的那样吗?它真的是服务?它和云计算有关……看来未必,那就让我们还原出 SaaS 的真相来。	http://sso.cdclib.org/interlibSSO/goto/6/=06190596Z93/kcms/detail/detail.aspx?dbCode=cjfq&filename=RJSJ200810034&dbname=CJFDHIS
共享软件的资源利用及许可证协议		信息系统工程	1997	1997年07期	<正> 共享软件的概念对我国广大用户也开始熟悉起来了。而共享软件在我国的流传已有数年历史。但是,对于什么叫共享软件,共享软件的价值是什么,共享软件开发和流行的价值是什么,如何发展我国的共享软件,如何利用共享软件资源,共享软件的法律保护等问题,国内还很少论述。本文试图对这些问题作一些初步论述并提出一些看法。	http://sso.cdclib.org/interlibSSO/goto/6/=06190596Z93/kcms/detail/detail.aspx?dbCode=cjfq&filename=XXXT199707030&dbname=CJFD9498
多媒体会议电视系统的技术标准		信息系统工程	1999	1999年10期	<正> 信息技术的高速发展极大地影响着人类社会的工作方式和生活方式,许多新的应用不断出现,多媒体会议电视就是近年来兴起的一种新的多媒体通信方式。 多媒体会议电视系统是一种由多方用户参与,会议过程使用声音、图像、文字、数据等多媒体信息的网上业务,具有实时性和交互性的特点。通过会议电视系统,身处异地的人们可以进行面对面的会议和讨论,不仅可以听到对方的声音,更可以看到对方的表情、动作,还可以传送相关数据资料,实现共享软件应用等更高层次的应用。会议电视对于及时召开工作会议、发布重要信息、节	http://sso.cdclib.org/interlibSSO/goto/6/=06190596Z93/kcms/detail/detail.aspx?dbCode=cjfq&filename=XXXT199910024&dbname=CJFD9902
偷窥时代已经到来		信息系统工程	2004	2004年09期	平均每台电脑里面就有36.5个Spyware,他们在悄无声息的窃取个人和企业的敏感数据。遗憾的是,目前还没有合适的法律法规来惩治他们。	http://sso.cdclib.org/interlibSSO/goto/6/=06190596Z93/kcms/detail/detail.aspx?dbCode=cjfq&filename=XXXT200409012&dbname=CJFD0305
基于Visual BASIC的U盘物理信息获取方法		信息系统工程	2010	2010年05期	基于Visual BASIC环境,针对目前性价比高、可移动性强的U盘,给出其物理信息析出算法。该方法在软件保护和共享软件注册等方面具有一定的应用市场。	http://sso.cdclib.org/interlibSSO/goto/6/=06190596Z93/kcms/detail/detail.aspx?dbCode=cjfq&filename=XXXT201005014&dbname=CJFD0910
PC上的历史符号 共享软件 历经数载看兴衰		信息系统工程	2005	2005年11期	IT历史上,不乏一些短小精悍,让人记忆深刻的共享软件。曾经辉煌过的,有些已显夕阳残色,有些则仍续写着神话。能够历经十几年仍然在PC上占有一席之地,就足以使得他们有资格成为PC历史上的一个符号。	http://sso.cdclib.org/interlibSSO/goto/6/=06190596Z93/kcms/detail/detail.aspx?dbCode=cjfq&filename=XXXT200511030&dbname=CJFD0305
流氓软件:监管盲区难“缚虎”		信息系统工程	2006	2006年10期	对于流氓软件,大多数用户都有过被“绑架”的经历。随便启动一台电脑,总会发现一些从未安装过的软件堂而皇之地开始运行;打开网络浏览器,地址栏旁边出现陌生的插件,“热心”地帮你干这干那;正在紧张地工作,忽然系统变得慢如蜗牛,不一会儿弹出几个令人尴尬的广告框……目前,有关流氓软件的认识,很多人归结为两点:悄悄装在电脑里,想删却又删不掉。这大概是用户最深刻的印象。但事实上,真正流氓软件的危害并不止与此,特别是企业级的IT安全,如果不对流氓软件进行针对性防御,就有可能造成不亚于病毒的影响。“流氓”危害日趋严重在国内,流氓软件有愈演愈烈之势。其种类繁多,根据对用户电脑产生影响的不同,大致可分为浏览器劫持软件	http://sso.cdclib.org/interlibSSO/goto/6/=06190596Z93/kcms/detail/detail.aspx?dbCode=cjfq&filename=XXXT200610032&dbname=CJFD0608
中小企业共享软件国际化服务管理系统的研究		信息系统工程	2014	2014年03期	"针对中小软件企业共享软件出口产业链存在的瓶颈问题,通过研发共享软件国际化服务管理系统平台,解决共享软件出口产业链中的关键性问题,采用J2EE分布式多层应用架构,提出构建共享软件出口B2C在线信息管理与交易结算平台、共享软件出口包装服务体系、共享软件出口在线代销商服务体系以及共享软件出口人才培训体系等""一平台三体系""的解决方法,并为处于产业集群和商业集群核心地位的中小企业提供公共服务,使各产业环节专业化、规模化,从而达到扶持产业发展和最终形成共享软件出口产业集群。"	http://sso.cdclib.org/interlibSSO/goto/6/=06190596Z93/kcms/detail/detail.aspx?dbCode=cjfq&filename=XXXT201403031&dbname=CJFDLAST2014
寻找软件营销的“丝绸之路”——中国软件全球营销论坛(Chinese Software Global Summit)召开		程序员	2009	2009年07期	<正>9年前,中国共享软件的先驱打开海外市场,平均月入一辆宝马;而9年后的今天,他们已经月入500万美元,平均每月赚取200辆宝马。这不是神话,而是每天都发生在身边的事实。如今,全球软件产业依旧在飞速地变化和发展,而不变的是其中逐渐	http://sso.cdclib.org/interlibSSO/goto/6/=06190596Z93/kcms/detail/detail.aspx?dbCode=cjfq&filename=ITSJ200907027&dbname=CJFD0910
蜕变,程序员转型的故事		程序员	2006	2006年09期	转型是国内程序员最为关注的话题之一。本刊编辑部为此专门做了广泛调查,相信可以带给面临此类困惑的人们一些启示和思考。	http://sso.cdclib.org/interlibSSO/goto/6/=06190596Z93/kcms/detail/detail.aspx?dbCode=cjfq&filename=ITSJ200609015&dbname=CJFD0608
Made in China中国共享软件飙升世界		程序员	2006	2006年09期	中国共享软件国际论坛如期召开,全球最大的共享软件分销商Digital River派出包括副总裁在内的15名员工参加会议。仅此一斑,便知中国共享软件在全球的地位变得不可小窥。	http://sso.cdclib.org/interlibSSO/goto/6/=06190596Z93/kcms/detail/detail.aspx?dbCode=cjfq&filename=ITSJ200609021&dbname=CJFD0608
共享软件第二次浪潮		程序员	2006	2006年01期	<正>2003年刚过,从硅谷归来的邹胜龙和程浩带着一个想法回到深圳,他们要做的是一款下载软件。与第一代风光无限的下载软件网络蚂蚁和FlashGet不同,他们的目标要宏大的多,因为他们一开始就以十万元注册了公司,这个软件叫迅雷。十八个月过后,迅冒已经占据了下载软件市场的半壁江山,同时在资本市场上,	http://sso.cdclib.org/interlibSSO/goto/6/=06190596Z93/kcms/detail/detail.aspx?dbCode=cjfq&filename=ITSJ200601014&dbname=CJFD0608
到国外 做开发		程序员	2007	2007年10期	"<正>2000年《程序员》试刊号01期上,一篇名为《到美国去,挣美元!》的专访,引起了不小的轰动,""美国""、""美元""刺激着程序员们的眼球,也催生了一批通过共享软件走出去创汇的""勇士""。时间流转,7年后,虽然共享软件经历过疯狂后走向平稳,在软件全球化的大潮中,却有更多的程序员走出国门,这种机遇是如何产生的?这种需求出现的最终目的是什么?理清这些问题,有必要先抛开软件开发,从中国经济大背景谈起。"	http://sso.cdclib.org/interlibSSO/goto/6/=06190596Z93/kcms/detail/detail.aspx?dbCode=cjfq&filename=ITSJ200710023&dbname=CJFD0608
2．0时代的软件商业模式SaaS		程序员	2007	2007年10期	<正>今天的软件和以前不一样,在2.0时代,传统的套装软件、共享软件、开源软件都发生了极大变化。除了带宽、计算能力以及存储能力等多种基础设施的不断提高以外,软件本身的功能和作用也有了天翻地覆的变化。	http://sso.cdclib.org/interlibSSO/goto/6/=06190596Z93/kcms/detail/detail.aspx?dbCode=cjfq&filename=ITSJ200710034&dbname=CJFD0608
SaaS重构商业模式		程序员	2007	2007年10期	<正>在今天这个到处都是2.0的时候,所有的软件技术都在以飞快的速度跨向2.0时代。从Web 2.0到企业2.0,从工具2.0到计算2.0,每一项技术的进步、每一个产品的版本更新,都代表它们对多年来技术的总结与沉淀。	http://sso.cdclib.org/interlibSSO/goto/6/=06190596Z93/kcms/detail/detail.aspx?dbCode=cjfq&filename=ITSJ200710036&dbname=CJFD0608
中国共享软件之路		程序员	2007	2007年09期	"所谓共享软件,即以""先使用后付费""的方式销售的享有版权的软件。最近随着共享软件的销售模式被许多商业软件沿袭,加上绿色软件、开源软件的盛行以及各种盗版势力屡禁不绝,共享软件的生存空间看上去似乎举步唯艰了,它的生存状态到底如何?它的出路和前景何在?"	http://sso.cdclib.org/interlibSSO/goto/6/=06190596Z93/kcms/detail/detail.aspx?dbCode=cjfq&filename=ITSJ200709022&dbname=CJFD0608
邓世强：摸着石头过河		程序员	2007	2007年09期	<正>如果把共享软件的生命周期分为:早期、发展期、黄金期、衰退期……万能五笔应该算是正处于尴尬的衰退期,从1998年的万能码起家,到1999年推出万能五笔,邓世强经历了国内共享软件的崛起、鼎盛、衰退再趋于平稳的过程。	http://sso.cdclib.org/interlibSSO/goto/6/=06190596Z93/kcms/detail/detail.aspx?dbCode=cjfq&filename=ITSJ200709024&dbname=CJFD0608
PPStream：走适合自己的道路		程序员	2007	2007年09期	<正>如果非得严格地定义共享软件的话,PPStream应该不能算是一个共享软件,而应被划到免费软件的那一边,但在共享软件定义逐渐模糊的今天,大量的共享软件也开始探索着走向免费的道路,共享软件更大的意义变成一种软件的销售和推广模式,而不是软件本身。这样,PPStream的故事就非常值得一说了。	http://sso.cdclib.org/interlibSSO/goto/6/=06190596Z93/kcms/detail/detail.aspx?dbCode=cjfq&filename=ITSJ200709025&dbname=CJFD0608
共享软件的开发和营销策略		程序员	2007	2007年09期	<正>共享软件和服务网站正变得越来越像,很多Web 2.0网站实际上和共享软件有相同的本质,只是外在表现形式不同而已,现在有一个时髦的名词是SaaS(软件即服务),说软件正变得越来越像一个网络服务,因此,对于软件和网站的规划和营销应该是同样的思路和方法。	http://sso.cdclib.org/interlibSSO/goto/6/=06190596Z93/kcms/detail/detail.aspx?dbCode=cjfq&filename=ITSJ200709026&dbname=CJFD0608
中国共享软件新趋势		程序员	2007	2007年09期	"<正>5年前,共享软件热潮刚兴起时,我曾写过一篇题为《共享软件的产业化》的文章,关于中国共享软件的发展方向,我在文中提到了""三化""——商业化、规模化和国际化。时隔5年,目前全球的共享软件市场已经发生了不小的变化,共享软件的定义,也在逐渐弱化,美国历史最悠久的共享软件大会Shareware Industry Conference今年也更名为Software Industry Conference。之所以发生这样的变化,是因为目前几乎所有软件都在采用共"	http://sso.cdclib.org/interlibSSO/goto/6/=06190596Z93/kcms/detail/detail.aspx?dbCode=cjfq&filename=ITSJ200709027&dbname=CJFD0608
WinZIP创始人——Philip Katz		程序员	2005	2005年12期	<正> Philip Katz.这个英年早逝惨淡一生的程序员,天才地缔造了ZIP这种压缩文件格式和Internet历史上最有名的共享软件之一——WinZIP。缔造了自由软	http://sso.cdclib.org/interlibSSO/goto/6/=06190596Z93/kcms/detail/detail.aspx?dbCode=cjfq&filename=ITSJ200512000&dbname=CJFD0305
对话周鸿祎:从程序员创业谈起		程序员	2005	2005年11期	<正> 离开雅虎中国后的周鸿祎现在的身份是IDGVC的投资合伙人,做风险投资的他自然对创业有着说不完的话题。由于周鸿祎出身程序员,也一直是本刊的忠实读者,他希望一方面站在投资商的角度,同时以一种过来人的身份来探讨“程序员创业”这个话题。	http://sso.cdclib.org/interlibSSO/goto/6/=06190596Z93/kcms/detail/detail.aspx?dbCode=cjfq&filename=ITSJ200511015&dbname=CJFD0305
展示程序员文化2001.10-2002.09		程序员	2005	2005年10期	<正> 时间走到2001年的时候,杂志已经开始在市场上有更大的影响力。作为杂志的记者,当我们约采访的时候就能够感受到比以前更加顺利。更多的人表示听说过这本杂志了。这时,杂志的人文色彩得到最广阔的展示,对程序员的理解从原来最初级共享软件逐渐扩展出更大的范围,逐渐了解到其实程序员是一个社会群体。他们需要有自己的认同感,需要找到	http://sso.cdclib.org/interlibSSO/goto/6/=06190596Z93/kcms/detail/detail.aspx?dbCode=cjfq&filename=ITSJ200510021&dbname=CJFD0305
Justin Frankel Winamp的反斗奇星		程序员	2005	2005年03期	<正> 你肯定用过他的产品——Winamp,但你不一定知道他是谁。他叫Justin Frankel,27岁的美国小伙子,Winamp 是他19岁时的杰作。他像 BillGates 一样年少得志.但却没有选择走 BillGates 那样的道路。他不断地为后来的雇主 AOL 制造麻烦,但又不断地涌出奇思妙想。创造各种软件工具。与 Bill Gates 一样,Frankel 出生在一个中产家庭。在 Frankel 很小的时候,他的哥哥开始在 Atari 800XL(比任天堂还早的家庭电视游戏机)上编写小程序,这激起了他对 BASIC 的兴趣。从此一发不可收拾,小 Frankel 接着又学习了 Turbo Pascal,Turbo C++和 C。这些编程技能最终让他成为所在高中的网络管理员,那时他还为同学写邮件应用程序以及按键日志程序。这个按键日志程序可以记录人们在使用计算机时敲击过的字母、数字等。那时他就为自己的软件起名为“Nullsoft”,这是为了嘲讽 Microsoft,后来这也成为	http://sso.cdclib.org/interlibSSO/goto/6/=06190596Z93/kcms/detail/detail.aspx?dbCode=cjfq&filename=ITSJ200503001&dbname=CJFD0305
Niklas Zennstrom:P2P会战中的维京战士		程序员	2004	2004年07期	<正> Niklas Zennstrom,36岁,瑞典人。乍一看,他是一个典型的斯堪的纳维亚人,腼腆沉静,精于思考;可就是这样一个人,在一系列的P2P的会战中生猛得像一个维京战士。Kazaa战役Kazaa跟Napster一样,是一种基于P2P技术的音乐文件共享软件。2000年秋季,Niklas Zennstrom和Janus Friis在荷兰阿姆斯特丹的一个小办公室里进行了Kazaa的开发工作,并在网上试运行。起初,他们预料可能只会有几千人对他	http://sso.cdclib.org/interlibSSO/goto/6/=06190596Z93/kcms/detail/detail.aspx?dbCode=cjfq&filename=ITSJ200407000&dbname=CJFD0305
叛逆的创新者和忠诚的追随者		程序员	2004	2004年01期	<正> 最近在看梁肇新先生的《编程高手箴言》,书中技术方面写得非常好,受益匪浅。但有些地方表达的情绪却让我觉得心里堵堵的,比如Intel太“笨拙”,微软工具多“垃圾”,MFC是为了“不再产生高手”,VC++是为了“促销大硬盘”等等言语。不过看起来作者还是在使用Intel Inside的机器,使用微软的Visual C++编程,这不禁让我产生了一些感想。	http://sso.cdclib.org/interlibSSO/goto/6/=06190596Z93/kcms/detail/detail.aspx?dbCode=cjfq&filename=ITSJ200401015&dbname=CJFD0305
红杏要出墙		程序员	2010	2010年10期	<正> 网上曾流行一句话:住英国房子,用中国厨师,娶日本女人,拿美国工资。这是对理想生存状态的一种向往,而且大家都明白最后一句才是前面三句的前提。你是否也曾经像我这般迷惑过:同一种工作	http://sso.cdclib.org/interlibSSO/goto/6/=06190596Z93/kcms/detail/detail.aspx?dbCode=cjfq&filename=ITSJ201010075&dbname=CJFD0910
怎样设计出高转化率的网站		程序员	2010	2010年07期	转化率(Conversion Rate),指的是网站的访问量与特定的网站行为动作的比率。对于电子商务网站来说,一般就是定单数与访问量的比率;对于社区论坛来说,可以是完成注册数与访问量的比率。例如一个共享软件销售网站,100个IP中,有5个IP购买了产品,那么这个购买转化率就是5%。所以研究如何提升用户转化效率对于互联网产品设计和运营,有极其重要的意义。	http://sso.cdclib.org/interlibSSO/goto/6/=06190596Z93/kcms/detail/detail.aspx?dbCode=cjfq&filename=ITSJ201007035&dbname=CJFD0910
加密与解密		程序员	2003	2003年09期	<正> 自计算机诞生之日起,其技术的发展可谓日新月异的,各种新技术、新思路不断涌现。成千上万的共享软件和商业软件越来越庞大,技术内涵也日趋复杂。一款优秀的软件,其技术秘密往往成为他人窃取的重点。为了保护自己辛辛苦苦开发的软件不轻易被他人“借鉴”,作为软件开发人员,有必要对软件加密和解密方面进行研究。软件的加密技术与解密技术是矛与盾的关系,它们是在互相斗争中发展进步的。两者在技术上的较量归根到底是一种利益的冲突。软件开发者为了维护自身的商业利益,不断地寻找各种有效的技术来保护自身的软件版权,推	http://sso.cdclib.org/interlibSSO/goto/6/=06190596Z93/kcms/detail/detail.aspx?dbCode=cjfq&filename=ITSJ200309013&dbname=CJFD0305
加密与解密发展历史		程序员	2003	2003年09期	<正> 我们通常是随着操作系统的不断升级相适应的软件,所以划分软件加解密的发展历史就是操作系统发展的历史。 1.DOS时期这个时代的软件主要是正式版和功能不全的Demo版以及一些磁盘防拷贝保护,很少有所谓的共享软件(Shareware)。所以DOS时代所谓的解密通常是去掉软件中的某些限制或是跳过原版磁盘检查,然后通过广大业余的BBS提供下载。但值得一提的是这个时代的软件由于16位操作系统很容易接触到系统底层的原因导致	http://sso.cdclib.org/interlibSSO/goto/6/=06190596Z93/kcms/detail/detail.aspx?dbCode=cjfq&filename=ITSJ200309014&dbname=CJFD0305
为什么要掌握加密与解密技术		程序员	2003	2003年09期	<正> 现阶段软件作者必须掌握一定的加密技术,以避免犯一些常识性的错误。但由于软件保护方面的资料极其缺乏,使得软件作者在软件保护上无从下手。	http://sso.cdclib.org/interlibSSO/goto/6/=06190596Z93/kcms/detail/detail.aspx?dbCode=cjfq&filename=ITSJ200309039&dbname=CJFD0305
重构之维——关于重构及《重构》的随想		程序员	2003	2003年07期	<正> 我很少给自己参与其中的书籍做评论,因为这样的评论会同时失去公允和陌生感,而这两者恰好都是优秀书评的要素。对于这本即将出版的《重构》,我也有同样的尴尬。如果重新拿起这本书,在查找“重构细目”之前,我会想些什么呢?既然已经没有评论的可能,我就邀读者分享这些凌乱的思绪吧。曾经多次与朋友谈起,翻译是一项有趣的工作,而以译	http://sso.cdclib.org/interlibSSO/goto/6/=06190596Z93/kcms/detail/detail.aspx?dbCode=cjfq&filename=ITSJ200307029&dbname=CJFD0305
软件创富		程序员	2003	2003年05期	<正> 这些年IT产业发展迅猛,很多人都认为计算机行业工资高,工作好找,加上前两年.COM和风险投资搞得人心更加浮躁,心气高一点的虽然还不敢梦想和比尔-盖茨斗富,但总想着三五年挣个百十来万不成问题吧,等到告别学校走上工作岗位才发现,在中国这一行并不那么好做。大部分时间都坐在电脑前面,又要不断学习,又要拼命加班。给人打工总觉得受到资本家压榨,想要创业却又缺乏资金,而且市场竞争又如此激烈,搞软件到底还有没有发展前途?这个本来应该没有疑问的问题,却成了很多读者关心的焦点。我们在去年年初出了一本《软件创富》的书籍,主要介绍共享软件开发的故事,原来的出版计划是把软件创富做成一个系列,接下来想介绍开发通用软件,行业软件以及系统集成软件的各种企业创业和成长的故事。	http://sso.cdclib.org/interlibSSO/goto/6/=06190596Z93/kcms/detail/detail.aspx?dbCode=cjfq&filename=ITSJ200305000&dbname=CJFD0305
共享软件产业全扫描		程序员	2003	2003年05期	<正> 从电子邮件中可以清楚地看到洪以容复杂的心情。这位国内最早的共享软件之一网路蚂蚁的作者躲在上海的一座公寓里写道:“我现在不想露面,怕被骂,因为网路蚂蚁已经很长时间没有更新版本了,而且支持信箱也因为垃圾信太多已经放弃了。”不过他又说:“我现在还在从事其他类型共享软件的开发。”事实上,早在两年前,当洪以容发现国外共享软件作为软件业的分支,已经拥有了完整的运行机制和相关的配套服务时,他曾表示,自己的理想不仅仅是做好网络蚂蚁这个软件,而是希望将这套机制引进到中国来,推动共享软件在国内成为稳定和成熟的产业。两年多过去了,国产共享软件的声音从喧嚣归于平静。洪以容的理想在多大程度上实现了呢?	http://sso.cdclib.org/interlibSSO/goto/6/=06190596Z93/kcms/detail/detail.aspx?dbCode=cjfq&filename=ITSJ200305008&dbname=CJFD0305
情系互联网的程序员		程序员	2003	2003年03期	<正> 张研,是一位知名的共享软件作者,1998年通过Update Now被广大软件用户所熟悉。1999年3月份他加盟实达铭泰,参与了Soyou网站的开发,而后又自己创建中华商务网。现在张研在西单商场股份有限公司控股的B2C网站Igo5担任技术总监。张研所走过的路,可以说是早期共享软件作者经过互联网洗礼后重归平静,走向技术管理的典型代表。	http://sso.cdclib.org/interlibSSO/goto/6/=06190596Z93/kcms/detail/detail.aspx?dbCode=cjfq&filename=ITSJ200303009&dbname=CJFD0305
销售网站塑身四法		程序员	2002	2002年09期	对于共享软件作者,软件的网站是自己销售产品的窗口。共享软件网站有两类访问者:搜索引擎爬虫和潜在客尸。一个好的共享软件网站需要两者兼顾,既依赖于更高的搜索引擎排名以提高访问量,又直接关联于精心设计的网站页面布局以促使访问者购买软件。本文主要从后者出发,讲述如何利用网站吸引用户的购买欲望。本文取材于共享软件TopStyle (WWW.bradsoft.com)的作者Nick Bradbury在SIA 2002盛会上的演讲稿和幻灯片译者本人作为SIA 2002提名软件的作者,虽未能亲赴S1A 2002现场,但有幸得到了Nick先生的演讲稿。为使国内更多共享软件作者走向海外,译者整理了Nick的演讲稿和幻灯片,希望对大家有所帮助。	http://sso.cdclib.org/interlibSSO/goto/6/=06190596Z93/kcms/detail/detail.aspx?dbCode=cjfq&filename=ITSJ200209009&dbname=CJFD9902
共享软件走向海外实施手记(下)		程序员	2002	2002年08期	<正> 5.做好用户调查当你花了精力提交搜索引擎、下载站后,当你投了很多钱做广告后,你一定想知道效果。这就得靠用户调查表了。每当有用户注册,我都会复制一份调查表发给他。虽然不是每个用户都会回,但是毫无疑问你将获得尽量多的信息。下面附上我的用户调查表。	http://sso.cdclib.org/interlibSSO/goto/6/=06190596Z93/kcms/detail/detail.aspx?dbCode=cjfq&filename=ITSJ200208013&dbname=CJFD9902
共享软件走向海外实施手记(上)		程序员	2002	2002年07期	<正> 我于2001年2月底开始做海外市场。当时刚看完周奕的《中国共享软件如何进军国际市场完全指导手册》,于是花了一天的时间赶制出一个软件来进行试验,那时的月均收入大概是＄30。去年暑假,我又推出了一个新软件,然而收效甚微;与此同时,我开始了第一个软件的升级工作。2002年2月,升级版本终于出炉。我申请了国际域名,租了台位于美国的主机,改善了网站,并且提高了软件价格。想不到奇迹就此发生,二月份的收入(从11日到28日)达到了＄700,三月份＄1300,四月有望达到＄2000。下面就让我来说说这一年多来做共享软件的体验。	http://sso.cdclib.org/interlibSSO/goto/6/=06190596Z93/kcms/detail/detail.aspx?dbCode=cjfq&filename=ITSJ200207012&dbname=CJFD9902
台湾共享软件也疯狂		程序员	2002	2002年06期	自从本刊发表了周奕的故事之后,在国内掀起了共享软件走向海外的热潮。很多程序员开始投身于共享软件的开发和国外的销售,并取得了不俗的业绩。尽管最近本刊这方面的报道少了一些,但实际上我们仍然在密切关注共享软件的发展。今年CSDN和《程序员》杂志还将继续举办共享软件和开发者大会,而且会和美国的共享软件组织进行合作,这无疑是令人鼓舞和期待的一次盛会。本期我们介绍的是来自台湾地区的一个共享软件开发小组,接下来让我们听听他们的开发故事和对当地软件业发展的看法。	http://sso.cdclib.org/interlibSSO/goto/6/=06190596Z93/kcms/detail/detail.aspx?dbCode=cjfq&filename=ITSJ200206004&dbname=CJFD9902
